,names,country,town,village,y_bar,x_bar,cof1,cof2,Nb,Nr,Nt
1,楊長融,宜蘭縣,大同鄉,崙埤村,5,15.33333333,7.40097561,-0.1566,30,47.2604,30
2,楊長融,宜蘭縣,大同鄉,寒溪村,4,10.6,7.06155303,-0.2888,38.1667,24.4514,20
3,楊長融,宜蘭縣,宜蘭市,七結里,0,0,0,NA,0,0,0
4,楊長融,宜蘭縣,宜蘭市,小東里,0.2,0.8,1,-1,1,1,1
5,楊長融,宜蘭縣,宜蘭市,中興里,0.2,0.6,0.5,-0.5,1,1,1
6,楊長融,宜蘭縣,宜蘭市,延平里,2.4,6.4,4.621761658,-0.3472,12,13.3115,12
7,楊長融,宜蘭縣,宜蘭市,東門里,0,0,0,NA,0,0,0
8,楊長融,宜蘭縣,宜蘭市,泰山里,1,3.4,2.976744186,-0.5814,5,5.12,5
9,楊長融,宜蘭縣,宜蘭市,梅洲里,7.4,16.4,9.033105623,-0.0996,37,90.6938,37
10,楊長融,宜蘭縣,員山鄉,湖北村,3.2,9,6.142307692,-0.3269,16,18.7896,16
11,楊長融,宜蘭縣,員山鄉,蓁巷村,4.4,11.6,7.791601866,-0.2924,46.7143,26.6471,22
12,楊長融,宜蘭縣,員山鄉,頭分村,2,7,6.180555556,-0.5972,10,10.3492,10
13,楊長融,宜蘭縣,羅東鎮,南豪里,0.2,0.8,1,-1,1,1,1
14,楊長融,宜蘭縣,羅東鎮,羅莊里,1.4,3.8,2.396341463,-0.2622,7,9.1394,7
15,楊長融,宜蘭縣,蘇澳鎮,永榮里,4,12.6,10.693086,-0.5312,20,20.1301,20
16,楊長融,宜蘭縣,蘇澳鎮,南安里,4.6,9.6,5.564593301,-0.1005,48.2,55.3691,23
17,楊長融,宜蘭縣,蘇澳鎮,南寧里,1.8,5.2,3.489051095,-0.3248,9,10.7422,9
18,楊長融,宜蘭縣,蘇澳鎮,港邊里,3.8,11.4,8.94980695,-0.4517,19,19.8136,19
19,楊長融,宜蘭縣,蘇澳鎮,聖愛里,0.4,1.6,2,-1,2,2,2
20,塗銘鈞,花蓮縣,吉安鄉,仁里村,1.6,3.8,2.507462687,-0.2388,27,10.5003,8
21,塗銘鈞,花蓮縣,吉安鄉,東昌村,10.4,28.6,19.41070503,-0.3151,52,61.6017,52
22,塗銘鈞,花蓮縣,吉安鄉,稻香村,2.6,7.6,5.350746269,-0.3619,25.3333,14.7852,13
23,塗銘鈞,花蓮縣,花蓮市,主安里,1,3,2.166666667,-0.3889,7.5,5.5713,5
24,塗銘鈞,花蓮縣,花蓮市,主信里,0.2,0.2,0.25,-0.25,1,1,1
25,塗銘鈞,花蓮縣,花蓮市,主義里,1,2.8,2.3125,-0.4688,4.8571,4.9328,5
26,塗銘鈞,花蓮縣,花蓮市,主權里,5,12.4,7.485849057,-0.2005,63,37.3359,25
27,塗銘鈞,花蓮縣,花蓮市,民生里,1.8,6.4,5.607594937,-0.5949,29,9.4261,9
28,塗銘鈞,花蓮縣,花蓮市,國盛里,1.2,4.2,3.943548387,-0.6532,7,6.0373,6
29,塗銘鈞,花蓮縣,花蓮市,國福里,14.33333333,49.83333333,27.40139125,-0.2622,86,104.5057,86
30,塗銘鈞,花蓮縣,瑞穗鄉,奇美村,10.8,26.8,16.28677014,-0.2047,60.0513,79.5641,54
31,塗銘鈞,花蓮縣,瑞穗鄉,富源村,9.2,21.2,12.13694268,-0.1385,70.75,87.6314,46
32,塗銘鈞,花蓮縣,瑞穗鄉,瑞美村,5.333333333,15.83333333,7.544864865,-0.1397,46.7857,54.0076,32
33,塗銘鈞,花蓮縣,鳳林鎮,大榮里,9.4,23,14.01678832,-0.2007,56.3871,69.8395,47
34,塗銘鈞,花蓮縣,鳳林鎮,長橋里,6.2,17,12.16015936,-0.3506,41.7857,34.6839,31
35,塗銘鈞,花蓮縣,鳳林鎮,森榮里,3,9.8,9.641566265,-0.6777,13.6389,14.2269,15
36,塗銘鈞,花蓮縣,豐濱鄉,新社村,2.8,9.6,8.810810811,-0.6261,14.3333,14.0725,14
37,塗銘鈞,花蓮縣,豐濱鄉,豐濱村,6.2,18.4,12.46305697,-0.3404,34.1277,36.613,31
38,曹舒瑜,金門縣,金沙鎮,官嶼里,1.6,3.6,2.061946903,-0.1283,8,16.0713,8
39,曹舒瑜,金門縣,金城鎮,西門里,1,2,1.428571429,-0.2143,5.75,6.6662,5
40,曹舒瑜,金門縣,金湖鎮,新市里,2.2,5.6,3.549222798,-0.2409,27,14.7332,11
41,曹舒瑜,金門縣,金湖鎮,瓊林里,0.2,0.6,0.5,-0.5,1,1,1
42,鄭佳鈴,南投縣,竹山鎮,延平里,9.2,21.2,14.36140167,-0.2435,46,58.9791,46
43,鄭佳鈴,南投縣,竹山鎮,社寮里,13.2,29.8,19.3142329,-0.2052,66,94.1239,66
44,鄭佳鈴,南投縣,竹山鎮,雲林里,3.4,7.8,4.779005525,-0.1768,64.5,27.0306,17
45,鄭佳鈴,南投縣,竹山鎮,鯉魚里,7.4,21.2,16.96257916,-0.4511,37,37.6027,37
46,鄭佳鈴,南投縣,南投市,三民里,0.8,2.6,2.065789474,-0.4868,4,4.2436,4
47,鄭佳鈴,南投縣,南投市,千秋里,3,5.8,3.587044534,-0.1012,23.6,35.4451,15
48,鄭佳鈴,南投縣,南投市,永豐里,1.8,3.6,1.935483871,-0.0376,9,51.4756,9
49,鄭佳鈴,南投縣,南投市,光華里,4.2,11.8,7.90523338,-0.314,18.3,25.1759,21
50,鄭佳鈴,南投縣,南投市,鳳鳴里,3.8,8.4,4.725146199,-0.1101,25.7273,42.9169,19
51,鄭佳鈴,南投縣,草屯鎮,上林里,1.2,3.6,2.470588235,-0.3529,6,7.0008,6
52,鄭佳鈴,南投縣,草屯鎮,土城里,1.8,3.6,1.935483871,-0.0376,36,51.4756,9
53,鄭佳鈴,南投縣,草屯鎮,平林里,4.6,13.6,10.58546433,-0.4401,42.3333,24.0524,23
54,鄭佳鈴,南投縣,草屯鎮,新庄里,1.4,3.8,2.396341463,-0.2622,10.3333,9.1394,7
55,鄭佳鈴,南投縣,國姓鄉,長豐村,2,5.4,3.79296875,-0.332,10,11.4246,10
56,鄭佳鈴,南投縣,國姓鄉,南港村,3.2,8.4,5.818181818,-0.3117,16,18.666,16
57,鄭佳鈴,南投縣,國姓鄉,國姓村,4,9,5.320652174,-0.1467,20,36.2689,20
58,鄭佳鈴,南投縣,國姓鄉,福龜村,3.2,8.6,6.417785235,-0.3742,16,17.1507,16
59,鄭佳鈴,南投縣,鹿谷鄉,和雅村,2.2,4.6,2.536585366,-0.0732,11,34.6528,11
60,鄭佳鈴,南投縣,鹿谷鄉,清水村,4.8,12.8,9.216642755,-0.3451,24,26.7072,24
61,鄭佳鈴,南投縣,鹿谷鄉,瑞田村,9.8,27.8,19.79646406,-0.3596,49,55.0513,49
62,鄭佳鈴,南投縣,鹿谷鄉,彰雅村,6.8,18,12.34545455,-0.3081,34,40.0696,34
63,鄭佳鈴,南投縣,集集鎮,田寮里,3.4,8,5.282352941,-0.2353,17,22.4494,17
64,鄭佳鈴,南投縣,集集鎮,吳厝里,6,13.6,8.391559203,-0.1758,30,47.7336,30
65,鄭佳鈴,南投縣,集集鎮,廣明里,10.2,25.6,16.30984695,-0.2387,51,68.3278,51
66,古庭瑜,屏東縣,內埔鄉,上樹村,5,10.8,6.312306101,-0.1215,25,51.9531,25
67,古庭瑜,屏東縣,內埔鄉,建興村,12.5,40.5,20.58592878,-0.1997,75,103.0843,75
68,郭儀芊,屏東縣,內埔鄉,美和村,5.2,13.2,9.31147541,-0.3115,26,29.8924,26
69,郭儀芊,屏東縣,內埔鄉,富田村,7.4,19.8,12.45699162,-0.2554,37,48.7744,37
70,郭儀芊,屏東縣,內埔鄉,義亭村,2.8,8.6,7.916666667,-0.595,67,13.3053,14
71,郭儀芊,屏東縣,內埔鄉,興南村,6.4,17.6,11.34968625,-0.2812,32,40.3616,32
72,郭儀芊,屏東縣,車城鄉,後灣村,5.6,16,12.8,-0.45,27.9091,28.4444,28
73,郭儀芊,屏東縣,車城鄉,射寮村,5.6,12.2,6.658475426,-0.0868,36.5789,76.7105,28
74,古庭瑜,屏東縣,車城鄉,新街村,1.8,5,3.8,-0.4,7.6667,9.5,9
75,古庭瑜,屏東縣,東港鎮,東隆里,2.2,5,2.889655172,-0.1379,11,20.9547,11
76,古庭瑜,屏東縣,東港鎮,興和里,3,7.4,4.688212928,-0.2281,15,20.5533,15
77,郭儀芊,屏東縣,枋寮鄉,內寮村,9.8,27,18.84147465,-0.3349,49.9333,56.26,49
78,古庭瑜,屏東縣,枋寮鄉,安樂村,7,15.8,8.998054475,-0.1265,67.7778,71.1309,35
79,郭儀芊,屏東縣,枋寮鄉,枋寮村,10.6,27,17.12624309,-0.2417,60.4516,70.8574,53
80,郭儀芊,屏東縣,枋寮鄉,隆山村,17,53.33333333,28.9975241,-0.225,102,128.8779,102
81,古庭瑜,屏東縣,林邊鄉,水利村,4.4,12.4,8.769774011,-0.3524,23.3846,24.8859,22
82,郭儀芊,屏東縣,林邊鄉,竹林村,6.8,15.4,9.770344288,-0.1929,34,50.6498,34
83,郭儀芊,屏東縣,林邊鄉,鎮安村,7.666666667,23.5,11.40688787,-0.1592,73.3,71.6513,46
84,郭儀芊,屏東縣,屏東市,一心里,0,0,0,NA,0,0,0
85,郭儀芊,屏東縣,屏東市,大洲里,3.6,8.4,5.154411765,-0.185,18,27.8617,18
86,郭儀芊,屏東縣,屏東市,永昌里,1,3.2,2.945945946,-0.6081,5,4.8445,5
87,郭儀芊,屏東縣,屏東市,玉成里,0.8,2.6,2.891304348,-0.8043,4,3.5948,4
88,郭儀芊,屏東縣,屏東市,和興里,1.6,3.6,2.120481928,-0.1446,27,14.6645,8
89,郭儀芊,屏東縣,屏東市,信和里,8,20.2,13.50818047,-0.2727,40,49.5349,40
90,郭儀芊,屏東縣,屏東市,崇蘭里,2.8,5.8,4.299771167,-0.2586,14,16.6271,14
91,郭儀芊,屏東縣,屏東市,勝利里,1.6,5.6,5.044247788,-0.615,8,8.202,8
92,郭儀芊,屏東縣,屏東市,萬年里,0.8,2,1.2,-0.2,9,6,4
93,古庭瑜,屏東縣,屏東市,橋南里,4.6,12.6,9.692421991,-0.4042,99,23.9793,23
94,郭儀芊,屏東縣,屏東市,豐田里,1.8,4.8,3.256410256,-0.3034,9,10.7331,9
95,古庭瑜,屏東縣,屏東市,豐榮里,2.6,5.2,3.151515152,-0.1061,13,29.7033,13
96,郭儀芊,屏東縣,萬巒鄉,五溝村,3.6,10,6.832323232,-0.3232,17.4583,21.1396,18
97,郭儀芊,屏東縣,萬巒鄉,佳佐村,11.8,28.6,17.27521056,-0.1914,68.8333,90.2571,59
98,郭儀芊,屏東縣,萬巒鄉,泗溝村,5.4,15,11.11917808,-0.3813,29.04,29.1612,27
99,古庭瑜,屏東縣,萬巒鄉,鹿寮村,5,11.6,7.02526003,-0.1746,32,40.2363,25
100,古庭瑜,屏東縣,潮州鎮,光華里,2.6,6.6,5.398734177,-0.4241,13,12.7299,13
101,林育瑩,苗栗縣,三義鄉,西湖村,3.8,9.8,6.558352403,-0.2815,19,23.2979,19
102,林育瑩,苗栗縣,三義鄉,勝興村,3.6,7.2,4.486646884,-0.1231,18,36.4472,18
103,林育瑩,苗栗縣,大湖鄉,南湖村,0.4,0.8,1,-0.75,2,1.3333,2
104,林育瑩,苗栗縣,大湖鄉,栗林村,0.6,1.8,1.875,-0.7083,3,2.6472,3
105,林育瑩,苗栗縣,大湖鄉,靜湖村,0.6,1.8,1.235294118,-0.3529,2.3333,3.5004,3
106,林育瑩,苗栗縣,西湖鄉,二湖村,2.2,4.8,2.643312102,-0.0924,11,28.6073,11
107,林育瑩,苗栗縣,西湖鄉,湖東村,4.6,10,5.70619469,-0.1106,23,51.5931,23
108,林育瑩,苗栗縣,苑裡鎮,苑東里,3,7.4,4.688212928,-0.2281,15,20.5533,15
109,林育瑩,苗栗縣,苑裡鎮,苑南里,1.6,3.2,1.87012987,-0.0844,8,22.1579,8
110,林育瑩,苗栗縣,通霄鎮,內島里,1.2,2.6,1.441860465,-0.093,18,15.5039,6
111,林育瑩,苗栗縣,通霄鎮,坪頂里,1.833333333,5.333333333,2.614285714,-0.1464,11,17.8571,11
112,林育瑩,苗栗縣,通霄鎮,南和里,1.8,4,2.495652174,-0.1739,9,14.3511,9
113,林育瑩,苗栗縣,通霄鎮,福興里,3.2,9.2,6.872159091,-0.3991,16,17.2191,16
114,林育瑩,苗栗縣,頭份市,斗煥里,0.8,2.6,2.891304348,-0.8043,4,3.5948,4
115,林育瑩,苗栗縣,頭份市,民族里,0,0,0,NA,0,0,0
116,林育瑩,苗栗縣,頭份市,民權里,0.4,1.6,2,-1,2,2,2
117,林育瑩,苗栗縣,頭份市,和平里,0.4,1.6,2,-1,2,2,2
118,林育瑩,苗栗縣,頭份市,珊湖里,1.2,3.4,3.75,-0.75,5.1818,5,6
119,林育瑩,苗栗縣,頭份市,新華里,1.4,3.8,3,-0.4211,14,7.1242,7
120,劉家君,桃園市,八德區,大安里,8.2,20.6,13.32379135,-0.2487,41,53.5737,41
121,劉家君,桃園市,八德區,大智里,1.6,3.6,2.120481928,-0.1446,8,14.6645,8
122,李艾霓,桃園市,八德區,高城里,2.2,6.2,4.205882353,-0.3235,44,13.0012,11
123,劉家君,桃園市,八德區,福興里,5.4,12.2,7.580502216,-0.1787,27,42.4203,27
124,劉家君,桃園市,八德區,廣興里,6.4,16.2,10.87158703,-0.276,32,39.3898,32
125,劉家君,桃園市,大園區,圳頭里,9.2,23.8,16.69400071,-0.3149,46,53.0137,46
126,劉家君,桃園市,大園區,南港里,9,21.6,13.14276184,-0.1918,45,68.5233,45
127,劉家君,桃園市,大園區,溪海里,8.8,21.4,12.9569568,-0.1943,44,66.6853,44
128,劉家君,桃園市,大溪區,田心里,3,8,5.084507042,-0.2606,41.5,19.5108,15
129,劉家君,桃園市,大溪區,南興里,5,10.4,5.676579926,-0.0651,25,87.1978,25
130,劉家君,桃園市,大溪區,僑愛里,2,6,4.272727273,-0.3788,10,11.2796,10
131,劉家君,桃園市,大溪區,興和里,2.6,5.8,3.469055375,-0.1498,13,23.1579,13
132,劉家君,桃園市,中壢區,中正里,1,2.6,1.928571429,-0.3571,13,5.4006,5
133,李艾霓,桃園市,中壢區,石頭里,1,3.2,2.361702128,-0.4255,5,5.5504,5
134,劉家君,桃園市,中壢區,自信里,1.2,2.4,1.454545455,-0.1061,6,13.7092,6
135,劉家君,桃園市,中壢區,忠孝里,2.4,5.6,3.720207254,-0.2358,12,15.777,12
136,李艾霓,桃園市,中壢區,金華里,2.2,6.6,4.627403846,-0.3678,49,12.5813,11
137,李艾霓,桃園市,中壢區,普仁里,0.2,0.8,1,-1,1,1,1
138,李艾霓,桃園市,平鎮區,新榮里,1.4,3.8,2.634020619,-0.3247,7,8.1122,7
139,劉家君,桃園市,平鎮區,廣仁里,3.4,11.6,11.67108168,-0.713,17,16.369,17
140,劉家君,桃園市,平鎮區,廣興里,1.2,3.6,3.1875,-0.5521,6,5.7734,6
141,李艾霓,桃園市,平鎮區,龍興里,0.4,0.8,1,-0.75,2,1.3333,2
142,劉家君,桃園市,平鎮區,雙連里,11.4,26.8,15.82333418,-0.165,57,95.899,57
143,劉家君,桃園市,桃園區,文明里,0.4,1.2,1,-0.5,2,2,2
144,劉家君,桃園市,桃園區,民生里,1.4,3.6,2.352941176,-0.2647,7,8.8891,7
145,李艾霓,桃園市,桃園區,成功里,0.2,0.6,0.5,-0.5,1,1,1
146,李艾霓,桃園市,桃園區,忠義里,2.6,7.6,5.095709571,-0.3284,27,15.5168,13
147,李艾霓,桃園市,桃園區,長安里,1.2,2.8,1.666666667,-0.1667,6.25,9.998,6
148,李艾霓,桃園市,桃園區,青溪里,2.2,6.2,4.205882353,-0.3235,18.6667,13.0012,11
149,劉家君,桃園市,桃園區,南門里,1.6,3.2,1.791044776,-0.0597,8,30.0008,8
150,李艾霓,桃園市,桃園區,春日里,2.6,6.2,3.714285714,-0.1797,12.3846,20.6694,13
151,李艾霓,桃園市,桃園區,慈文里,1.4,3.4,2.490566038,-0.3208,7,7.7636,7
152,劉家君,桃園市,桃園區,萬壽里,0.6,1.6,2,-0.875,3,2.2857,3
153,李艾霓,桃園市,桃園區,寶山里,0.4,1.4,1.1875,-0.5625,2,2.1111,2
154,劉家君,桃園市,新屋區,大坡里,4.2,10.4,6.313893654,-0.2033,21,31.057,21
155,李艾霓,桃園市,新屋區,望間里,4.8,13.4,11.65390505,-0.5115,24,22.7838,24
156,劉家君,桃園市,新屋區,清華里,8.4,21.2,12.99464359,-0.2167,42,59.9661,42
157,劉家君,桃園市,新屋區,新生里,2.6,8.4,6.262195122,-0.436,13,14.3628,13
158,李艾霓,桃園市,龜山區,公西里,5.4,15.4,10.6398917,-0.3403,23.2222,31.2662,27
159,李艾霓,桃園市,龜山區,兔坑里,10,31.16666667,15.18603873,-0.1664,60,91.2623,60
160,李艾霓,桃園市,龜山區,幸福里,3.8,10.4,8.483870968,-0.4504,31.5,18.8363,19
161,李艾霓,桃園市,龜山區,南美里,4.8,10.8,6.508245877,-0.1582,23.2,41.1394,24
162,李艾霓,桃園市,龜山區,龍壽里,9.4,20.6,12.05414582,-0.1288,50.6296,93.5881,47
163,侯湘葶,高雄市,三民區,千北里,0.4,1.2,1,-0.5,2,2,2
164,侯湘葶,高雄市,三民區,安生里,3.2,10,7.95,-0.475,42,16.7368,16
165,侯湘葶,高雄市,三民區,裕民里,1.8,5.4,4.609756098,-0.5203,9,8.8598,9
166,范馨予,高雄市,三民區,鼎強里,2.2,3.8,2.466183575,-0.07,47,35.2312,11
167,范馨予,高雄市,三民區,灣復里,0.2,0.6,0.5,-0.5,1,1,1
168,李泓哲,高雄市,大樹區,久堂里,0.8,2.4,1.636363636,-0.3485,4,4.6954,4
169,侯湘葶,高雄市,大樹區,大坑里,2.2,5.2,3.328947368,-0.2171,53,15.3337,11
170,范馨予,高雄市,大樹區,檨腳里,2.6,6.8,4.544747082,-0.286,13,15.8907,13
171,李泓哲,高雄市,內門區,內門里,3.8,8.6,4.888337469,-0.1266,19,38.6125,19
172,范馨予,高雄市,內門區,內南里,4.4,10.4,7.258278146,-0.2748,53,26.4129,22
173,范馨予,高雄市,左營區,尾北里,10.2,23.6,13.55784724,-0.1423,88.1765,95.2765,51
174,侯湘葶,高雄市,左營區,新上里,5.2,13.8,8.922557173,-0.2698,89,33.071,26
175,范馨予,高雄市,左營區,聖南里,0.4,0.6,0.4375,-0.0625,2,7,2
176,范馨予,高雄市,永安區,永華里,11.83333333,40,21.52382292,-0.2423,71,88.8313,71
177,范馨予,高雄市,永安區,新港里,18.2,53,43.12733645,-0.4703,91,91.7018,91
178,范馨予,高雄市,杉林區,大愛里,6,16,10.01355932,-0.2508,30,39.9265,30
179,李泓哲,高雄市,杉林區,月美里,4.8,11.2,6.369645043,-0.1401,24,45.465,24
180,范馨予,高雄市,林園區,中厝里,6.2,16.4,11.47504206,-0.3216,31.1875,35.6811,31
181,侯湘葶,高雄市,林園區,東汕里,3,8.2,5.715231788,-0.3311,16.8,17.2613,15
182,范馨予,高雄市,林園區,頂厝里,2.6,7.6,6.334763948,-0.4914,29,12.8913,13
183,范馨予,高雄市,前金區,文東里,0,0,0,NA,0,0,0
184,李泓哲,高雄市,前鎮區,明孝里,8.6,29,23.33149492,-0.508,53.4,45.9281,43
185,侯湘葶,高雄市,前鎮區,振興里,2,5,4.236842105,-0.4474,9.25,9.4699,10
186,侯湘葶,高雄市,前鎮區,瑞北里,1,3.8,4.031914894,-0.7979,5,5.0532,5
187,侯湘葶,高雄市,前鎮區,瑞昌里,1.4,4.4,3.891566265,-0.5663,7.3333,6.8719,7
188,范馨予,高雄市,前鎮區,鎮昌里,2.4,4.2,2.993670886,-0.1414,12,21.1716,12
189,侯湘葶,高雄市,美濃區,中壇里,4.6,10.6,6.068471338,-0.1385,23,43.8157,23
190,范馨予,高雄市,美濃區,清水里,2.6,7.4,4.847315436,-0.3037,38,15.9609,13
191,李泓哲,高雄市,美濃區,福安里,3.8,8.4,4.624113475,-0.0981,19,47.1367,19
192,侯湘葶,高雄市,苓雅區,正義里,1.4,3.6,2.506024096,-0.3072,6.25,8.1576,7
193,范馨予,高雄市,苓雅區,林中里,0.6,2.2,2.088235294,-0.6765,3,3.0868,3
194,李泓哲,高雄市,苓雅區,林西里,0.2,0.8,1,-1,1,1,1
195,侯湘葶,高雄市,苓雅區,林貴里,1.2,4.2,3.943548387,-0.6532,15,6.0373,6
196,侯湘葶,高雄市,苓雅區,美田里,0,0,0,NA,0,0,0
197,侯湘葶,高雄市,苓雅區,凱旋里,0,0,0,NA,0,0,0
198,侯湘葶,高雄市,苓雅區,福隆里,0.2,0.6,0.5,-0.5,1,1,1
199,侯湘葶,高雄市,新興區,文昌里,0,0,0,NA,0,0,0
200,李泓哲,高雄市,新興區,永寧里,0.6,1,0.766666667,-0.1667,3,4.5991,3
201,范馨予,高雄市,新興區,玉衡里,0.8,2.6,2.065789474,-0.4868,4,4.2436,4
202,范馨予,高雄市,楠梓區,中陽里,4,8.6,5.181818182,-0.1374,24.5385,37.7134,20
203,侯湘葶,高雄市,楠梓區,裕昌里,1,1.2,1.127659574,-0.1064,2.6,10.5983,5
204,侯湘葶,高雄市,楠梓區,錦屏里,3.8,8.4,4.8125,-0.1205,24,39.9378,19
205,范馨予,高雄市,鼓山區,光化里,5.4,17,15.34417476,-0.585,27,26.2294,27
206,侯湘葶,高雄市,鼓山區,新民里,0.6,2.2,2.088235294,-0.6765,3,3.0868,3
207,范馨予,高雄市,鼓山區,龍井里,2.2,6,4.109090909,-0.3182,11,12.9135,11
208,范馨予,高雄市,旗津區,北汕里,6.4,19.6,18.13353338,-0.5986,32,30.2932,32
209,范馨予,高雄市,鳳山區,和德里,1.4,3,1.9,-0.1667,7,11.3977,7
210,侯湘葶,高雄市,鳳山區,忠義里,0.4,0.8,0.666666667,-0.3333,2.0002,2.0002,2
211,侯湘葶,高雄市,鳳山區,武漢里,0.2,0.8,1,-1,1,1,1
212,侯湘葶,高雄市,鳳山區,新武里,0.4,1.2,1,-0.5,2,2,2
213,范馨予,高雄市,鳳山區,鳳崗里,0,0,0,NA,0,0,0
214,范馨予,高雄市,橋頭區,仕豐里,2,5,3.964285714,-0.3929,10,10.0898,10
215,侯湘葶,高雄市,橋頭區,新莊里,11,26.8,16.02032004,-0.1873,55,85.5329,55
216,范馨予,高雄市,橋頭區,橋南里,6.5,18.33333333,8.632755474,-0.1163,83.2,74.2283,39
217,李泓哲,高雄市,鹽埕區,中原里,0.6,1.8,1.235294118,-0.3529,3,3.5004,3
218,范馨予,高雄市,鹽埕區,育仁里,0.2,0.4,0.333333333,-0.3333,1.0001,1.0001,1
219,侯湘葶,高雄市,鹽埕區,河濱里,1.6,3.4,2.125,-0.1544,29,13.763,8
220,侯湘葶,高雄市,鹽埕區,陸橋里,0.4,1.2,1,-0.5,2,2,2
221,古庭瑜,基隆市,七堵區,堵北里,4.2,9.4,5.509954058,-0.1394,61.6667,39.5262,21
222,古庭瑜,基隆市,中山區,中興里,2.4,7,5.025,-0.375,30.5,13.4,12
223,古庭瑜,基隆市,中山區,仁正里,1.4,3.6,2.289156627,-0.247,7,9.2678,7
224,古庭瑜,基隆市,中山區,居仁里,4,10.6,7.06155303,-0.2888,20,24.4514,20
225,古庭瑜,基隆市,中山區,通化里,3.6,8.2,5.128463476,-0.1864,64,27.5132,18
226,古庭瑜,基隆市,中正區,中砂里,2.6,6.2,4.184065934,-0.2555,14.5556,16.376,13
227,古庭瑜,基隆市,中正區,平寮里,1.8,3.6,2.285714286,-0.1349,9.1667,16.9438,9
228,古庭瑜,基隆市,中正區,正砂里,2,3.2,2,0,38,10,10
229,古庭瑜,基隆市,中正區,砂灣里,6,11.6,7.293272865,-0.1115,30,65.4105,30
230,古庭瑜,基隆市,仁愛區,吉仁里,4.8,12.6,9.343527738,-0.3606,75,25.9111,24
231,古庭瑜,基隆市,仁愛區,書院里,3.2,6.4,3.54679803,-0.0542,16,65.4391,16
232,古庭瑜,基隆市,安樂區,五福里,2.8,7.4,4.637987013,-0.2484,14,18.6714,14
233,古庭瑜,基隆市,信義區,東明里,4.2,11.8,9.682042834,-0.4646,35.2857,20.8395,21
234,古庭瑜,基隆市,暖暖區,暖西里,7.4,16.8,9.764826176,-0.1408,37,69.3525,37
235,李泓哲,連江縣,南竿鄉,四維村,0,0,0,NA,0,0,0
236,李泓哲,連江縣,南竿鄉,復興村,0,0,0,NA,0,0,0
237,林少穎,雲林縣,口湖鄉,崙中村,6.8,14.8,8.403776978,-0.1084,77.5556,77.5256,34
238,林少穎,雲林縣,口湖鄉,梧北村,2.8,7.2,4.736462094,-0.269,40.5,17.6077,14
239,林少穎,雲林縣,口湖鄉,港西村,3.2,9.6,6.878504673,-0.3832,92,17.9502,16
240,林少穎,雲林縣,土庫鎮,大荖里,0.2,0.8,1,-1,1,1,1
241,蘇心俞,雲林縣,土庫鎮,忠正里,0.4,1.4,1.1875,-0.5625,2,2.1111,2
242,林少穎,雲林縣,土庫鎮,溪邊里,3.2,6.6,3.770992366,-0.0865,20.8889,43.5953,16
243,林少穎,雲林縣,土庫鎮,奮起里,2.2,7.2,7.76744186,-0.7733,9.6667,10.0445,11
244,林少穎,雲林縣,土庫鎮,興新里,1.8,4,2.408695652,-0.1522,31,15.8259,9
245,林少穎,雲林縣,元長鄉,合和村,0,0,0,NA,0,0,0
246,林少穎,雲林縣,元長鄉,卓運村,0.2,0.2,0.25,-0.25,1,1,1
247,林少穎,雲林縣,元長鄉,頂寮村,0.6,2.4,3,-1,3,3,3
248,林少穎,雲林縣,斗南鎮,大東里,2,5.2,3.613138686,-0.3102,45,11.6478,10
249,林少穎,雲林縣,斗南鎮,北銘里,1.8,5.4,3.97265625,-0.4023,9,9.8749,9
250,林少穎,雲林縣,斗南鎮,東仁里,0.8,1.8,1.109375,-0.1719,6.5,6.4536,4
251,林少穎,雲林縣,斗南鎮,阿丹里,4,10.4,6.909413854,-0.2798,43.1667,24.6941,20
252,林少穎,雲林縣,斗南鎮,南昌里,2.2,4.4,2.538461538,-0.0769,32,33.0099,11
253,林少穎,雲林縣,斗南鎮,舊社里,0.6,2,1.6,-0.5,3,3.2,3
254,林少穎,雲林縣,水林鄉,松西村,5,16.4,14.46153846,-0.5769,45.3333,25.0677,25
255,林少穎,雲林縣,水林鄉,塭底村,2.8,9.2,7.843373494,-0.5482,15.6364,14.3075,14
256,林少穎,雲林縣,水林鄉,蕃薯村,2.4,4.8,2.803738318,-0.0841,11.1818,33.3381,12
257,林少穎,雲林縣,水林鄉,灣西村,1.8,3.4,2.073426573,-0.0804,11.6667,25.7889,9
258,林少穎,雲林縣,林內鄉,坪頂村,6.4,14.6,8.34375,-0.1331,38.0455,62.6878,32
259,林少穎,雲林縣,林內鄉,林北村,7.8,16.4,9.461311282,-0.1013,39,93.3989,39
260,林少穎,雲林縣,林內鄉,林茂村,4.2,11,7.662962963,-0.3148,32.5455,24.3423,21
261,蘇心俞,雲林縣,虎尾鎮,中山里,2,6.4,5.052023121,-0.4769,14.2,10.5935,10
262,林少穎,雲林縣,虎尾鎮,立仁里,1.6,4.6,3.139830508,-0.3347,27,9.381,8
263,林少穎,雲林縣,虎尾鎮,堀頭里,0.8,1.4,0.891304348,-0.0652,4,13.6703,4
264,蔣允中,新北市,三芝區,古庄里,3.8,10.2,7.010706638,-0.3148,19,22.2704,19
265,趙珮妤,新北市,三芝區,店子里,2.4,6.6,4.296052632,-0.2873,12,14.9532,12
266,蕭云雅,新北市,三芝區,橫山里,2.8,8,5.403174603,-0.3254,14,16.6047,14
267,蕭云雅,新北市,三芝區,錫板里,5.4,13.8,8.572492552,-0.2299,27,37.2879,27
268,趙珮妤,新北市,三重區,五福里,0.2,0.6,0.5,-0.5,1,1,1
269,趙珮妤,新北市,三重區,六福里,1,2.6,1.855263158,-0.3289,5,5.6408,5
270,韓昕頻,新北市,三重區,文化里,0.2,0.6,0.5,-0.5,1,1,1
271,蔣允中,新北市,三重區,永安里,0.4,1.4,1.1875,-0.5625,1.5,2.1111,2
272,蕭云雅,新北市,三重區,永豐里,1,2.4,1.571428571,-0.2381,5,6.5999,5
273,蕭云雅,新北市,三重區,幸福里,1.8,5.4,3.97265625,-0.4023,16.5,9.8749,9
274,韓昕頻,新北市,三重區,信安里,0,0,0,NA,0,0,0
275,趙珮妤,新北市,三重區,培德里,0.6,1.8,1.235294118,-0.3529,3,3.5004,3
276,韓昕頻,新北市,三重區,萬壽里,0.2,0.8,1,-1,1,1,1
277,韓昕頻,新北市,三重區,福星里,0,0,0,NA,0,0,0
278,趙珮妤,新北市,中和區,仁和里,0,0,0,NA,0,0,0
279,蕭云雅,新北市,中和區,文元里,0.2,0.6,0.5,-0.5,0,1,1
280,韓昕頻,新北市,中和區,安平里,1.6,6.4,8,-1,8,8,8
281,韓昕頻,新北市,中和區,秀成里,1.2,2.6,1.939655172,-0.2845,6,6.8178,6
282,韓昕頻,新北市,中和區,秀景里,2.8,9.2,7.864353312,-0.5505,14,14.2858,14
283,趙珮妤,新北市,中和區,秀義里,0,0,0,NA,0,0,0
284,趙珮妤,新北市,中和區,冠穗里,0.4,0.8,1,-0.75,2,1.3333,2
285,韓昕頻,新北市,中和區,南山里,0.2,0.8,1,-1,1,1,1
286,韓昕頻,新北市,中和區,連城里,0.4,1.6,2,-1,2,2,2
287,韓昕頻,新北市,中和區,頂南里,0.2,0.8,1,-1,1,1,1
288,蔣允中,新北市,中和區,景南里,0,0,0,NA,0,0,0
289,蔣允中,新北市,中和區,華南里,0.4,1.4,1.1875,-0.5625,2,2.1111,2
290,韓昕頻,新北市,中和區,華新里,1.4,3.6,2.333333333,-0.2593,7,8.9986,7
291,韓昕頻,新北市,中和區,漳和里,0,0,0,NA,0,0,0
292,蕭云雅,新北市,中和區,興南里,0.4,1.6,2,-1,2,2,2
293,蕭云雅,新北市,平溪區,平湖里,4.2,11,7.898275862,-0.3362,19.4,23.4928,21
294,蕭云雅,新北市,平溪區,南山里,2,6.2,5.733576642,-0.6022,9.5625,9.5211,10
295,蔣允中,新北市,平溪區,望古里,2,4.4,2.936170213,-0.2128,9.3333,13.7978,10
296,蔣允中,新北市,平溪區,嶺腳里,6.2,17.6,12.53625269,-0.36,33.697,34.8229,31
297,蔣允中,新北市,永和區,民族里,0.4,1.2,1,-0.5,2,2,2
298,蔣允中,新北市,永和區,永元里,0,0,0,NA,0,0,0
299,蕭云雅,新北市,永和區,桂林里,0.6,1.2,1,-0.3333,3,3.0003,3
300,蕭云雅,新北市,石碇區,中民里,4.8,11,6.81119403,-0.1828,71,37.2604,24
301,蔣允中,新北市,石碇區,永定里,3.6,8.6,5.574728261,-0.2296,18,24.2802,18
302,趙珮妤,新北市,石碇區,光明里,3.6,9.8,6.445492662,-0.2904,18,22.1952,18
303,蔣允中,新北市,石碇區,潭邊里,5,11.4,7.199828473,-0.193,25,37.3048,25
304,韓昕頻,新北市,汐止區,秀山里,2,4.2,2.541237113,-0.1289,10,19.7148,10
305,趙珮妤,新北市,汐止區,厚德里,2.2,5,2.788235294,-0.1176,11,23.7095,11
306,趙珮妤,新北市,汐止區,復興里,3.2,6.2,3.706730769,-0.0817,19.3333,45.37,16
307,韓昕頻,新北市,汐止區,鄉長里,4.6,11.2,6.779917469,-0.1946,23,34.8403,23
308,蕭云雅,新北市,汐止區,樟樹里,3.2,10.8,10.93023256,-0.7158,16,15.27,16
309,蔣允中,新北市,汐止區,橋東里,1.6,3.2,1.658536585,-0.0183,15.5,90.6304,8
310,趙珮妤,新北市,汐止區,環河里,1.4,3.8,3,-0.4211,17,7.1242,7
311,蔣允中,新北市,汐止區,禮門里,1,3.4,3.907894737,-0.8553,6,4.569,5
312,蕭云雅,新北市,板橋區,介壽里,0.2,0.6,0.5,-0.5,1,1,1
313,蔣允中,新北市,板橋區,永安里,0.6,1.8,1.235294118,-0.3529,3,3.5004,3
314,蕭云雅,新北市,板橋區,松柏里,1.2,2,1.2,0,6.3333,6,6
315,趙珮妤,新北市,板橋區,華江里,0.2,0.8,1,-1,1,1,1
316,蔣允中,新北市,板橋區,福星里,0.2,0.4,0.333333333,-0.3333,1.0001,1.0001,1
317,趙珮妤,新北市,板橋區,懷翠里,2.8,7.6,5.167910448,-0.3116,14,16.5851,14
318,蔣允中,新北市,淡水區,屯山里,4.4,9.6,5.519781719,-0.1166,22,47.3395,22
319,趙珮妤,新北市,淡水區,正德里,2,3.8,2.276162791,-0.0727,10,31.309,10
320,蕭云雅,新北市,淡水區,崁頂里,6.2,13.2,8.537405628,-0.1771,31,48.2067,31
321,趙珮妤,新北市,淡水區,新義里,0.6,1.2,0.857142857,-0.2143,3,3.9997,3
322,趙珮妤,新北市,淡水區,學府里,1.6,4.8,3.439252336,-0.3832,8,8.9751,8
323,蕭云雅,新北市,淡水區,興仁里,2.8,8.8,6.599406528,-0.4318,71,15.2835,14
324,蔣允中,新北市,深坑區,埔新里,2.4,5.2,3.023041475,-0.1198,12,25.2341,12
325,蔣允中,新北市,深坑區,萬福里,2.4,5.6,3.256830601,-0.153,12,21.2865,12
326,蔣允中,新北市,新店區,大豐里,0.6,1.8,1.235294118,-0.3529,3,3.5004,3
327,韓昕頻,新北市,新店區,屈尺里,5.2,13.4,8.363119835,-0.2361,97.6667,35.4219,26
328,蔣允中,新北市,新店區,忠孝里,0,0,0,NA,0,0,0
329,蕭云雅,新北市,新店區,明德里,0,0,0,NA,0,0,0
330,韓昕頻,新北市,新店區,香坡里,2,6.4,5.096774194,-0.4839,18,10.5327,10
331,韓昕頻,新北市,新店區,員潭里,5.166666667,15,8.057575758,-0.1927,31,41.8141,31
332,趙珮妤,新北市,新店區,柴埕里,3.6,9.4,6.046436285,-0.2603,18,23.2287,18
333,趙珮妤,新北市,新店區,新德里,0.2,0.8,1,-1,1,1,1
334,趙珮妤,新北市,新店區,德安里,8,26,20.00866551,-0.4619,40,43.3182,40
335,蕭云雅,新北市,新店區,寶安里,0,0,0,NA,0,0,0
336,蔣允中,新北市,新莊區,八德里,0,0,0,NA,0,0,0
337,韓昕頻,新北市,新莊區,中宏里,0.2,0.8,1,-1,1,1,1
338,韓昕頻,新北市,新莊區,文聖里,0.4,0.6,0.4375,-0.0625,2,7,2
339,蕭云雅,新北市,新莊區,四維里,0.4,1.2,1,-0.5,2,2,2
340,趙珮妤,新北市,新莊區,立人里,0.2,0.8,1,-1,1,1,1
341,趙珮妤,新北市,新莊區,光明里,1,3,2.166666667,-0.3889,5,5.5713,5
342,韓昕頻,新北市,新莊區,和平里,0.4,0.4,0.5,-0.25,2,2,2
343,蔣允中,新北市,新莊區,後港里,0.6,1.8,1.235294118,-0.3529,4,3.5004,3
344,趙珮妤,新北市,新莊區,後德里,2.4,4.8,2.909090909,-0.1061,12,27.4184,12
345,蕭云雅,新北市,新莊區,思源里,1.2,2.8,1.72972973,-0.1892,10.5,9.1423,6
346,蔣允中,新北市,新莊區,思賢里,0.8,2,1.55,-0.375,4,4.1333,4
347,趙珮妤,新北市,新莊區,榮和里,1,2.6,2.695652174,-0.6522,6.5,4.1332,5
348,蕭云雅,新北市,新莊區,頭前里,1.4,4.2,3.090909091,-0.4026,7,7.6774,7
349,趙珮妤,新北市,蘆洲區,永康里,0.4,0.4,0.5,-0.25,0,2,2
350,蕭云雅,新北市,蘆洲區,保佑里,0.8,2.6,2.053571429,-0.4821,2.5,4.2596,4
351,蔣允中,新北市,蘆洲區,得仁里,2.2,6.8,5.636363636,-0.5053,19,11.1545,11
352,蕭云雅,新北市,蘆洲區,樹德里,0.8,1.2,1,-0.1667,2,5.9988,4
353,蔣允中,新北市,鶯歌區,北鶯里,1.6,4.6,3.140776699,-0.335,8,9.3755,8
354,蕭云雅,新北市,鶯歌區,尖山里,1.2,2.6,1.712121212,-0.197,10.5,8.691,6
355,蕭云雅,新北市,鶯歌區,鳳鳴里,1.8,5.2,4.587628866,-0.5361,26,8.5574,9
356,周義興,新竹市,北區,中山里,0.2,0.2,0.25,-0.25,1,1,1
357,周義興,新竹市,北區,北門里,0.2,0.8,1,-1,1,1,1
358,周義興,新竹市,北區,石坊里,0.6,1.8,1.235294118,-0.3529,3,3.5004,3
359,周義興,新竹市,北區,武陵里,0.2,0.2,0.25,-0.25,1,1,1
360,周義興,新竹市,北區,長和里,0.4,0.6,0.4375,-0.0625,2,7,2
361,周義興,新竹市,北區,康樂里,1.2,2.8,1.72972973,-0.1892,6,9.1423,6
362,周義興,新竹市,北區,湳雅里,0.6,2.2,2.088235294,-0.6765,3,3.0868,3
363,周義興,新竹市,北區,磐石里,1.2,3.4,2.70754717,-0.4434,6.6,6.1063,6
364,周義興,新竹市,東區,下竹里,1.2,2.8,1.711538462,-0.1827,6,9.368,6
365,周義興,新竹市,東區,中正里,1.2,2.4,1.565217391,-0.1522,6,10.284,6
366,周義興,新竹市,東區,光明里,5.2,14.4,10.3762598,-0.3595,26,28.863,26
367,周義興,新竹市,東區,東門里,0.4,1.2,1,-0.5,2,2,2
368,周義興,新竹市,東區,東勢里,1.8,3.8,2.253731343,-0.1194,22.5,18.8755,9
369,周義興,新竹市,東區,東園里,2.2,5.4,4.159292035,-0.3628,49,11.4644,11
370,周義興,新竹市,東區,金山里,2.8,8,5.647457627,-0.3559,25.75,15.8681,14
371,周義興,新竹市,東區,新莊里,1.2,4,3.2,-0.5,6,6.4,6
372,周義興,新竹市,東區,龍山里,1.6,3.8,2.225609756,-0.1646,8,13.5213,8
373,周義興,新竹市,東區,關東里,1.8,4.6,2.961165049,-0.2524,39,11.732,9
374,周義興,新竹市,東區,關新里,0.2,0.8,1,-1,1,1,1
375,蘇心俞,新竹縣,竹北市,大義里,3,7.2,4.393939394,-0.1936,15,22.696,15
376,蘇心俞,新竹縣,竹北市,中興里,0.6,1.2,1,-0.3333,3,3.0003,3
377,蘇心俞,新竹縣,竹北市,尚義里,3,7.6,4.985074627,-0.2612,15,19.0853,15
378,蘇心俞,新竹縣,竹北市,東興里,0.6,2.2,2.088235294,-0.6765,3,3.0868,3
379,蘇心俞,新竹縣,竹北市,新國里,0.8,2,1.2,-0.2,4,6,4
380,蘇心俞,新竹縣,竹北市,聯興里,3.4,9,6.173972603,-0.3082,17,20.0324,17
381,蘇心俞,新竹縣,竹東鎮,仁愛里,0.4,0.6,0.5,-0.1667,2,2.9994,2
382,蘇心俞,新竹縣,竹東鎮,竹東里,0.2,0.2,0.25,-0.25,1,1,1
383,蘇心俞,新竹縣,竹東鎮,柯湖里,4.2,9.8,6.151029748,-0.1991,21,30.8942,21
384,蘇心俞,新竹縣,竹東鎮,商華里,0.8,2,1.55,-0.375,4,4.1333,4
385,蘇心俞,新竹縣,竹東鎮,陸豐里,1.6,4.6,4.561643836,-0.6438,8,7.0855,8
386,蘇心俞,新竹縣,湖口鄉,和興村,6.666666667,20.83333333,10.2611407,-0.1725,40,59.4849,40
387,蘇心俞,新竹縣,湖口鄉,波羅村,3,6,3.774193548,-0.129,15,29.2573,15
388,蘇心俞,新竹縣,湖口鄉,長安村,3,6.4,3.608365019,-0.0951,15,37.9428,15
389,蘇心俞,新竹縣,湖口鄉,長嶺村,5.2,12,8.181132075,-0.2484,26,32.9353,26
390,蘇心俞,新竹縣,新埔鎮,五埔里,2.6,6.4,4.191709845,-0.2487,13,16.8545,13
391,蘇心俞,新竹縣,新埔鎮,巨埔里,1.4,3.4,2.103448276,-0.2069,7,10.1665,7
392,蘇心俞,新竹縣,新埔鎮,照門里,3.2,8,5.082352941,-0.2353,16,21.5995,16
393,蘇心俞,新竹縣,橫山鄉,新興村,4.8,12,7.420253165,-0.2184,24,33.9755,24
394,蘇心俞,新竹縣,橫山鄉,豐田村,5,12,7.378698225,-0.1982,25,37.2285,25
395,蘇心俞,新竹縣,關西鎮,玉山里,2.6,6.6,4.116935484,-0.2298,13,17.9153,13
396,蘇心俞,新竹縣,關西鎮,東平里,2.2,6.4,4.987730061,-0.4356,11,11.4503,11
397,蘇心俞,新竹縣,關西鎮,南和里,3,6.4,3.608365019,-0.0951,15,37.9428,15
398,王媛鈺,嘉義市,西區,車店里,1.2,3,2.1375,-0.3125,6,6.84,6
399,王媛鈺,嘉義市,西區,保生里,0.6,1.2,1,-0.3333,3,3.0003,3
400,王媛鈺,嘉義市,西區,致遠里,0.6,1.8,1.5,-0.5,3,3,3
401,王媛鈺,嘉義市,西區,香湖里,0.6,2,1.933333333,-0.6667,3,2.8999,3
402,王媛鈺,嘉義市,西區,福安里,1,3.2,2.361702128,-0.4255,5,5.5504,5
403,王媛鈺,嘉義市,西區,劉厝里,0.8,2,1.2,-0.2,4,6,4
404,王媛鈺,嘉義市,東區,文雅里,2.2,5.4,3.559440559,-0.2517,10.2,14.1416,11
405,王媛鈺,嘉義市,東區,北門里,1.4,2.8,1.936170213,-0.1915,7,10.1105,7
406,王媛鈺,嘉義市,東區,安業里,3.6,12.2,10.90409683,-0.5987,18,18.213,18
407,王媛鈺,嘉義市,東區,東興里,3.4,10.8,8.131528046,-0.4381,17,18.5609,17
408,王媛鈺,嘉義市,東區,頂庄里,6,17,12.72336066,-0.3955,37.0435,32.1703,30
409,王媛鈺,嘉義市,東區,興仁里,7.166666667,22.83333333,11.50941489,-0.1902,43,60.5122,43
410,王媛鈺,嘉義市,東區,豐年里,1.4,4.4,3.194174757,-0.4078,7,7.8327,7
411,蔡璧如,嘉義縣,大林鎮,三村里,0.8,1.8,1.166666667,-0.2037,4,5.7274,4
412,蔡璧如,嘉義縣,大林鎮,三角里,6.2,15,9.4,-0.2133,35.6087,44.0694,31
413,蔡璧如,嘉義縣,大林鎮,三和里,1.2,3.2,2.051948052,-0.2662,6,7.7083,6
414,蔡璧如,嘉義縣,大林鎮,內林里,4.6,10.6,6.068471338,-0.1385,37.25,43.8157,23
415,蔡璧如,嘉義縣,太保市,東勢里,3.6,9.6,6.753445636,-0.3285,50.5,20.5584,18
416,蔡璧如,嘉義縣,太保市,後庄里,2.8,6.4,4.311926606,-0.2362,69,18.2554,14
417,蔡璧如,嘉義縣,太保市,春珠里,5.2,11.8,7.067196532,-0.1582,26,44.6725,26
418,蔡璧如,嘉義縣,水上鄉,三鎮村,3,8.2,7.404958678,-0.5372,15,13.7844,15
419,蔡璧如,嘉義縣,水上鄉,內溪村,3.6,11.2,8.340036563,-0.4232,18,19.7071,18
420,蔡璧如,嘉義縣,水上鄉,柳鄉村,2.2,7,6.6,-0.6286,11,10.4995,11
421,蔡璧如,嘉義縣,水上鄉,塗溝村,3,8.166666667,4.144711226,-0.1402,27.75,29.5628,18
422,蔡璧如,嘉義縣,布袋鎮,永安里,20.66666667,65.5,36.29212607,-0.2386,124,152.1045,124
423,蔡璧如,嘉義縣,布袋鎮,江山里,8.8,22.8,15.76425856,-0.3054,44,51.6184,44
424,蔡璧如,嘉義縣,布袋鎮,西安里,7.8,20.8,13.18287133,-0.2588,39,50.9385,39
425,蔡璧如,嘉義縣,布袋鎮,振寮里,13.6,35,25.07884085,-0.328,68,76.4599,68
426,蔡璧如,嘉義縣,東石鄉,洲仔村,8.2,17.8,10.0523094,-0.1041,41,96.564,41
427,蔡璧如,嘉義縣,東石鄉,港墘村,5.8,15.6,12.25545171,-0.4138,29,29.6168,29
428,蔡璧如,嘉義縣,東石鄉,塭港村,3.2,10.8,11.70822281,-0.7878,33,14.8619,16
429,蔡璧如,嘉義縣,東石鄉,鰲鼓村,23,67.5,35.37790043,-0.1834,138,192.9002,138
430,蔡璧如,嘉義縣,番路鄉,大湖村,6,13.8,8.409645233,-0.1746,38.6875,48.1652,30
431,蔡璧如,嘉義縣,番路鄉,觸口村,10.33333333,31.5,18.0550958,-0.2451,62,73.6642,62
432,蔡璧如,嘉義縣,新港鄉,大潭村,3,7.2,4.494584838,-0.2076,15,21.6502,15
433,蔡璧如,嘉義縣,新港鄉,中洋村,5.4,15.2,10.59129612,-0.3415,63.3333,31.014,27
434,蔡璧如,嘉義縣,新港鄉,宮前村,5.2,13.4,8.687357631,-0.2603,26,33.3744,26
435,蔡璧如,嘉義縣,新港鄉,潭大村,4.4,10.8,6.518987342,-0.1962,24,33.2262,22
436,韓昕頻,彰化縣,永靖鄉,永北村,2.4,6.4,4.197044335,-0.2808,33,14.9467,12
437,周義興,彰化縣,永靖鄉,永南村,2,4.2,2.383211679,-0.0912,44,26.1317,10
438,曾筱媛,彰化縣,永靖鄉,永興村,2.4,5,3.195454545,-0.1591,12,20.0846,12
439,曾筱媛,彰化縣,田中鎮,大崙里,3.4,9,6.4,-0.3333,17,19.2019,17
440,曾筱媛,彰化縣,田中鎮,北路里,2.6,7.2,4.653429603,-0.2852,38,16.3164,13
441,李艾霓,彰化縣,田中鎮,龍潭里,0.6,1.4,1.125,-0.375,3,3,3
442,曾筱媛,彰化縣,和美鎮,中圍里,3,8,5.222222222,-0.2778,44.5,18.7985,15
443,曾筱媛,彰化縣,和美鎮,好修里,1.6,3.8,2.422680412,-0.2165,8,11.1902,8
444,林育瑩,彰化縣,和美鎮,雅溝里,1.8,5.4,3.97265625,-0.4023,11,9.8749,9
445,曾筱媛,彰化縣,和美鎮,塗厝里,1,2.8,1.945945946,-0.3378,5,5.7606,5
446,李艾霓,彰化縣,和美鎮,頭前里,2.6,5.4,2.873417722,-0.0506,73,56.7869,13
447,曾筱媛,彰化縣,社頭鄉,協和村,2.2,6.2,4.205882353,-0.3235,46,13.0012,11
448,周義興,彰化縣,社頭鄉,橋頭村,1.4,3.4,2.375,-0.2868,10,8.281,7
449,曾筱媛,彰化縣,社頭鄉,舊社村,3.2,8,5.041269841,-0.2302,16,21.8995,16
450,曾筱媛,彰化縣,芬園鄉,楓坑村,9.2,22.8,17.47490347,-0.3629,46,48.1535,46
451,韓昕頻,彰化縣,芬園鄉,溪頭村,0.4,1.4,1.1875,-0.5625,2,2.1111,2
452,周義興,彰化縣,芬園鄉,舊社村,3.8,10,6.372815534,-0.2573,19,24.768,19
453,曾筱媛,彰化縣,花壇鄉,文德村,2,4.8,2.885245902,-0.1844,18,15.6467,10
454,曾筱媛,彰化縣,花壇鄉,永春村,3.8,8,4.406060606,-0.0758,19,58.1274,19
455,李艾霓,彰化縣,花壇鄉,崙雅村,3,7.8,5.180124224,-0.2795,22.6,18.5335,15
456,曾筱媛,彰化縣,溪州鄉,三條村,1.6,3.8,2.225609756,-0.1646,31,13.5213,8
457,韓昕頻,彰化縣,溪州鄉,水尾村,4,11.6,8.43833581,-0.3826,20,22.0552,20
458,林育瑩,彰化縣,溪州鄉,柑園村,0.4,1.4,1.1875,-0.5625,2,2.1111,2
459,曾筱媛,彰化縣,溪州鄉,張厝村,1.6,3.6,2.367647059,-0.2132,8,11.1053,8
460,曾筱媛,彰化縣,彰化市,大同里,0.6,2,1.6,-0.5,3,3.2,3
461,曾筱媛,彰化縣,彰化市,中正里,0.8,1.4,0.916666667,-0.0833,4,11.0044,4
462,李艾霓,彰化縣,彰化市,中庄里,5,12.4,9.442675159,-0.3583,25,26.3541,25
463,林育瑩,彰化縣,彰化市,台鳳里,6.6,18.8,15.0119131,-0.4474,73.5,33.5537,33
464,曾筱媛,彰化縣,彰化市,向陽里,2.6,4.8,2.818181818,-0.0455,13,61.9381,13
465,曾筱媛,彰化縣,彰化市,南瑤里,1.8,6.6,7.945652174,-0.9312,9,8.5327,9
466,曾筱媛,彰化縣,彰化市,桃源里,2.4,5.6,4.111111111,-0.3056,40,13.4526,12
467,曾筱媛,彰化縣,彰化市,華北里,1.8,4.8,3.461538462,-0.3462,9,9.9987,9
468,曾筱媛,彰化縣,彰化市,彰安里,0.8,1.6,1.043478261,-0.1522,4,6.856,4
469,曾筱媛,彰化縣,彰化市,福安里,0.4,0.8,0.666666667,-0.3333,2.0002,2.0002,2
470,曾筱媛,彰化縣,彰化市,興北里,0.2,0.2,0.25,-0.25,1,1,1
471,韓昕頻,彰化縣,福興鄉,三汴村,1,2.4,1.827586207,-0.3448,5,5.3004,5
472,周義興,彰化縣,福興鄉,大崙村,3.4,9,6.4,-0.3333,17,19.2019,17
473,曾筱媛,彰化縣,福興鄉,頂粘村,5.4,13.4,8.805038335,-0.2541,27,34.6519,27
474,曾筱媛,彰化縣,福興鄉,橋頭村,5,12.2,7.314565483,-0.1897,25,38.5586,25
475,李艾霓,彰化縣,線西鄉,下犁村,1.4,3.6,2.622641509,-0.3396,7,7.7227,7
476,林育瑩,彰化縣,線西鄉,頂庄村,1.4,2.8,1.567164179,-0.0597,7,26.2507,7
477,吳佩菁,臺中市,大肚區,大東里,2.2,6.8,5.116751269,-0.4289,11,11.9299,11
478,吳佩菁,臺中市,大肚區,王田里,6.6,16.6,10.28501401,-0.222,86.1429,46.3289,33
479,曹舒瑜,臺中市,大肚區,永和里,1.2,2.6,1.583333333,-0.1474,6,10.7417,6
480,曹舒瑜,臺中市,大肚區,永順里,0.4,0.8,0.571428571,-0.2143,2,2.6665,2
481,吳佩菁,臺中市,大里區,日新里,1.8,5.2,3.489051095,-0.3248,18.5,10.7422,9
482,吳佩菁,臺中市,大里區,健民里,13.8,36.2,23.14555933,-0.2582,69,89.642,69
483,曹舒瑜,臺中市,大里區,國光里,1.6,3.4,1.946601942,-0.1019,8,19.1031,8
484,吳佩菁,臺中市,北屯區,三光里,2,6.2,4.863057325,-0.4618,9,10.5307,10
485,吳佩菁,臺中市,北屯區,三和里,0.6,2.2,2.088235294,-0.6765,3,3.0868,3
486,曹舒瑜,臺中市,北區,立人里,1,3.2,2.361702128,-0.4255,5,5.5504,5
487,吳佩菁,臺中市,北區,新北里,0.8,1.8,1.625,-0.4583,8,3.5457,4
488,吳佩菁,臺中市,北區,樂英里,1.6,3.2,1.684210526,-0.0263,8,64.0384,8
489,曹舒瑜,臺中市,北區,錦平里,1.4,4.8,4.103448276,-0.5632,7,7.286,7
490,曹舒瑜,臺中市,北區,錦村里,0.4,1.6,2,-1,2,2,2
491,吳佩菁,臺中市,后里區,后里里,0.8,2.2,1.453125,-0.2969,4.6,4.8943,4
492,吳佩菁,臺中市,后里區,義里里,0,0,0,NA,0,0,0
493,曹舒瑜,臺中市,后里區,墩南里,1,4,5,-1,5,5,5
494,曹舒瑜,臺中市,后里區,聯合里,0.2,0.8,1,-1,1,1,1
495,曹舒瑜,臺中市,西屯區,大石里,0.4,1,0.9,-0.5,3,1.8,2
496,曹舒瑜,臺中市,西屯區,永安里,4.6,9.8,5.302306425,-0.0717,29.9231,73.9513,23
497,曹舒瑜,臺中市,西屯區,西安里,0.6,1.4,1.125,-0.375,3,3,3
498,曹舒瑜,臺中市,西屯區,福和里,1.4,3.2,2.130434783,-0.2283,7,9.3317,7
499,吳佩菁,臺中市,西屯區,福恩里,0.6,1.4,0.923076923,-0.2308,3,3.9995,3
500,吳佩菁,臺中市,西屯區,福瑞里,3.8,9.2,6.880733945,-0.3349,23.3636,20.5456,19
501,吳佩菁,臺中市,西區,三民里,0.6,0.6,0.75,-0.25,1.2,3,3
502,吳佩菁,臺中市,西區,公民里,0.6,1.2,1,-0.3333,3,3.0003,3
503,曹舒瑜,臺中市,西區,公德里,0.8,2,1.8,-0.5,4,3.6,4
504,吳佩菁,臺中市,東區,富台里,1.2,3.6,2.470588235,-0.3529,6,7.0008,6
505,吳佩菁,臺中市,東區,樂成里,0.8,2,1.3,-0.25,4,5.2,4
506,曹舒瑜,臺中市,東勢區,下新里,0.8,2.6,2.053571429,-0.4821,6,4.2596,4
507,曹舒瑜,臺中市,東勢區,明正里,5.8,12.6,7.921185372,-0.1683,34.6667,47.0659,29
508,吳佩菁,臺中市,東勢區,泰昌里,3.2,7.6,4.519582245,-0.1736,17.9091,26.0345,16
509,曹舒瑜,臺中市,東勢區,泰興里,1.8,5.4,3.97265625,-0.4023,11.75,9.8749,9
510,吳佩菁,臺中市,東勢區,詒福里,2,4,2.482758621,-0.1207,10.5385,20.5697,10
511,吳佩菁,臺中市,東勢區,廣興里,3.4,9.6,6.866004963,-0.361,19.3333,19.0194,17
512,曹舒瑜,臺中市,南區,長榮里,0.8,2.2,1.75,-0.4318,4,4.0528,4
513,曹舒瑜,臺中市,南區,福興里,1.2,2.8,1.72972973,-0.1892,6,9.1423,6
514,曹舒瑜,臺中市,神岡區,三角里,0.8,2.6,2.891304348,-0.8043,4,3.5948,4
515,吳佩菁,臺中市,神岡區,北庄里,2.2,5,2.788235294,-0.1176,25,23.7095,11
516,吳佩菁,臺中市,神岡區,社南里,1,2.4,1.545454545,-0.2273,13,6.7992,5
517,吳佩菁,臺中市,神岡區,神岡里,1.2,3.4,2.284482759,-0.319,17,7.1614,6
518,吳佩菁,臺中市,梧棲區,下寮里,2.4,5.8,3.878712871,-0.255,13.1111,15.2106,12
519,曹舒瑜,臺中市,梧棲區,大村里,3.2,8,5.041269841,-0.2302,16,21.8995,16
520,吳佩菁,臺中市,梧棲區,文化里,0.8,2.6,2.053571429,-0.4821,3.3333,4.2596,4
521,劉柏均,臺北市,士林區,公館里,4.2,10.6,6.570578231,-0.2236,21,29.3854,21
522,劉柏均,臺北市,士林區,天壽里,0.2,0.8,1,-1,1,1,1
523,劉柏均,臺北市,士林區,忠誠里,0,0,0,NA,0,0,0
524,劉柏均,臺北市,士林區,社園里,2.2,6,4.109090909,-0.3182,52,12.9135,11
525,王媛鈺,臺北市,士林區,葫東里,1,2.2,1.297297297,-0.1351,5,9.6025,5
526,王媛鈺,臺北市,大同區,民權里,0,0,0,NA,0,0,0
527,劉柏均,臺北市,大同區,玉泉里,1.6,3.8,2.520618557,-0.2423,8.8,10.4029,8
528,劉柏均,臺北市,大同區,建功里,0,0,0,NA,0,0,0
529,劉柏均,臺北市,大同區,景星里,0.2,0.8,1,-1,0,1,1
530,王媛鈺,臺北市,大安區,正聲里,0,0,0,NA,0,0,0
531,劉柏均,臺北市,大安區,民炤里,1.2,1.6,1.492063492,-0.1825,6,8.1757,6
532,劉柏均,臺北市,大安區,黎元里,3.4,7.6,4.241982507,-0.1108,17,38.285,17
533,王媛鈺,臺北市,中山區,松江里,0,0,0,NA,0,0,0
534,劉柏均,臺北市,中正區,幸市里,0.4,0.8,0.666666667,-0.3333,2.0002,2.0002,2
535,王媛鈺,臺北市,中正區,富水里,1.2,4,3.2,-0.5,6,6.4,6
536,劉柏均,臺北市,內湖區,安泰里,1.6,3.8,2.225609756,-0.1646,8,13.5213,8
537,劉柏均,臺北市,內湖區,明湖里,2,6.2,4.863057325,-0.4618,34,10.5307,10
538,王媛鈺,臺北市,內湖區,瑞陽里,0,0,0,NA,0,0,0
539,劉柏均,臺北市,內湖區,蘆洲里,3.4,9.6,6.483443709,-0.3212,17,20.1851,17
540,劉柏均,臺北市,文山區,萬有里,0,0,0,NA,0,0,0
541,王媛鈺,臺北市,文山區,興旺里,0.2,0.8,1,-1,1,1,1
542,劉柏均,臺北市,北投區,中央里,1.6,4,2.556521739,-0.2391,17,10.6923,8
543,劉柏均,臺北市,北投區,永明里,0.4,1.6,2,-1,2,2,2
544,劉柏均,臺北市,北投區,吉慶里,0.6,1.2,0.857142857,-0.2143,3,3.9997,3
545,王媛鈺,臺北市,北投區,建民里,2.4,5.6,3.459459459,-0.1892,12,18.2847,12
546,劉柏均,臺北市,北投區,湖田里,5,14.2,9.98245614,-0.3509,25,28.4482,25
547,劉柏均,臺北市,北投區,福興里,0.8,2,1.514285714,-0.3571,4,4.2405,4
548,王媛鈺,臺北市,松山區,吉仁里,0,0,0,NA,0,0,0
549,劉柏均,臺北市,松山區,富泰里,1,2.8,1.945945946,-0.3378,5,5.7606,5
550,劉柏均,臺北市,信義區,三犁里,4.6,12.2,8.581129808,-0.3263,36.25,26.2983,23
551,王媛鈺,臺北市,信義區,國業里,0.2,0.8,1,-1,1,1,1
552,劉柏均,臺北市,信義區,景新里,3,8,5.867924528,-0.3585,46.5,16.368,15
553,劉柏均,臺北市,南港區,中南里,1,2.8,1.945945946,-0.3378,5,5.7606,5
554,王媛鈺,臺北市,南港區,百福里,1.6,2.8,1.833333333,-0.0833,8,22.0088,8
555,劉柏均,臺北市,萬華區,全德里,0.2,0.8,1,-1,1,1,1
556,劉柏均,臺北市,萬華區,富福里,0.6,1.6,1.222222222,-0.3889,3,3.1428,3
557,王媛鈺,臺北市,萬華區,福音里,0.4,1.6,2,-1,2,2,2
558,李泓哲,臺東縣,太麻里鄉,大王村,2.6,5.4,2.866197183,-0.0493,37.5,58.1379,13
559,李泓哲,臺東縣,太麻里鄉,多良村,2,5.6,3.803680982,-0.3221,16.25,11.809,10
560,李泓哲,臺東縣,太麻里鄉,泰和村,1,2.8,1.945945946,-0.3378,10,5.7606,5
561,李泓哲,臺東縣,成功鎮,三仙里,8.4,22.4,14.72549756,-0.2824,96.1111,52.1441,42
562,李泓哲,臺東縣,成功鎮,和平里,5.2,16.8,16.54487856,-0.6753,54,24.5,26
563,李泓哲,臺東縣,成功鎮,信義里,11,25.2,15.92221835,-0.1953,55,81.527,55
564,李泓哲,臺東縣,池上鄉,振興村,4,12,6.096774194,-0.1747,55.6,34.8985,24
565,李泓哲,臺東縣,池上鄉,萬安村,2.6,5.8,3.286259542,-0.1183,13,27.779,13
566,李泓哲,臺東縣,池上鄉,錦園村,2,5.2,3.242038217,-0.2389,40,13.5707,10
567,李泓哲,臺東縣,臺東市,民生里,3.333333333,9.833333333,4.928617781,-0.1622,20,30.3861,20
568,李泓哲,臺東縣,臺東市,成功里,2.4,6.8,4.568965517,-0.319,56,14.3228,12
569,李泓哲,臺東縣,臺東市,建業里,4.5,13.5,6.747930083,-0.1665,27,40.5281,27
570,李泓哲,臺東縣,臺東市,建興里,3.4,8.6,5.428954424,-0.2359,17,23.0138,17
571,李泓哲,臺東縣,臺東市,強國里,3.2,6.4,3.618374558,-0.0654,16,55.3268,16
572,李泓哲,臺東縣,臺東市,鐵花里,1.4,2.8,1.826086957,-0.1522,7,11.9979,7
573,劉米婷,臺南市,大內區,大內里,3,7.2,4.258064516,-0.1747,15,24.3736,15
574,劉米婷,臺南市,大內區,內江里,2.166666667,6.333333333,2.965217391,-0.1261,71,23.5148,13
575,塗銘鈞,臺南市,中西區,五妃里,0.4,0.4,0.5,-0.25,2,2,2
576,劉米婷,臺南市,中西區,進學里,0.2,0.8,1,-1,1,1,1
577,劉米婷,臺南市,仁德區,一甲里,2.2,4.2,3.25,-0.25,11,13,11
578,劉米婷,臺南市,仁德區,太子里,3.2,8,4.8,-0.2,16,24,16
579,劉米婷,臺南市,北門區,三光里,7.833333333,23.83333333,12.49345031,-0.1955,47,63.9051,47
580,劉米婷,臺南市,北門區,北門里,5.8,13.4,7.824302135,-0.1511,29,51.7823,29
581,彭郁婷,臺南市,北門區,蚵寮里(鯤江里),25.33333333,100.8333333,72.35395203,-0.4663,152,155.1661,152
582,彭郁婷,臺南市,北區,大豐里,2.2,6,5.296774194,-0.5161,11,10.2631,11
583,彭郁婷,臺南市,北區,中樓里,1,3.6,3.930232558,-0.814,5.25,4.8283,5
584,劉米婷,臺南市,北區,仁愛里,0.4,0.8,1,-0.75,2,1.3333,2
585,塗銘鈞,臺南市,北區,永祥里,2.2,5.2,3.048128342,-0.1631,28,18.6887,11
586,彭郁婷,臺南市,北區,振興里,2,4.8,3.132075472,-0.2358,12,13.2828,10
587,彭郁婷,臺南市,北區,華興里,1.6,4,2.4,-0.2,11.6667,12,8
588,彭郁婷,臺南市,北區,賢北里,1.8,6.6,7.945652174,-0.9312,4,8.5327,9
589,彭郁婷,臺南市,永康區,三民里,12.2,30.4,18.46199291,-0.206,61,89.6213,61
590,劉米婷,臺南市,永康區,中華里,0.6,2.4,3,-1,3,3,3
591,塗銘鈞,臺南市,永康區,六合里,0.2,0.6,0.5,-0.5,1,1,1
592,彭郁婷,臺南市,永康區,蔦松里,2.2,5.4,3.50990099,-0.2426,11,14.4679,11
593,彭郁婷,臺南市,永康區,鹽洲里,2.4,8.2,7.770661157,-0.655,35,11.8636,12
594,劉米婷,臺南市,安平區,育平里,0.2,0.2,0.25,-0.25,1,1,1
595,彭郁婷,臺南市,安定區,大同里,4.4,11.6,7.480225989,-0.2655,27.0909,28.1741,22
596,劉米婷,臺南市,安定區,保西里,2.6,5,2.778571429,-0.0357,13,77.8311,13
597,彭郁婷,臺南市,安定區,海寮里,3.6,8.2,4.757925072,-0.1412,47.6667,33.6964,18
598,劉米婷,臺南市,安定區,蘇林里,1.2,2.6,1.441860465,-0.093,6,15.5039,6
599,塗銘鈞,臺南市,安南區,公親里,1.2,2,1.342857143,-0.0714,12,18.8075,6
600,劉米婷,臺南市,安南區,佃東里,3.8,6.4,4.714285714,-0.1429,19,32.9901,19
601,彭郁婷,臺南市,安南區,城南里,10,31,23.21893848,-0.4264,50,54.4534,50
602,彭郁婷,臺南市,安南區,學東里,1.8,4.2,2.598591549,-0.1901,9,13.6696,9
603,彭郁婷,臺南市,安南區,顯宮里,6,17.8,12.69660194,-0.3762,30,33.7496,30
604,劉米婷,臺南市,西港區,西港里,4.6,14,12.35675676,-0.5541,22.8333,22.3006,23
605,彭郁婷,臺南市,西港區,新復里,8,24,11.48775056,-0.1453,52.0541,79.0623,48
606,劉米婷,臺南市,西港區,檨林里,3.6,10.2,7.259146341,-0.3587,19.2273,20.2374,18
607,劉米婷,臺南市,官田區,西庄里,5.2,11.6,6.529331514,-0.1146,53.7143,56.975,26
608,劉米婷,臺南市,官田區,拔林里,6.333333333,20,9.754850088,-0.1711,38,57.0126,38
609,彭郁婷,臺南市,官田區,社子里,3.8,8.8,5.127659574,-0.1509,57.3333,33.9805,19
610,塗銘鈞,臺南市,東區,大福里,0,0,0,NA,0,0,0
611,彭郁婷,臺南市,東區,文聖里,0,0,0,NA,0,0,0
612,彭郁婷,臺南市,東區,東門里,0.2,0.8,1,-1,1,1,1
613,劉米婷,臺南市,東區,富裕里,0,0,0,NA,0,0,0
614,彭郁婷,臺南市,東區,裕農里,0.2,0.4,0.333333333,-0.3333,1.0001,1.0001,1
615,塗銘鈞,臺南市,南區,佛壇里,1.4,4.6,3.659292035,-0.4912,7,7.4497,7
616,彭郁婷,臺南市,南區,明亮里,0.2,0.8,1,-1,1,1,1
617,劉米婷,臺南市,南區,松安里,0.8,2.4,2,-0.5,4,4,4
618,彭郁婷,臺南市,南區,建南里,0.6,2.2,2.088235294,-0.6765,3,3.0868,3
619,彭郁婷,臺南市,南區,郡南里,0,0,0,NA,0,0,0
620,劉米婷,臺南市,將軍區,仁和里,10.4,27,17.63069208,-0.2678,64.0465,65.8353,52
621,彭郁婷,臺南市,將軍區,平沙里,19.16666667,65.5,35.23394754,-0.2453,115,143.6361,115
622,彭郁婷,臺南市,將軍區,長沙里,13.8,47.8,50.29672087,-0.7635,63.0791,65.8765,69
623,劉米婷,臺南市,將軍區,長榮里,1.6,5,3.975,-0.475,5.3636,8.3684,8
624,劉米婷,臺南市,善化區,六分里,1.4,3,1.630769231,-0.0769,7,21.2064,7
625,劉米婷,臺南市,善化區,六德里,1,2,1,0,5,5,5
626,劉米婷,臺南市,新市區,新和里,2.4,5.8,3.535377358,-0.1958,13.3333,18.0561,12
627,塗銘鈞,臺南市,新市區,潭頂里,2.4,7.8,7.036866359,-0.5945,12.6,11.8366,12
628,楊長融,澎湖縣,西嶼鄉,外垵村,2.166666667,6.5,3.16886931,-0.1542,13,20.5504,13
629,楊長融,澎湖縣,西嶼鄉,竹灣村,2,4,2,0,10,10,10
630,楊長融,澎湖縣,馬公市,光華里,0.6,1.6,1.153846154,-0.3462,3,3.3329,3
631,楊長融,澎湖縣,馬公市,重光里,4.2,8.4,5.160409556,-0.1143,21,45.1479,21
632,楊長融,澎湖縣,湖西鄉,白坑村,1.2,3,2.485714286,-0.4286,6,5.7996,6
633,楊長融,澎湖縣,湖西鄉,成功村,1.6,3.4,1.927710843,-0.0964,8,19.997,8
