欄1,學校名稱,日間／進修別,等級別,總計,男生計,女生計,一年級男生,一年級女生,二年級男生,二年級女生,三年級男生,三年級女生,四年級男生,四年級女生,五年級男生,五年級女生,六年級男生,六年級女生,七年級男生,七年級女生,延修生男生,延修生女生,縣市名稱,體系別
1,國立政治大學,D 日,D 博士,949,526,423,87,58,89,80,81,69,76,78,72,42,52,41,69,55,0,0,30 臺北市,1 一般
1,國立政治大學,D 日,M 碩士,4004,"1,832",2172,615,756,619,691,344,436,254,289,0,0,0,0,0,0,0,0,30 臺北市,1 一般
1,國立政治大學,D 日,B 學士,9632,"4,019",5613,962,"1,257",916,"1,316",905,"1,325",883,"1,334",0,0,0,0,0,0,353,381,30 臺北市,1 一般
1,國立政治大學,N 職,M 碩士,1766,905,861,295,269,263,248,173,165,102,118,72,61,0,0,0,0,0,0,30 臺北市,1 一般
2,國立清華大學,D 日,D 博士,1615,"1,170",445,211,91,215,82,186,86,145,57,140,48,106,31,167,50,0,0,18 新竹市,1 一般
2,國立清華大學,D 日,M 碩士,5358,"3,295",2063,"1,385",791,"1,204",713,518,309,183,216,4,19,1,15,0,0,0,0,18 新竹市,1 一般
2,國立清華大學,D 日,B 學士,8625,"4,694",3931,"1,180","1,018","1,113",946,"1,094",873,"1,041",926,0,0,0,0,0,0,266,168,18 新竹市,1 一般
2,國立清華大學,D 日,X 4+X,3,2,1,1,0,1,1,0,0,0,0,0,0,0,0,0,0,0,0,18 新竹市,1 一般
2,國立清華大學,N 職,M 碩士,1316,447,869,166,281,173,256,45,118,20,84,22,53,8,32,13,45,0,0,18 新竹市,1 一般
3,國立臺灣大學,D 日,D 博士,3545,"2,471",1074,493,220,433,174,331,165,335,157,312,119,229,103,338,136,0,0,30 臺北市,1 一般
3,國立臺灣大學,D 日,M 碩士,10551,"6,301",4250,"2,547","1,626","2,333","1,551",915,651,506,422,0,0,0,0,0,0,0,0,30 臺北市,1 一般
3,國立臺灣大學,D 日,B 學士,16756,"9,444",7312,"2,086","1,672","2,162","1,697","2,092","1,543","2,042","1,638",205,127,142,70,0,0,715,565,30 臺北市,1 一般
3,國立臺灣大學,N 職,M 碩士,1675,"1,037",638,351,233,342,243,194,101,62,25,45,14,43,22,0,0,0,0,30 臺北市,1 一般
4,國立臺灣師範大學,D 日,D 博士,1363,641,722,102,138,95,110,85,107,115,111,88,102,75,88,81,66,0,0,30 臺北市,3 師範
4,國立臺灣師範大學,D 日,M 碩士,4255,"1,847",2408,661,794,625,764,339,489,222,361,0,0,0,0,0,0,0,0,30 臺北市,3 師範
4,國立臺灣師範大學,D 日,B 學士,8173,"3,625",4548,890,"1,127",861,"1,071",811,"1,060",784,"1,024",0,0,0,0,0,0,279,266,30 臺北市,3 師範
4,國立臺灣師範大學,N 職,M 碩士,2129,632,1497,210,469,176,430,113,295,65,147,41,99,27,57,0,0,0,0,30 臺北市,3 師範
5,國立成功大學,D 日,D 博士,1818,"1,235",583,254,125,242,118,199,93,170,78,146,70,122,50,102,49,0,0,21 臺南市,1 一般
5,國立成功大學,D 日,M 碩士,7015,"4,417",2598,"1,982","1,133","1,785","1,005",476,327,172,130,2,3,0,0,0,0,0,0,21 臺南市,1 一般
5,國立成功大學,D 日,B 學士,11441,"7,079",4362,"1,704","1,037","1,684","1,043","1,611",988,"1,556","1,011",99,60,58,30,1,0,366,193,21 臺南市,1 一般
5,國立成功大學,N 職,M 碩士,1499,933,566,305,190,289,185,199,106,77,55,62,30,1,0,0,0,0,0,21 臺南市,1 一般
6,國立中興大學,D 日,D 博士,935,657,278,101,35,112,53,105,55,93,37,81,36,64,25,101,37,0,0,19 臺中市,1 一般
6,國立中興大學,D 日,M 碩士,3453,"2,018",1435,828,573,833,584,244,193,109,85,4,0,0,0,0,0,0,0,19 臺中市,1 一般
6,國立中興大學,D 日,B 學士,7990,"4,565",3425,"1,099",795,"1,056",825,"1,094",826,"1,079",823,43,41,0,0,0,0,194,115,19 臺中市,1 一般
6,國立中興大學,N 職,M 碩士,1663,"1,073",590,348,254,349,192,173,74,113,39,90,31,0,0,0,0,0,0,19 臺中市,1 一般
6,國立中興大學,P 進,B 學士,933,413,520,112,123,103,106,76,118,67,111,44,53,0,0,0,0,11,9,19 臺中市,1 一般
7,國立交通大學,D 日,D 博士,1722,"1,332",390,239,79,248,88,229,70,195,55,155,33,114,35,152,30,0,0,18 新竹市,1 一般
7,國立交通大學,D 日,M 碩士,5955,"4,074",1881,"1,584",713,"1,422",686,855,357,211,122,2,3,0,0,0,0,0,0,18 新竹市,1 一般
7,國立交通大學,D 日,B 學士,5905,"4,036",1869,"1,040",490,"1,062",515,885,413,859,401,0,0,0,0,0,0,190,50,18 新竹市,1 一般
7,國立交通大學,N 職,M 碩士,1600,"1,077",523,362,191,333,207,183,65,116,33,83,27,0,0,0,0,0,0,18 新竹市,1 一般
8,國立中央大學,D 日,D 博士,1031,729,302,136,57,129,52,126,50,105,49,87,42,65,28,81,24,0,0,03 桃園市,1 一般
8,國立中央大學,D 日,M 碩士,3516,"2,331",1185,"1,000",497,935,483,288,139,108,65,0,1,0,0,0,0,0,0,03 桃園市,1 一般
8,國立中央大學,D 日,B 學士,6016,"3,748",2268,916,601,890,535,887,543,896,522,0,0,0,0,0,0,159,67,03 桃園市,1 一般
8,國立中央大學,N 職,M 碩士,1375,853,522,331,212,290,214,125,43,61,30,46,23,0,0,0,0,0,0,03 桃園市,1 一般
9,國立中山大學,D 日,D 博士,811,540,271,123,73,101,42,86,44,77,36,73,30,39,24,41,22,0,0,50 高雄市,1 一般
9,國立中山大學,D 日,M 碩士,2997,"1,902",1095,778,460,723,403,282,133,119,99,0,0,0,0,0,0,0,0,50 高雄市,1 一般
9,國立中山大學,D 日,B 學士,4793,"2,937",1856,719,443,640,452,689,421,712,431,0,0,0,0,0,0,177,109,50 高雄市,1 一般
9,國立中山大學,N 職,M 碩士,1105,549,556,206,205,207,177,73,87,40,47,14,23,9,17,0,0,0,0,50 高雄市,1 一般
12,國立臺灣海洋大學,D 日,D 博士,333,246,87,44,12,43,22,44,17,33,15,25,3,21,7,36,11,0,0,17 基隆市,1 一般
12,國立臺灣海洋大學,D 日,M 碩士,1445,944,501,419,199,361,197,109,59,34,26,14,10,6,7,1,3,0,0,17 基隆市,1 一般
12,國立臺灣海洋大學,D 日,B 學士,5929,"4,072",1857,"1,010",466,963,455,949,472,926,433,0,0,0,0,0,0,224,31,17 基隆市,1 一般
12,國立臺灣海洋大學,N 職,M 碩士,595,368,227,137,79,129,88,40,35,28,10,24,6,5,1,5,8,0,0,17 基隆市,1 一般
12,國立臺灣海洋大學,N 修,X 4+X,45,37,8,0,0,36,8,0,0,0,0,0,0,0,0,0,0,1,0,17 基隆市,1 一般
12,國立臺灣海洋大學,P 進,B 學士,558,342,216,129,63,97,49,52,53,31,38,0,0,0,0,0,0,33,13,17 基隆市,1 一般
13,國立中正大學,D 日,D 博士,574,376,198,52,30,63,36,56,27,55,33,53,23,41,28,56,21,0,0,10 嘉義縣,1 一般
13,國立中正大學,D 日,M 碩士,2831,"1,759",1072,707,402,677,352,250,187,125,128,0,3,0,0,0,0,0,0,10 嘉義縣,1 一般
13,國立中正大學,D 日,B 學士,6311,"3,429",2882,856,698,832,691,800,734,805,706,0,0,0,0,0,0,136,53,10 嘉義縣,1 一般
13,國立中正大學,N 職,M 碩士,1412,621,791,215,290,192,273,98,116,70,64,46,48,0,0,0,0,0,0,10 嘉義縣,1 一般
14,國立高雄師範大學,D 日,D 博士,463,223,240,34,41,29,38,34,32,36,33,37,34,24,26,29,36,0,0,50 高雄市,3 師範
14,國立高雄師範大學,D 日,M 碩士,1409,489,920,150,283,148,246,99,199,73,152,16,21,1,13,2,6,0,0,50 高雄市,3 師範
14,國立高雄師範大學,D 日,B 學士,3659,"1,750",1909,431,510,452,445,439,445,370,449,0,0,0,0,0,0,58,60,50 高雄市,3 師範
14,國立高雄師範大學,N 職,M 碩士,1314,468,846,199,289,130,267,60,123,39,65,19,52,21,50,0,0,0,0,50 高雄市,3 師範
15,國立彰化師範大學,D 日,D 博士,495,300,195,58,28,44,34,48,29,49,38,41,25,33,18,27,23,0,0,07 彰化縣,3 師範
15,國立彰化師範大學,D 日,M 碩士,1648,849,799,330,287,276,239,151,169,90,96,1,5,1,3,0,0,0,0,07 彰化縣,3 師範
15,國立彰化師範大學,D 日,B 學士,4898,"2,615",2283,653,544,612,545,612,563,604,560,0,0,0,0,0,0,134,71,07 彰化縣,3 師範
15,國立彰化師範大學,N 職,M 碩士,1412,603,809,215,241,193,244,77,119,41,99,41,59,36,47,0,0,0,0,07 彰化縣,3 師範
16,國立陽明大學,D 日,D 博士,907,515,392,93,94,90,75,90,57,71,48,74,37,52,34,45,47,0,0,30 臺北市,1 一般
16,國立陽明大學,D 日,M 碩士,1364,525,839,231,378,190,325,76,94,26,39,2,3,0,0,0,0,0,0,30 臺北市,1 一般
16,國立陽明大學,D 日,B 學士,2108,"1,143",965,219,202,197,224,224,182,210,182,163,97,114,66,1,0,15,12,30 臺北市,1 一般
16,國立陽明大學,N 職,M 碩士,155,50,105,16,43,15,33,9,13,7,11,3,5,0,0,0,0,0,0,30 臺北市,1 一般
17,國立臺北大學,D 日,D 博士,210,139,71,28,17,27,12,18,10,14,11,24,9,13,7,15,5,0,0,01 新北市,1 一般
17,國立臺北大學,D 日,M 碩士,1393,734,659,273,239,261,222,114,108,79,82,7,8,0,0,0,0,0,0,01 新北市,1 一般
17,國立臺北大學,D 日,B 學士,5812,"2,628",3184,669,770,620,767,598,771,626,764,0,0,0,0,0,0,115,112,01 新北市,1 一般
17,國立臺北大學,N 職,M 碩士,583,280,303,107,124,109,100,32,50,19,21,13,8,0,0,0,0,0,0,01 新北市,1 一般
17,國立臺北大學,P 進,B 學士,2082,810,1272,257,341,188,300,158,288,149,256,2,1,0,0,0,0,56,86,01 新北市,1 一般
18,國立嘉義大學,D 日,D 博士,197,112,85,17,17,19,16,18,9,18,9,14,8,9,10,17,16,0,0,20 嘉義市,1 一般
18,國立嘉義大學,D 日,M 碩士,1292,619,673,238,238,188,223,117,123,76,89,0,0,0,0,0,0,0,0,20 嘉義市,1 一般
18,國立嘉義大學,D 日,B 學士,7374,"3,780",3594,957,860,890,897,886,864,871,875,21,33,0,0,0,0,155,65,20 嘉義市,1 一般
18,國立嘉義大學,N 職,M 碩士,886,338,548,124,199,110,174,58,74,46,101,0,0,0,0,0,0,0,0,20 嘉義市,1 一般
18,國立嘉義大學,P 進,B 學士,1940,"1,220",720,301,180,302,177,250,160,274,169,0,0,0,0,0,0,93,34,20 嘉義市,1 一般
19,國立高雄大學,D 日,D 博士,32,28,4,4,2,5,1,7,1,3,0,5,0,3,0,1,0,0,0,50 高雄市,1 一般
19,國立高雄大學,D 日,M 碩士,646,424,222,178,80,140,80,63,40,43,22,0,0,0,0,0,0,0,0,50 高雄市,1 一般
19,國立高雄大學,D 日,B 學士,4388,"2,526",1862,629,466,620,444,636,469,523,425,0,0,0,0,0,0,118,58,50 高雄市,1 一般
19,國立高雄大學,N 職,M 碩士,515,314,201,98,60,82,79,58,24,38,23,21,9,17,6,0,0,0,0,50 高雄市,1 一般
19,國立高雄大學,N 修,C 二技,160,98,62,0,0,0,0,40,25,27,17,0,0,0,0,0,0,31,20,50 高雄市,2 技職
20,國立東華大學,D 日,D 博士,420,242,178,39,39,43,34,47,28,29,24,25,19,22,13,37,21,0,0,15 花蓮縣,1 一般
20,國立東華大學,D 日,M 碩士,1379,693,686,247,216,217,196,107,138,104,105,9,17,9,14,0,0,0,0,15 花蓮縣,1 一般
20,國立東華大學,D 日,B 學士,7660,"3,612",4048,895,"1,027",864,978,784,957,810,903,0,0,0,0,0,0,259,183,15 花蓮縣,1 一般
20,國立東華大學,N 職,M 碩士,549,238,311,78,102,66,68,41,68,31,36,11,21,9,10,2,6,0,0,15 花蓮縣,1 一般
21,國立暨南國際大學,D 日,D 博士,323,170,153,32,24,29,25,20,23,27,23,26,18,13,17,23,23,0,0,08 南投縣,1 一般
21,國立暨南國際大學,D 日,M 碩士,789,375,414,121,128,136,118,65,81,48,73,1,8,4,6,0,0,0,0,08 南投縣,1 一般
21,國立暨南國際大學,D 日,B 學士,4442,"2,058",2384,538,563,470,534,444,614,489,580,0,0,0,0,0,0,117,93,08 南投縣,1 一般
21,國立暨南國際大學,N 職,M 碩士,462,173,289,69,121,45,79,21,35,18,20,14,21,6,13,0,0,0,0,08 南投縣,1 一般
22,國立臺灣科技大學,D 日,D 博士,1033,795,238,184,62,183,64,137,44,110,27,78,18,49,9,54,14,0,0,30 臺北市,2 技職
22,國立臺灣科技大學,D 日,M 碩士,3600,"2,495",1105,"1,166",509,"1,058",474,206,93,64,29,1,0,0,0,0,0,0,0,30 臺北市,2 技職
22,國立臺灣科技大學,D 日,B 四技,5611,"3,945",1666,982,426,927,414,909,378,919,392,0,0,0,0,0,0,208,56,30 臺北市,2 技職
22,國立臺灣科技大學,D 日,C 二技,115,46,69,0,0,0,0,5,22,31,38,0,0,0,0,0,0,10,9,30 臺北市,2 技職
22,國立臺灣科技大學,N 職,M 碩士,812,506,306,199,129,205,131,56,33,41,11,2,2,3,0,0,0,0,0,30 臺北市,2 技職
23,國立雲林科技大學,D 日,D 博士,432,269,163,63,42,46,22,46,28,36,23,33,19,28,17,17,12,0,0,09 雲林縣,2 技職
23,國立雲林科技大學,D 日,M 碩士,1930,"1,194",736,498,319,500,271,142,105,54,41,0,0,0,0,0,0,0,0,09 雲林縣,2 技職
23,國立雲林科技大學,D 日,B 四技,6253,"3,796",2457,"1,009",560,920,612,865,614,844,612,0,0,0,0,0,0,158,59,09 雲林縣,2 技職
23,國立雲林科技大學,D 日,C 二技,207,85,122,0,0,0,0,40,53,36,60,0,0,0,0,0,0,9,9,09 雲林縣,2 技職
23,國立雲林科技大學,N 職,M 碩士,807,463,344,182,138,161,133,63,40,37,19,20,14,0,0,0,0,0,0,09 雲林縣,2 技職
23,國立雲林科技大學,N 修,B 四技,179,72,107,24,34,16,26,14,24,18,23,0,0,0,0,0,0,0,0,09 雲林縣,2 技職
24,國立屏東科技大學,D 日,D 博士,246,155,91,28,15,26,24,26,9,18,17,16,9,10,7,31,10,0,0,13 屏東縣,2 技職
24,國立屏東科技大學,D 日,M 碩士,1086,606,480,256,201,237,168,82,80,30,18,1,10,0,3,0,0,0,0,13 屏東縣,2 技職
24,國立屏東科技大學,D 日,B 四技,7701,"4,122",3579,"1,029",872,930,873,942,806,953,853,45,57,0,0,0,0,223,118,13 屏東縣,2 技職
24,國立屏東科技大學,D 日,C 二技,3,1,2,0,0,0,0,0,0,0,0,0,0,0,0,0,0,1,2,13 屏東縣,2 技職
24,國立屏東科技大學,N 職,M 碩士,288,191,97,81,45,59,36,21,13,16,2,9,1,5,0,0,0,0,0,13 屏東縣,2 技職
24,國立屏東科技大學,N 修,B 四技,1494,919,575,275,129,215,130,171,116,161,160,0,0,0,0,0,0,97,40,13 屏東縣,2 技職
25,國立臺北科技大學,D 日,D 博士,740,578,162,79,25,112,29,107,26,69,19,64,16,53,15,94,32,0,0,30 臺北市,2 技職
25,國立臺北科技大學,D 日,M 碩士,3081,"2,258",823,"1,003",324,923,383,249,80,83,36,0,0,0,0,0,0,0,0,30 臺北市,2 技職
25,國立臺北科技大學,D 日,B 四技,6273,"4,402",1871,"1,118",440,"1,102",453,995,439,"1,012",478,0,0,0,0,0,0,175,61,30 臺北市,2 技職
25,國立臺北科技大學,D 日,C 二技,93,44,49,0,0,0,0,8,6,29,42,0,0,0,0,0,0,7,1,30 臺北市,2 技職
25,國立臺北科技大學,D 日,5 五專,96,78,18,29,4,24,8,25,6,0,0,0,0,0,0,0,0,0,0,30 臺北市,2 技職
25,國立臺北科技大學,N 職,M 碩士,1622,"1,142",480,432,199,357,176,168,57,106,27,52,14,27,7,0,0,0,0,30 臺北市,2 技職
25,國立臺北科技大學,N 修,B 四技,1891,"1,602",289,372,67,385,64,371,67,411,83,0,0,0,0,0,0,63,8,30 臺北市,2 技職
25,國立臺北科技大學,N 修,C 二技,41,28,13,0,0,0,0,0,0,0,1,18,8,0,0,0,0,10,4,30 臺北市,2 技職
28,國立臺北藝術大學,D 日,D 博士,112,49,63,10,6,11,11,8,15,11,9,2,9,3,9,4,4,0,0,30 臺北市,1 一般
28,國立臺北藝術大學,D 日,M 碩士,1004,359,645,91,202,102,181,92,152,74,110,0,0,0,0,0,0,0,0,30 臺北市,1 一般
28,國立臺北藝術大學,D 日,B 學士,1727,630,1097,143,254,139,249,122,222,138,230,0,0,0,0,0,0,88,142,30 臺北市,1 一般
28,國立臺北藝術大學,D 日,X 4+X,40,26,14,0,0,18,9,0,0,0,0,0,0,0,0,0,0,8,5,30 臺北市,1 一般
28,國立臺北藝術大學,D 日,5 五專,82,35,47,15,15,13,16,7,16,0,0,0,0,0,0,0,0,0,0,30 臺北市,1 一般
28,國立臺北藝術大學,N 職,M 碩士,179,54,125,15,39,18,32,8,29,7,20,6,5,0,0,0,0,0,0,30 臺北市,1 一般
29,國立臺灣藝術大學,D 日,D 博士,134,62,72,13,18,12,13,17,20,11,10,5,4,3,3,1,4,0,0,01 新北市,1 一般
29,國立臺灣藝術大學,D 日,M 碩士,718,257,461,82,141,59,147,65,111,51,62,0,0,0,0,0,0,0,0,01 新北市,1 一般
29,國立臺灣藝術大學,D 日,B 學士,2365,657,1708,156,375,137,401,153,377,134,395,0,0,0,0,0,0,77,160,01 新北市,1 一般
29,國立臺灣藝術大學,N 職,M 碩士,380,157,223,46,52,36,67,33,60,23,21,14,16,5,7,0,0,0,0,01 新北市,1 一般
29,國立臺灣藝術大學,N 修,C 二技,383,87,296,0,0,0,0,33,119,33,117,0,0,0,0,0,0,21,60,01 新北市,2 技職
29,國立臺灣藝術大學,P 進,B 學士,1565,509,1056,124,251,103,259,106,233,114,222,0,0,0,0,0,0,62,91,01 新北市,1 一般
30,國立臺東大學,D 日,D 博士,48,21,27,5,4,3,3,5,5,1,3,1,6,5,2,1,4,0,0,14 臺東縣,1 一般
30,國立臺東大學,D 日,M 碩士,360,148,212,46,70,54,64,27,43,17,25,4,10,0,0,0,0,0,0,14 臺東縣,1 一般
30,國立臺東大學,D 日,B 學士,3598,"1,785",1813,451,481,430,458,412,413,396,396,0,0,0,0,0,0,96,65,14 臺東縣,1 一般
30,國立臺東大學,N 職,M 碩士,575,158,417,63,165,54,146,16,42,9,28,4,19,9,12,3,5,0,0,14 臺東縣,1 一般
30,國立臺東大學,N 修,C 二技,76,39,37,0,0,0,0,24,32,15,5,0,0,0,0,0,0,0,0,14 臺東縣,2 技職
30,國立臺東大學,P 進,B 學士,282,110,172,32,66,34,58,22,13,16,30,0,0,0,0,0,0,6,5,14 臺東縣,1 一般
31,國立宜蘭大學,D 日,D 博士,12,9,3,1,0,3,1,1,2,0,0,3,0,0,0,1,0,0,0,02 宜蘭縣,1 一般
31,國立宜蘭大學,D 日,M 碩士,469,320,149,145,62,106,48,42,23,23,16,2,0,2,0,0,0,0,0,02 宜蘭縣,1 一般
31,國立宜蘭大學,D 日,B 學士,4373,"2,765",1608,694,397,656,413,628,420,659,349,0,0,0,0,0,0,128,29,02 宜蘭縣,1 一般
31,國立宜蘭大學,N 職,M 碩士,216,155,61,60,23,51,22,26,13,8,0,7,2,3,1,0,0,0,0,02 宜蘭縣,1 一般
31,國立宜蘭大學,P 進,B 學士,406,270,136,65,37,69,38,63,29,47,28,0,0,0,0,0,0,26,4,02 宜蘭縣,1 一般
32,國立聯合大學,D 日,D 博士,17,16,1,2,1,3,0,3,0,2,0,3,0,2,0,1,0,0,0,05 苗栗縣,1 一般
32,國立聯合大學,D 日,M 碩士,405,294,111,106,51,109,36,59,13,17,8,2,3,1,0,0,0,0,0,05 苗栗縣,1 一般
32,國立聯合大學,D 日,B 學士,5965,"4,094",1871,"1,035",478,"1,006",432,945,460,915,442,16,15,0,0,0,0,177,44,05 苗栗縣,1 一般
32,國立聯合大學,N 職,M 碩士,38,19,19,12,7,7,11,0,1,0,0,0,0,0,0,0,0,0,0,05 苗栗縣,1 一般
32,國立聯合大學,P 進,B 學士,1134,760,374,178,69,194,89,204,77,133,110,0,0,0,0,0,0,51,29,05 苗栗縣,1 一般
33,國立虎尾科技大學,D 日,D 博士,48,42,6,12,2,7,0,9,0,6,1,5,1,1,1,2,1,0,0,09 雲林縣,2 技職
33,國立虎尾科技大學,D 日,M 碩士,800,658,142,290,65,309,60,52,17,7,0,0,0,0,0,0,0,0,0,09 雲林縣,2 技職
33,國立虎尾科技大學,D 日,B 四技,7333,"5,625",1708,"1,437",434,"1,345",425,"1,296",408,"1,321",406,0,0,0,0,0,0,226,35,09 雲林縣,2 技職
33,國立虎尾科技大學,D 日,C 二技,206,161,45,0,0,0,0,81,26,74,19,0,0,0,0,0,0,6,0,09 雲林縣,2 技職
33,國立虎尾科技大學,D 日,2 二專,56,50,6,23,4,27,2,0,0,0,0,0,0,0,0,0,0,0,0,09 雲林縣,2 技職
33,國立虎尾科技大學,D 日,5 五專,174,153,21,75,9,35,5,43,7,0,0,0,0,0,0,0,0,0,0,09 雲林縣,2 技職
33,國立虎尾科技大學,N 職,M 碩士,191,134,57,48,17,45,21,23,10,13,8,5,1,0,0,0,0,0,0,09 雲林縣,2 技職
33,國立虎尾科技大學,N 修,B 四技,2065,"1,663",402,453,108,479,103,342,105,306,78,0,0,0,0,0,0,83,8,09 雲林縣,2 技職
33,國立虎尾科技大學,N 修,C 二技,165,109,56,0,0,0,0,80,29,27,24,0,0,0,0,0,0,2,3,09 雲林縣,2 技職
35,國立臺南藝術大學,D 日,D 博士,52,25,27,5,9,4,4,4,4,5,1,3,4,1,3,3,2,0,0,11 臺南市,1 一般
35,國立臺南藝術大學,D 日,M 碩士,539,182,357,57,110,44,78,35,87,46,79,0,2,0,1,0,0,0,0,11 臺南市,1 一般
35,國立臺南藝術大學,D 日,B 學士,781,252,529,53,138,56,122,58,127,57,122,0,0,0,0,0,0,28,20,11 臺南市,1 一般
35,國立臺南藝術大學,D 日,5 五專,170,73,97,31,29,23,34,19,34,0,0,0,0,0,0,0,0,0,0,11 臺南市,1 一般
35,國立臺南藝術大學,N 職,M 碩士,57,19,38,7,12,3,9,1,2,0,5,3,4,3,2,2,4,0,0,11 臺南市,1 一般
36,國立臺南大學,D 日,D 博士,163,74,89,13,11,12,18,5,15,12,15,7,13,13,8,12,9,0,0,21 臺南市,1 一般
36,國立臺南大學,D 日,M 碩士,915,401,514,151,180,132,138,65,122,50,70,3,3,0,1,0,0,0,0,21 臺南市,1 一般
36,國立臺南大學,D 日,B 學士,3885,"1,829",2056,457,506,427,494,435,508,426,495,0,0,0,0,0,0,84,53,21 臺南市,1 一般
36,國立臺南大學,N 職,M 碩士,657,212,445,75,152,67,144,35,77,27,49,8,18,0,3,0,2,0,0,21 臺南市,1 一般
36,國立臺南大學,P 進,B 學士,153,87,66,33,25,31,9,19,20,1,8,0,0,0,0,0,0,3,4,21 臺南市,1 一般
37,國立臺北教育大學,D 日,D 博士,153,64,89,7,15,10,12,7,14,12,14,8,10,9,8,11,16,0,0,30 臺北市,3 師範
37,國立臺北教育大學,D 日,M 碩士,1362,427,935,125,289,119,249,75,196,91,159,8,27,6,14,3,1,0,0,30 臺北市,3 師範
37,國立臺北教育大學,D 日,B 學士,3349,"1,119",2230,286,531,245,540,254,558,275,537,0,0,0,0,0,0,59,64,30 臺北市,3 師範
37,國立臺北教育大學,N 職,M 碩士,1021,250,771,90,272,85,246,36,122,18,75,1,19,19,36,1,1,0,0,30 臺北市,3 師範
39,國立臺中教育大學,D 日,D 博士,112,43,69,7,9,4,13,3,12,6,11,6,7,6,5,11,12,0,0,19 臺中市,3 師範
39,國立臺中教育大學,D 日,M 碩士,831,279,552,97,189,88,170,48,115,46,78,0,0,0,0,0,0,0,0,19 臺中市,3 師範
39,國立臺中教育大學,D 日,B 學士,3196,"1,142",2054,269,498,285,501,260,507,283,499,0,0,0,0,0,0,45,49,19 臺中市,3 師範
39,國立臺中教育大學,N 職,M 碩士,763,161,602,50,193,39,182,29,120,23,66,11,28,7,13,2,0,0,0,19 臺中市,3 師範
42,國立澎湖科技大學,D 日,M 碩士,74,38,36,18,19,16,14,4,1,0,2,0,0,0,0,0,0,0,0,16 澎湖縣,2 技職
42,國立澎湖科技大學,D 日,B 四技,2599,"1,564",1035,410,261,381,259,340,253,355,240,0,0,0,0,0,0,78,22,16 澎湖縣,2 技職
42,國立澎湖科技大學,D 日,5 五專,34,31,3,10,0,11,2,10,1,0,0,0,0,0,0,0,0,0,0,16 澎湖縣,2 技職
42,國立澎湖科技大學,N 職,M 碩士,39,24,15,15,4,8,11,0,0,1,0,0,0,0,0,0,0,0,0,16 澎湖縣,2 技職
42,國立澎湖科技大學,N 修,B 四技,301,149,152,44,42,35,34,42,35,24,39,0,0,0,0,0,0,4,2,16 澎湖縣,2 技職
43,國立勤益科技大學,D 日,D 博士,34,30,4,12,0,10,2,1,0,1,1,1,0,1,1,4,0,0,0,06 臺中市,2 技職
43,國立勤益科技大學,D 日,M 碩士,584,444,140,190,65,196,53,46,18,12,4,0,0,0,0,0,0,0,0,06 臺中市,2 技職
43,國立勤益科技大學,D 日,B 四技,6631,"4,546",2085,"1,169",510,"1,122",517,"1,080",519,"1,017",500,0,0,0,0,0,0,158,39,06 臺中市,2 技職
43,國立勤益科技大學,D 日,C 二技,93,73,20,0,0,0,0,27,5,45,15,0,0,0,0,0,0,1,0,06 臺中市,2 技職
43,國立勤益科技大學,N 職,M 碩士,284,225,59,86,27,103,23,18,4,11,3,4,0,3,2,0,0,0,0,06 臺中市,2 技職
43,國立勤益科技大學,N 修,B 四技,3605,"3,034",571,859,139,714,131,624,139,659,138,0,0,0,0,0,0,178,24,06 臺中市,2 技職
43,國立勤益科技大學,N 修,C 二技,424,324,100,0,0,0,0,180,44,135,53,0,0,0,0,0,0,9,3,06 臺中市,2 技職
43,國立勤益科技大學,N 修,2 二專,479,363,116,166,62,141,45,0,0,0,0,0,0,0,0,0,0,56,9,06 臺中市,2 技職
44,國立體育大學,D 日,D 博士,158,112,46,14,10,23,7,16,4,16,9,11,7,22,5,10,4,0,0,03 桃園市,1 一般
44,國立體育大學,D 日,M 碩士,341,190,151,70,60,58,50,44,21,18,20,0,0,0,0,0,0,0,0,03 桃園市,1 一般
44,國立體育大學,D 日,B 學士,1772,"1,113",659,283,163,254,153,252,151,225,150,0,0,0,0,0,0,99,42,03 桃園市,1 一般
44,國立體育大學,N 職,M 碩士,223,140,83,35,40,41,21,37,14,10,1,13,4,4,3,0,0,0,0,03 桃園市,1 一般
44,國立體育大學,N 修,C 二年制,92,58,34,0,0,0,0,26,13,21,19,0,0,0,0,0,0,11,2,03 桃園市,1 一般
46,國立臺北護理健康大學,D 日,D 博士,74,7,67,2,17,1,12,1,12,3,11,0,4,0,6,0,5,0,0,30 臺北市,2 技職
46,國立臺北護理健康大學,D 日,M 碩士,574,98,476,38,150,28,145,16,113,16,68,0,0,0,0,0,0,0,0,30 臺北市,2 技職
46,國立臺北護理健康大學,D 日,B 四技,2837,736,2101,187,533,187,511,185,463,145,502,0,0,0,0,0,0,32,92,30 臺北市,2 技職
46,國立臺北護理健康大學,D 日,C 二技,936,85,851,0,0,0,0,43,438,41,393,0,0,0,0,0,0,1,20,30 臺北市,2 技職
46,國立臺北護理健康大學,N 職,M 碩士,194,28,166,12,59,6,48,8,37,2,22,0,0,0,0,0,0,0,0,30 臺北市,2 技職
46,國立臺北護理健康大學,N 修,C 二技,723,36,687,0,0,0,0,12,239,11,223,12,211,0,0,0,0,1,14,30 臺北市,2 技職
47,國立高雄餐旅大學,D 日,D 博士,35,18,17,4,3,4,3,2,3,1,3,2,0,2,0,3,5,0,0,50 高雄市,2 技職
47,國立高雄餐旅大學,D 日,M 碩士,168,57,111,26,43,20,45,6,18,5,5,0,0,0,0,0,0,0,0,50 高雄市,2 技職
47,國立高雄餐旅大學,D 日,B 四技,3055,947,2108,249,517,228,515,242,531,216,533,0,0,0,0,0,0,12,12,50 高雄市,2 技職
47,國立高雄餐旅大學,D 日,C 二技,85,18,67,0,0,0,0,10,36,8,31,0,0,0,0,0,0,0,0,50 高雄市,2 技職
47,國立高雄餐旅大學,D 日,5 五專,249,101,148,17,34,22,29,23,27,17,29,21,29,0,0,0,0,1,0,50 高雄市,2 技職
47,國立高雄餐旅大學,N 職,M 碩士,37,13,24,7,11,2,8,2,4,2,1,0,0,0,0,0,0,0,0,50 高雄市,2 技職
47,國立高雄餐旅大學,N 修,B 四技,1077,344,733,78,140,78,146,87,193,94,244,0,0,0,0,0,0,7,10,50 高雄市,2 技職
47,國立高雄餐旅大學,N 修,C 二技,222,54,168,0,0,0,0,24,92,30,75,0,0,0,0,0,0,0,1,50 高雄市,2 技職
47,國立高雄餐旅大學,N 修,2 二專,1,0,1,0,0,0,0,0,0,0,0,0,0,0,0,0,0,0,1,50 高雄市,2 技職
48,國立金門大學,D 日,M 碩士,209,128,81,43,42,57,24,17,7,11,8,0,0,0,0,0,0,0,0,71 金門縣,1 一般
48,國立金門大學,D 日,B 學士,2977,"1,566",1411,405,327,393,348,324,352,361,323,20,21,0,0,0,0,63,40,71 金門縣,1 一般
48,國立金門大學,N 職,M 碩士,103,72,31,24,20,22,10,20,1,6,0,0,0,0,0,0,0,0,0,71 金門縣,1 一般
48,國立金門大學,P 進,B 學士,842,481,361,113,97,124,75,104,93,103,81,0,0,0,0,0,0,37,15,71 金門縣,1 一般
49,國立臺灣體育運動大學,D 日,D 博士,7,3,4,3,4,0,0,0,0,0,0,0,0,0,0,0,0,0,0,19 臺中市,1 一般
49,國立臺灣體育運動大學,D 日,M 碩士,261,134,127,47,39,41,35,30,34,14,15,1,2,1,1,0,1,0,0,19 臺中市,1 一般
49,國立臺灣體育運動大學,D 日,B 學士,2362,"1,336",1026,346,265,315,228,288,252,282,225,0,0,0,0,0,0,105,56,19 臺中市,1 一般
49,國立臺灣體育運動大學,N 職,M 碩士,112,72,40,26,14,18,19,17,3,7,3,3,1,1,0,0,0,0,0,19 臺中市,1 一般
49,國立臺灣體育運動大學,P 進,B 學士,380,273,107,77,21,64,20,45,30,64,26,0,0,0,0,0,0,23,10,19 臺中市,1 一般
50,國立臺中科技大學,D 日,M 碩士,417,178,239,73,108,68,87,25,29,12,15,0,0,0,0,0,0,0,0,19 臺中市,2 技職
50,國立臺中科技大學,D 日,B 四技,5355,"1,662",3693,438,917,405,870,382,899,360,913,0,0,0,0,0,0,77,94,19 臺中市,2 技職
50,國立臺中科技大學,D 日,C 二技,1384,284,1100,0,0,0,0,136,544,134,506,0,0,0,0,0,0,14,50,19 臺中市,2 技職
50,國立臺中科技大學,D 日,5 五專,3473,891,2582,215,560,212,541,172,523,151,458,127,461,0,0,0,0,14,39,19 臺中市,2 技職
50,國立臺中科技大學,N 職,M 碩士,221,99,122,37,56,40,52,14,9,8,5,0,0,0,0,0,0,0,0,19 臺中市,2 技職
50,國立臺中科技大學,N 修,B 四技,2178,738,1440,203,332,168,316,158,366,141,351,0,0,0,0,0,0,68,75,19 臺中市,2 技職
50,國立臺中科技大學,N 修,C 二技,1778,604,1174,0,0,0,0,330,594,235,505,0,0,0,0,0,0,39,75,19 臺中市,2 技職
50,國立臺中科技大學,N 修,2 二專,1285,497,788,261,397,190,324,0,0,0,0,0,0,0,0,0,0,46,67,19 臺中市,2 技職
51,國立臺北商業大學,D 日,D 博士,6,5,1,2,1,3,0,0,0,0,0,0,0,0,0,0,0,0,0,30 臺北市,2 技職
51,國立臺北商業大學,D 日,M 碩士,281,116,165,72,90,34,63,9,11,1,1,0,0,0,0,0,0,0,0,30 臺北市,2 技職
51,國立臺北商業大學,D 日,B 四技,2472,773,1699,183,398,204,435,181,400,178,439,0,0,0,0,0,0,27,27,30 臺北市,2 技職
51,國立臺北商業大學,D 日,C 二技,683,159,524,0,0,0,0,67,262,85,247,0,0,0,0,0,0,7,15,30 臺北市,2 技職
51,國立臺北商業大學,D 日,5 五專,1752,473,1279,96,256,95,257,112,226,88,257,73,258,0,0,0,0,9,25,30 臺北市,2 技職
51,國立臺北商業大學,N 職,M 碩士,53,26,27,11,16,10,9,5,2,0,0,0,0,0,0,0,0,0,0,30 臺北市,2 技職
51,國立臺北商業大學,N 修,B 四技,826,300,526,119,164,69,138,53,113,51,102,0,0,0,0,0,0,8,9,30 臺北市,2 技職
51,國立臺北商業大學,N 修,C 二技,821,262,559,0,0,0,0,155,321,97,219,0,0,0,0,0,0,10,19,30 臺北市,2 技職
51,國立臺北商業大學,N 修,2 二專,738,281,457,96,167,185,290,0,0,0,0,0,0,0,0,0,0,0,0,30 臺北市,2 技職
52,國立屏東大學,D 日,D 博士,44,22,22,8,3,3,5,2,6,2,2,3,2,1,3,3,1,0,0,13 屏東縣,1 一般
52,國立屏東大學,D 日,M 碩士,840,319,521,131,195,80,167,58,85,50,72,0,2,0,0,0,0,0,0,13 屏東縣,1 一般
52,國立屏東大學,D 日,B 學士,6655,"2,748",3907,687,922,657,924,620,982,635,956,0,0,0,0,0,0,149,123,13 屏東縣,1 一般
52,國立屏東大學,N 職,M 碩士,688,228,460,82,152,71,138,43,75,22,57,9,37,1,1,0,0,0,0,13 屏東縣,1 一般
52,國立屏東大學,P 進,B 學士,800,364,436,109,138,75,121,87,77,74,75,0,0,0,0,0,0,19,25,13 屏東縣,1 一般
53,國立高雄科技大學,D 日,D 博士,563,437,126,83,28,89,31,80,18,68,13,34,17,39,12,44,7,0,0,50 高雄市,2 技職
53,國立高雄科技大學,D 日,M 碩士,2379,"1,646",733,776,324,633,292,167,60,69,57,0,0,1,0,0,0,0,0,50 高雄市,2 技職
53,國立高雄科技大學,D 日,B 四技,17294,"10,708",6586,"2,747","1,645","2,512","1,637","2,560","1,530","2,455","1,605",0,0,0,0,0,0,434,169,50 高雄市,2 技職
53,國立高雄科技大學,D 日,C 二技,394,245,149,0,0,0,0,117,75,105,61,0,0,0,0,0,0,23,13,50 高雄市,2 技職
53,國立高雄科技大學,D 日,5 五專,739,602,137,114,34,144,33,176,36,80,18,72,15,0,0,0,0,16,1,50 高雄市,2 技職
53,國立高雄科技大學,N 職,M 碩士,2010,"1,317",693,484,303,526,301,159,45,74,15,52,14,22,15,0,0,0,0,50 高雄市,2 技職
53,國立高雄科技大學,N 修,B 四技,3947,"2,683",1264,665,313,629,321,575,299,589,252,0,0,0,0,0,0,225,79,50 高雄市,2 技職
53,國立高雄科技大學,N 修,C 二技,112,64,48,0,0,0,0,33,21,22,23,0,0,0,0,0,0,9,4,50 高雄市,2 技職
144,國立臺灣戲曲學院,D 日,B 四技,546,184,362,56,87,39,90,45,84,35,90,0,0,0,0,0,0,9,11,30 臺北市,2 技職
221,國立臺南護理專科學校,D 日,2 二專,115,9,106,6,54,3,50,0,0,0,0,0,0,0,0,0,0,0,2,21 臺南市,2 技職
221,國立臺南護理專科學校,D 日,5 五專,1801,152,1649,37,337,33,323,30,323,28,325,19,326,0,0,0,0,5,15,21 臺南市,2 技職
221,國立臺南護理專科學校,N 修,2 二專,1,1,,0,0,1,0,0,0,0,0,0,0,0,0,0,0,0,0,21 臺南市,2 技職
222,國立臺東專科學校,D 日,2 二專,595,435,160,234,85,192,72,0,0,0,0,0,0,0,0,0,0,9,3,14 臺東縣,2 技職
222,國立臺東專科學校,D 日,5 五專,321,143,178,23,21,33,22,18,31,27,49,31,48,0,0,0,0,11,7,14 臺東縣,2 技職
222,國立臺東專科學校,N 修,2 二專,125,77,48,39,22,35,26,0,0,0,0,0,0,0,0,0,0,3,0,14 臺東縣,2 技職
1001,東海大學,D 日,D 博士,250,145,105,20,9,22,23,27,17,26,15,14,10,19,14,17,17,0,0,19 臺中市,1 一般
1001,東海大學,D 日,M 碩士,1224,609,615,231,237,185,183,103,105,84,88,0,1,6,1,0,0,0,0,19 臺中市,1 一般
1001,東海大學,D 日,B 學士,13024,"5,714",7310,"1,455","1,811","1,282","1,840","1,361","1,755","1,297","1,661",13,17,0,0,0,0,306,226,19 臺中市,1 一般
1001,東海大學,N 職,M 碩士,767,378,389,126,130,117,134,55,56,29,33,22,16,29,20,0,0,0,0,19 臺中市,1 一般
1001,東海大學,P 進,B 學士,445,228,217,37,40,33,28,55,49,50,51,31,40,0,0,0,0,22,9,19 臺中市,1 一般
1002,輔仁大學,D 日,D 博士,432,245,187,37,27,40,30,34,26,38,31,32,21,31,28,33,24,0,0,01 新北市,1 一般
1002,輔仁大學,D 日,M 碩士,1943,817,1126,275,396,280,386,146,189,113,150,2,1,1,4,0,0,0,0,01 新北市,1 一般
1002,輔仁大學,D 日,B 學士,17584,"7,279",10305,"1,649","2,543","1,766","2,483","1,683","2,515","1,659","2,329",34,16,31,18,1,0,456,401,01 新北市,1 一般
1002,輔仁大學,N 職,M 碩士,1433,549,884,190,337,186,280,72,127,51,67,25,37,24,36,1,0,0,0,01 新北市,1 一般
1002,輔仁大學,N 修,C 二技,54,2,52,0,0,0,0,0,20,1,32,0,0,0,0,0,0,1,0,01 新北市,2 技職
1002,輔仁大學,P 進,B 學士,4205,"1,631",2574,414,617,377,615,355,612,312,523,0,0,0,0,0,0,173,207,01 新北市,1 一般
1003,東吳大學,D 日,D 博士,118,64,54,8,5,13,12,6,6,10,7,10,8,8,8,9,8,0,0,30 臺北市,1 一般
1003,東吳大學,D 日,M 碩士,1294,577,717,209,215,145,215,104,126,109,152,10,9,0,0,0,0,0,0,30 臺北市,1 一般
1003,東吳大學,D 日,B 學士,11760,"4,613",7147,"1,090","1,712","1,068","1,679","1,052","1,627","1,019","1,660",96,164,0,0,0,0,288,305,30 臺北市,1 一般
1003,東吳大學,N 職,M 碩士,1205,559,646,150,171,142,181,77,109,86,65,35,64,69,56,0,0,0,0,30 臺北市,1 一般
1003,東吳大學,P 進,B 學士,997,359,638,82,144,85,143,75,130,63,117,39,79,0,0,0,0,15,25,30 臺北市,1 一般
1004,中原大學,D 日,D 博士,345,236,109,39,23,47,20,50,22,26,18,34,11,15,9,25,6,0,0,03 桃園市,1 一般
1004,中原大學,D 日,M 碩士,1605,910,695,403,279,346,239,106,89,53,80,2,7,0,1,0,0,0,0,03 桃園市,1 一般
1004,中原大學,D 日,B 學士,13560,"7,250",6310,"1,653","1,534","1,631","1,519","1,671","1,477","1,661","1,383",61,95,0,0,0,0,573,302,03 桃園市,1 一般
1004,中原大學,N 職,M 碩士,895,532,363,185,156,153,121,56,30,61,27,44,13,33,16,0,0,0,0,03 桃園市,1 一般
1005,淡江大學,D 日,D 博士,394,260,134,45,19,41,23,40,30,44,16,40,21,36,12,14,13,0,0,01 新北市,1 一般
1005,淡江大學,D 日,M 碩士,1572,895,677,372,275,336,207,111,120,76,75,0,0,0,0,0,0,0,0,01 新北市,1 一般
1005,淡江大學,D 日,B 學士,20239,"10,446",9793,"2,609","2,283","2,506","2,388","2,396","2,392","2,221","2,341",33,22,0,0,0,0,681,367,01 新北市,1 一般
1005,淡江大學,N 職,M 碩士,755,392,363,147,127,134,126,44,40,35,34,15,17,17,19,0,0,0,0,01 新北市,1 一般
1005,淡江大學,P 進,B 學士,1249,702,547,177,116,147,121,159,136,112,99,0,0,0,0,0,0,107,75,01 新北市,1 一般
1006,中國文化大學,D 日,D 博士,511,329,182,35,23,40,21,38,18,36,26,45,20,41,27,94,47,0,0,30 臺北市,1 一般
1006,中國文化大學,D 日,M 碩士,1588,839,749,222,217,169,179,146,132,122,111,106,60,74,50,0,0,0,0,30 臺北市,1 一般
1006,中國文化大學,D 日,B 學士,20402,"10,041",10361,"2,397","2,416","2,201","2,352","2,103","2,352","2,031","2,218",23,22,0,0,0,0,"1,286","1,001",30 臺北市,1 一般
1006,中國文化大學,N 職,M 碩士,634,257,377,57,101,56,90,46,63,36,44,37,45,25,34,0,0,0,0,30 臺北市,1 一般
1006,中國文化大學,N 修,C 二技,162,64,98,0,0,0,0,26,27,31,62,3,7,0,0,0,0,4,2,30 臺北市,2 技職
1006,中國文化大學,P 進,B 學士,1491,645,846,151,212,168,217,129,196,90,128,0,0,0,0,0,0,107,93,30 臺北市,1 一般
1007,逢甲大學,D 日,D 博士,425,308,117,58,26,46,14,48,20,51,18,44,18,27,11,34,10,0,0,19 臺中市,1 一般
1007,逢甲大學,D 日,M 碩士,1494,"1,030",464,462,230,386,152,109,52,69,30,2,0,2,0,0,0,0,0,19 臺中市,1 一般
1007,逢甲大學,D 日,B 學士,17208,"10,206",7002,"2,324","1,771","2,472","1,794","2,411","1,687","2,433","1,561",42,46,0,0,0,0,524,143,19 臺中市,1 一般
1007,逢甲大學,N 職,M 碩士,1056,650,406,233,200,222,126,68,20,52,24,42,28,33,8,0,0,0,0,19 臺中市,1 一般
1007,逢甲大學,P 進,B 學士,876,523,353,120,92,120,69,112,86,102,76,0,0,0,0,0,0,69,30,19 臺中市,1 一般
1008,靜宜大學,D 日,D 博士,47,21,26,2,6,3,7,3,7,3,3,6,2,1,0,3,1,0,0,06 臺中市,1 一般
1008,靜宜大學,D 日,M 碩士,597,215,382,84,168,74,118,32,62,21,31,2,3,1,0,1,0,0,0,06 臺中市,1 一般
1008,靜宜大學,D 日,B 學士,11050,"4,192",6858,"1,035","1,662",909,"1,655",963,"1,605",924,"1,604",0,0,0,0,0,0,361,332,06 臺中市,1 一般
1008,靜宜大學,N 職,M 碩士,324,157,167,65,52,41,42,12,30,14,21,10,11,14,10,1,1,0,0,06 臺中市,1 一般
1009,長庚大學,D 日,D 博士,443,308,135,40,22,48,16,39,24,40,19,44,15,30,16,67,23,0,0,03 桃園市,1 一般
1009,長庚大學,D 日,M 碩士,1088,539,549,205,206,220,184,76,92,34,48,2,13,2,6,0,0,0,0,03 桃園市,1 一般
1009,長庚大學,D 日,B 學士,5099,"2,532",2567,605,593,534,590,561,617,533,556,82,76,88,51,33,17,96,67,03 桃園市,1 一般
1009,長庚大學,N 職,M 碩士,181,88,93,37,41,31,36,7,4,7,3,2,2,4,7,0,0,0,0,03 桃園市,1 一般
1010,元智大學,D 日,D 博士,267,197,70,36,11,36,15,36,11,33,13,14,7,22,7,20,6,0,0,03 桃園市,1 一般
1010,元智大學,D 日,M 碩士,794,521,273,206,121,197,96,80,32,38,24,0,0,0,0,0,0,0,0,03 桃園市,1 一般
1010,元智大學,D 日,B 學士,7092,"4,020",3072,"1,009",759,927,750,922,716,875,701,0,0,0,0,0,0,287,146,03 桃園市,1 一般
1010,元智大學,N 職,M 碩士,586,376,210,118,80,116,62,51,30,29,16,35,14,27,8,0,0,0,0,03 桃園市,1 一般
1011,中華大學,D 日,D 博士,72,53,19,12,6,11,4,11,5,6,1,2,1,4,1,7,1,0,0,18 新竹市,1 一般
1011,中華大學,D 日,M 碩士,309,178,131,63,68,64,47,31,9,20,6,0,1,0,0,0,0,0,0,18 新竹市,1 一般
1011,中華大學,D 日,B 學士,4048,"2,623",1425,642,340,632,326,664,386,442,287,17,12,0,0,0,0,226,74,18 新竹市,1 一般
1011,中華大學,N 職,M 碩士,153,95,58,40,41,33,13,12,2,10,2,0,0,0,0,0,0,0,0,18 新竹市,1 一般
1011,中華大學,N 修,C 二技,193,130,63,0,0,0,0,27,18,101,44,0,0,0,0,0,0,2,1,18 新竹市,2 技職
1011,中華大學,P 進,B 學士,173,117,56,54,36,16,7,21,6,10,4,0,0,0,0,0,0,16,3,18 新竹市,1 一般
1012,大葉大學,D 日,D 博士,121,85,36,16,6,14,8,15,5,16,4,13,6,6,2,5,5,0,0,07 彰化縣,1 一般
1012,大葉大學,D 日,M 碩士,467,248,219,103,117,82,58,40,28,23,16,0,0,0,0,0,0,0,0,07 彰化縣,1 一般
1012,大葉大學,D 日,B 學士,6238,"3,383",2855,788,631,754,691,809,768,816,683,0,0,0,0,0,0,216,82,07 彰化縣,1 一般
1012,大葉大學,N 職,M 碩士,331,135,196,79,140,33,29,11,15,4,5,7,3,1,4,0,0,0,0,07 彰化縣,1 一般
1012,大葉大學,N 修,C 二技,81,2,79,0,0,0,0,0,12,1,30,0,0,0,0,0,0,1,37,07 彰化縣,2 技職
1012,大葉大學,P 進,B 學士,532,310,222,80,37,48,34,67,59,85,82,0,0,0,0,0,0,30,10,07 彰化縣,1 一般
1013,華梵大學,D 日,D 博士,61,33,28,5,5,4,5,6,4,6,3,5,4,4,5,3,2,0,0,01 新北市,1 一般
1013,華梵大學,D 日,M 碩士,186,97,89,34,26,21,25,20,11,22,27,0,0,0,0,0,0,0,0,01 新北市,1 一般
1013,華梵大學,D 日,B 學士,746,396,350,87,94,55,41,106,107,91,84,0,0,0,0,0,0,57,24,01 新北市,1 一般
1013,華梵大學,N 職,M 碩士,172,74,98,32,60,31,22,4,6,2,3,0,0,5,7,0,0,0,0,01 新北市,1 一般
1014,義守大學,D 日,D 博士,156,109,47,17,7,16,12,19,8,19,9,18,5,9,4,11,2,0,0,12 高雄市,1 一般
1014,義守大學,D 日,M 碩士,359,199,160,75,48,77,60,31,33,16,19,0,0,0,0,0,0,0,0,12 高雄市,1 一般
1014,義守大學,D 日,B 學士,12112,"6,089",6023,"1,511","1,491","1,560","1,481","1,310","1,433","1,286","1,375",25,25,0,0,0,0,397,218,12 高雄市,1 一般
1014,義守大學,N 職,M 碩士,360,241,119,101,64,69,38,27,5,33,8,5,1,6,3,0,0,0,0,12 高雄市,1 一般
1014,義守大學,N 修,C 二技,154,28,126,0,0,0,0,11,58,17,60,0,0,0,0,0,0,0,8,12 高雄市,2 技職
1014,義守大學,P 進,B 學士,1210,873,337,178,67,128,68,189,59,294,115,0,0,0,0,0,0,84,28,12 高雄市,1 一般
1015,世新大學,D 日,D 博士,99,49,50,9,9,7,13,11,10,7,3,2,3,6,5,7,7,0,0,30 臺北市,1 一般
1015,世新大學,D 日,M 碩士,566,268,298,110,113,80,106,41,46,37,33,0,0,0,0,0,0,0,0,30 臺北市,1 一般
1015,世新大學,D 日,B 學士,9431,"3,325",6106,829,"1,474",813,"1,447",788,"1,516",748,"1,514",0,0,0,0,0,0,147,155,30 臺北市,1 一般
1015,世新大學,N 職,M 碩士,655,355,300,90,97,100,82,50,42,31,32,46,29,37,18,1,0,0,0,30 臺北市,1 一般
1015,世新大學,P 進,B 學士,472,178,294,38,63,33,75,59,86,41,51,0,0,0,0,0,0,7,19,30 臺北市,1 一般
1016,銘傳大學,D 日,D 博士,77,38,39,6,5,8,8,2,8,4,5,7,4,4,4,7,5,0,0,30 臺北市,1 一般
1016,銘傳大學,D 日,M 碩士,713,304,409,132,174,83,132,49,56,40,47,0,0,0,0,0,0,0,0,30 臺北市,1 一般
1016,銘傳大學,D 日,B 學士,17052,"6,598",10454,"1,578","2,637","1,558","2,496","1,569","2,429","1,421","2,472",19,36,0,0,0,0,453,384,30 臺北市,1 一般
1016,銘傳大學,N 職,M 碩士,772,355,417,117,159,109,140,47,54,33,43,28,14,21,7,0,0,0,0,30 臺北市,1 一般
1017,實踐大學,D 日,D 博士,30,12,18,1,2,1,7,3,1,4,5,0,3,3,0,0,0,0,0,30 臺北市,1 一般
1017,實踐大學,D 日,M 碩士,401,168,233,47,81,52,58,39,53,30,40,0,1,0,0,0,0,0,0,30 臺北市,1 一般
1017,實踐大學,D 日,B 學士,10683,"3,442",7241,894,"1,818",791,"1,786",725,"1,707",728,"1,550",17,23,0,0,0,0,287,357,30 臺北市,1 一般
1017,實踐大學,N 職,M 碩士,119,40,79,16,29,11,18,9,24,4,7,0,1,0,0,0,0,0,0,30 臺北市,1 一般
1017,實踐大學,N 修,C 二技,123,31,92,0,0,0,0,14,39,15,41,0,0,0,0,0,0,2,12,30 臺北市,2 技職
1017,實踐大學,P 進,B 學士,1860,618,1242,161,285,138,306,148,277,116,267,0,0,0,0,0,0,55,107,30 臺北市,1 一般
1018,朝陽科技大學,D 日,D 博士,107,73,34,11,7,20,11,12,8,10,3,7,2,9,1,4,2,0,0,06 臺中市,2 技職
1018,朝陽科技大學,D 日,M 碩士,629,333,296,119,117,121,92,92,87,1,0,0,0,0,0,0,0,0,0,06 臺中市,2 技職
1018,朝陽科技大學,D 日,B 四技,11412,"4,867",6545,"1,165","1,610","1,174","1,597","1,179","1,651","1,092","1,504",0,0,0,0,0,0,257,183,06 臺中市,2 技職
1018,朝陽科技大學,D 日,C 二技,79,23,56,0,0,0,0,6,25,16,31,0,0,0,0,0,0,1,0,06 臺中市,2 技職
1018,朝陽科技大學,N 職,M 碩士,366,170,196,56,73,39,36,74,86,1,0,0,1,0,0,0,0,0,0,06 臺中市,2 技職
1018,朝陽科技大學,N 修,B 四技,2457,"1,286",1171,272,236,283,284,335,293,293,281,0,0,0,0,0,0,103,77,06 臺中市,2 技職
1019,高雄醫學大學,D 日,D 博士,330,166,164,30,33,33,33,23,31,26,27,20,25,19,8,15,7,0,0,50 高雄市,1 一般
1019,高雄醫學大學,D 日,M 碩士,712,201,511,90,210,80,174,25,82,6,41,0,4,0,0,0,0,0,0,50 高雄市,1 一般
1019,高雄醫學大學,D 日,B 學士,5221,"2,190",3031,464,748,471,664,445,699,466,658,143,94,146,105,1,0,54,63,50 高雄市,1 一般
1019,高雄醫學大學,N 職,M 碩士,215,90,125,37,43,30,49,11,17,6,12,6,4,0,0,0,0,0,0,50 高雄市,1 一般
1019,高雄醫學大學,N 修,C 二技,12,0,12,0,0,0,0,0,0,0,0,0,12,0,0,0,0,0,0,50 高雄市,2 技職
1020,南華大學,D 日,D 博士,57,36,21,12,7,6,4,7,4,5,4,4,1,1,1,1,0,0,0,10 嘉義縣,1 一般
1020,南華大學,D 日,M 碩士,601,246,355,120,165,62,97,39,57,23,34,2,2,0,0,0,0,0,0,10 嘉義縣,1 一般
1020,南華大學,D 日,B 學士,4324,"2,018",2306,502,619,502,608,497,553,391,471,0,0,0,0,0,0,126,55,10 嘉義縣,1 一般
1020,南華大學,N 職,M 碩士,398,141,257,63,109,36,72,15,44,16,16,11,16,0,0,0,0,0,0,10 嘉義縣,1 一般
1020,南華大學,P 進,B 學士,321,207,114,60,35,52,20,36,20,41,30,0,0,0,0,0,0,18,9,10 嘉義縣,1 一般
1021,真理大學,D 日,M 碩士,118,73,45,25,20,27,13,13,4,8,7,0,0,0,1,0,0,0,0,01 新北市,1 一般
1021,真理大學,D 日,B 學士,5072,"2,510",2562,735,684,603,636,515,683,469,444,0,0,0,0,0,0,188,115,01 新北市,1 一般
1021,真理大學,N 職,M 碩士,21,12,9,3,5,3,2,5,1,1,0,0,1,0,0,0,0,0,0,01 新北市,1 一般
1021,真理大學,P 進,B 學士,44,33,11,0,0,0,0,5,1,19,7,0,0,0,0,0,0,9,3,01 新北市,1 一般
1022,大同大學,D 日,D 博士,110,67,43,11,5,16,8,8,12,10,2,6,5,5,4,11,7,0,0,30 臺北市,1 一般
1022,大同大學,D 日,M 碩士,228,164,64,47,39,75,15,29,8,13,2,0,0,0,0,0,0,0,0,30 臺北市,1 一般
1022,大同大學,D 日,B 學士,3545,"2,164",1381,576,317,534,333,480,341,453,350,0,0,0,0,0,0,121,40,30 臺北市,1 一般
1022,大同大學,N 職,M 碩士,129,99,30,14,5,34,7,23,8,15,6,13,4,0,0,0,0,0,0,30 臺北市,1 一般
1023,南臺科技大學,D 日,D 博士,97,71,26,11,5,10,5,16,7,15,5,4,1,2,2,13,1,0,0,11 臺南市,2 技職
1023,南臺科技大學,D 日,M 碩士,793,443,350,145,127,168,111,76,64,32,21,9,16,13,11,0,0,0,0,11 臺南市,2 技職
1023,南臺科技大學,D 日,B 四技,12519,"7,175",5344,"1,722","1,213","1,786","1,321","1,633","1,331","1,666","1,308",0,0,0,0,0,0,368,171,11 臺南市,2 技職
1023,南臺科技大學,D 日,C 二技,121,36,85,0,0,0,0,9,55,7,29,0,0,0,0,0,0,20,1,11 臺南市,2 技職
1023,南臺科技大學,D 日,5 五專,250,222,28,76,13,65,7,68,5,0,0,11,2,0,0,0,0,2,1,11 臺南市,2 技職
1023,南臺科技大學,N 職,M 碩士,352,178,174,69,72,53,58,15,23,18,10,12,4,11,7,0,0,0,0,11 臺南市,2 技職
1023,南臺科技大學,N 修,B 四技,3748,"2,368",1380,487,259,547,333,567,342,534,328,0,0,0,0,0,0,233,118,11 臺南市,2 技職
1023,南臺科技大學,N 修,C 二技,144,54,90,0,0,0,0,34,55,12,28,0,0,0,0,0,0,8,7,11 臺南市,2 技職
1024,崑山科技大學,D 日,D 博士,36,29,7,7,0,5,3,7,1,4,3,2,0,2,0,2,0,0,0,11 臺南市,2 技職
1024,崑山科技大學,D 日,M 碩士,305,187,118,75,48,91,55,12,11,9,4,0,0,0,0,0,0,0,0,11 臺南市,2 技職
1024,崑山科技大學,D 日,B 四技,7050,"4,257",2793,878,597,"1,121",725,"1,031",722,934,643,0,0,0,0,0,0,293,106,11 臺南市,2 技職
1024,崑山科技大學,D 日,C 二技,15,11,4,0,0,0,0,0,0,11,4,0,0,0,0,0,0,0,0,11 臺南市,2 技職
1024,崑山科技大學,N 職,M 碩士,156,109,47,45,23,52,21,4,3,8,0,0,0,0,0,0,0,0,0,11 臺南市,2 技職
1024,崑山科技大學,N 修,B 四技,2681,"1,767",914,431,222,370,180,410,186,416,264,0,0,0,0,0,0,140,62,11 臺南市,2 技職
1024,崑山科技大學,N 修,C 二技,259,135,124,0,0,0,0,83,70,50,54,0,0,0,0,0,0,2,0,11 臺南市,2 技職
1024,崑山科技大學,N 修,2 二專,35,17,18,8,6,8,12,0,0,0,0,0,0,0,0,0,0,1,0,11 臺南市,2 技職
1025,嘉南藥理大學,D 日,M 碩士,188,87,101,43,51,29,38,11,10,4,2,0,0,0,0,0,0,0,0,11 臺南市,2 技職
1025,嘉南藥理大學,D 日,B 四技,9425,"3,999",5426,805,"1,122","1,037","1,447",918,"1,393","1,047","1,351",0,0,0,0,0,0,192,113,11 臺南市,2 技職
1025,嘉南藥理大學,D 日,C 二技,87,12,75,0,0,0,0,5,42,7,33,0,0,0,0,0,0,0,0,11 臺南市,2 技職
1025,嘉南藥理大學,D 日,5 五專,3,2,1,0,0,0,0,0,0,0,0,2,1,0,0,0,0,0,0,11 臺南市,2 技職
1025,嘉南藥理大學,N 職,M 碩士,194,80,114,43,55,25,51,10,5,0,1,2,1,0,1,0,0,0,0,11 臺南市,2 技職
1025,嘉南藥理大學,N 修,B 四技,1918,946,972,316,260,172,185,202,234,194,239,0,0,0,0,0,0,62,54,11 臺南市,2 技職
1025,嘉南藥理大學,N 修,C 二技,419,66,353,0,0,0,0,34,217,29,134,0,0,0,0,0,0,3,2,11 臺南市,2 技職
1026,樹德科技大學,D 日,D 博士,34,16,18,2,3,2,2,3,0,0,2,9,11,0,0,0,0,0,0,12 高雄市,2 技職
1026,樹德科技大學,D 日,M 碩士,249,112,137,43,64,36,35,16,15,17,23,0,0,0,0,0,0,0,0,12 高雄市,2 技職
1026,樹德科技大學,D 日,B 四技,7430,"3,139",4291,666,925,806,"1,092",816,"1,143",631,971,0,0,0,0,0,0,220,160,12 高雄市,2 技職
1026,樹德科技大學,D 日,C 二技,8,3,5,0,0,0,0,0,1,3,4,0,0,0,0,0,0,0,0,12 高雄市,2 技職
1026,樹德科技大學,N 職,M 碩士,424,194,230,64,93,69,67,27,25,34,45,0,0,0,0,0,0,0,0,12 高雄市,2 技職
1026,樹德科技大學,N 修,B 四技,1344,789,555,252,185,178,114,172,117,144,109,0,0,0,0,0,0,43,30,12 高雄市,2 技職
1026,樹德科技大學,N 修,C 二技,557,224,333,0,0,0,0,120,166,96,159,0,0,0,0,0,0,8,8,12 高雄市,2 技職
1026,樹德科技大學,N 修,2 二專,450,201,249,106,123,77,108,0,0,0,0,0,0,0,0,0,0,18,18,12 高雄市,2 技職
1027,慈濟大學,D 日,D 博士,114,62,52,12,8,10,12,6,4,8,5,12,7,7,9,7,7,0,0,15 花蓮縣,1 一般
1027,慈濟大學,D 日,M 碩士,344,105,239,41,86,32,76,18,45,14,32,0,0,0,0,0,0,0,0,15 花蓮縣,1 一般
1027,慈濟大學,D 日,B 學士,2896,"1,111",1785,255,458,265,416,250,393,211,398,51,49,32,15,0,0,47,56,15 花蓮縣,1 一般
1027,慈濟大學,N 職,M 碩士,29,6,23,1,5,3,5,0,5,1,4,1,4,0,0,0,0,0,0,15 花蓮縣,1 一般
1028,臺北醫學大學,D 日,D 博士,563,311,252,72,55,64,50,66,51,37,33,40,27,19,21,13,15,0,0,30 臺北市,1 一般
1028,臺北醫學大學,D 日,M 碩士,644,222,422,97,213,91,154,25,35,9,20,0,0,0,0,0,0,0,0,30 臺北市,1 一般
1028,臺北醫學大學,D 日,B 學士,4477,"1,849",2628,353,641,387,574,356,584,372,515,163,118,166,125,0,0,52,71,30 臺北市,1 一般
1028,臺北醫學大學,D 日,X 4+X,2,1,1,0,0,0,0,0,0,0,0,0,0,0,0,0,0,1,1,30 臺北市,1 一般
1028,臺北醫學大學,N 職,M 碩士,307,79,228,25,80,34,72,8,43,12,33,0,0,0,0,0,0,0,0,30 臺北市,1 一般
1029,中山醫學大學,D 日,D 博士,180,108,72,19,15,23,14,18,15,12,11,16,11,8,4,12,2,0,0,19 臺中市,1 一般
1029,中山醫學大學,D 日,M 碩士,514,179,335,74,145,79,118,19,38,7,34,0,0,0,0,0,0,0,0,19 臺中市,1 一般
1029,中山醫學大學,D 日,B 學士,5853,"2,071",3782,449,905,451,898,437,870,421,857,123,84,118,87,0,1,72,80,19 臺中市,1 一般
1029,中山醫學大學,N 職,M 碩士,162,36,126,13,50,16,46,7,16,0,7,0,7,0,0,0,0,0,0,19 臺中市,1 一般
1029,中山醫學大學,N 修,C 二技,124,39,85,0,0,0,0,15,26,11,29,10,26,0,0,0,0,3,4,19 臺中市,2 技職
1030,龍華科技大學,D 日,M 碩士,290,206,84,94,46,64,24,32,9,16,5,0,0,0,0,0,0,0,0,03 桃園市,2 技職
1030,龍華科技大學,D 日,B 四技,6938,"4,575",2363,"1,252",579,"1,000",539,"1,045",598,"1,025",511,0,0,0,0,0,0,253,136,03 桃園市,2 技職
1030,龍華科技大學,D 日,C 二技,37,22,15,0,0,0,0,1,2,21,13,0,0,0,0,0,0,0,0,03 桃園市,2 技職
1030,龍華科技大學,D 日,5 五專,555,486,69,167,19,145,18,123,16,19,4,29,12,0,0,0,0,3,0,03 桃園市,2 技職
1030,龍華科技大學,N 職,M 碩士,112,84,28,35,15,33,9,11,1,5,3,0,0,0,0,0,0,0,0,03 桃園市,2 技職
1030,龍華科技大學,N 修,B 四技,3674,"2,820",854,790,209,649,201,626,189,553,204,0,0,0,0,0,0,202,51,03 桃園市,2 技職
1031,輔英科技大學,D 日,M 碩士,159,43,116,18,47,16,33,5,23,4,12,0,1,0,0,0,0,0,0,12 高雄市,2 技職
1031,輔英科技大學,D 日,B 四技,3626,"1,449",2177,347,489,380,601,322,550,283,457,0,0,0,0,0,0,117,80,12 高雄市,2 技職
1031,輔英科技大學,D 日,C 二技,1533,166,1367,0,0,0,0,89,682,73,663,0,0,0,0,0,0,4,22,12 高雄市,2 技職
1031,輔英科技大學,D 日,5 五專,2751,299,2452,54,546,70,482,74,480,54,465,38,436,0,0,0,0,9,43,12 高雄市,2 技職
1031,輔英科技大學,N 職,M 碩士,103,6,97,1,24,0,22,5,35,0,10,0,6,0,0,0,0,0,0,12 高雄市,2 技職
1031,輔英科技大學,N 修,B 四技,627,439,188,136,117,96,16,98,24,82,23,0,0,0,0,0,0,27,8,12 高雄市,2 技職
1031,輔英科技大學,N 修,C 二技,992,210,782,0,0,0,0,104,372,70,290,19,20,0,0,0,0,17,100,12 高雄市,2 技職
1032,明新科技大學,D 日,M 碩士,223,146,77,45,34,56,23,27,15,18,5,0,0,0,0,0,0,0,0,04 新竹縣,2 技職
1032,明新科技大學,D 日,B 四技,7433,"4,536",2897,787,522,"1,046",710,"1,311",877,"1,082",670,0,0,0,0,0,0,310,118,04 新竹縣,2 技職
1032,明新科技大學,D 日,C 二技,21,10,11,0,0,0,0,0,0,10,11,0,0,0,0,0,0,0,0,04 新竹縣,2 技職
1032,明新科技大學,D 日,2 二專,37,35,2,13,0,22,2,0,0,0,0,0,0,0,0,0,0,0,0,04 新竹縣,2 技職
1032,明新科技大學,N 職,M 碩士,286,208,78,80,36,56,24,37,13,20,3,7,1,8,1,0,0,0,0,04 新竹縣,2 技職
1032,明新科技大學,N 修,B 四技,2979,"1,903",1076,454,242,416,248,444,268,392,243,0,0,0,0,0,0,197,75,04 新竹縣,2 技職
1032,明新科技大學,N 修,C 二技,693,327,366,0,0,0,0,190,189,132,177,0,0,0,0,0,0,5,0,04 新竹縣,2 技職
1032,明新科技大學,N 修,2 二專,214,149,65,89,42,58,21,0,0,0,0,0,0,0,0,0,0,2,2,04 新竹縣,2 技職
1033,長榮大學,D 日,D 博士,46,33,13,9,5,7,2,4,3,7,1,4,0,1,1,1,1,0,0,11 臺南市,1 一般
1033,長榮大學,D 日,M 碩士,308,111,197,39,70,27,41,25,42,19,30,1,14,0,0,0,0,0,0,11 臺南市,1 一般
1033,長榮大學,D 日,B 學士,7387,"3,233",4154,873,970,780,"1,061",732,"1,151",689,886,0,0,0,0,0,0,159,86,11 臺南市,1 一般
1033,長榮大學,N 職,M 碩士,122,78,44,42,19,27,11,6,7,2,6,1,1,0,0,0,0,0,0,11 臺南市,1 一般
1033,長榮大學,P 進,B 學士,385,256,129,75,51,68,26,47,22,56,25,0,0,0,0,0,0,10,5,11 臺南市,1 一般
1034,弘光科技大學,D 日,D 博士,14,2,12,1,2,0,3,0,3,1,2,0,2,0,0,0,0,0,0,06 臺中市,2 技職
1034,弘光科技大學,D 日,M 碩士,186,57,129,26,52,17,44,8,20,6,13,0,0,0,0,0,0,0,0,06 臺中市,2 技職
1034,弘光科技大學,D 日,B 四技,7221,"2,640",4581,631,"1,111",641,"1,153",625,"1,132",589,"1,039",0,0,0,0,0,0,154,146,06 臺中市,2 技職
1034,弘光科技大學,D 日,C 二技,699,38,661,0,0,0,0,21,337,17,323,0,0,0,0,0,0,0,1,06 臺中市,2 技職
1034,弘光科技大學,D 日,5 五專,260,29,231,5,47,9,43,9,43,3,47,3,45,0,0,0,0,0,6,06 臺中市,2 技職
1034,弘光科技大學,N 職,M 碩士,92,20,72,11,23,6,20,0,14,0,11,3,2,0,2,0,0,0,0,06 臺中市,2 技職
1034,弘光科技大學,N 修,B 四技,3312,"1,536",1776,421,466,368,417,310,415,312,373,3,18,0,0,0,0,122,87,06 臺中市,2 技職
1034,弘光科技大學,N 修,C 二技,786,60,726,0,0,0,0,30,286,16,239,13,191,0,0,0,0,1,10,06 臺中市,2 技職
1034,弘光科技大學,N 修,2 二專,130,16,114,5,58,10,52,0,0,0,0,0,0,0,0,0,0,1,4,06 臺中市,2 技職
1035,中國醫藥大學,D 日,D 博士,385,220,165,58,32,36,30,43,28,34,25,24,28,15,12,10,10,0,0,19 臺中市,1 一般
1035,中國醫藥大學,D 日,M 碩士,482,175,307,80,149,65,122,20,28,10,7,0,1,0,0,0,0,0,0,19 臺中市,1 一般
1035,中國醫藥大學,D 日,B 學士,6241,"2,662",3579,511,798,492,766,519,729,490,711,346,313,183,124,63,64,58,74,19 臺中市,1 一般
1035,中國醫藥大學,N 職,M 碩士,94,28,66,8,30,14,27,2,5,4,3,0,1,0,0,0,0,0,0,19 臺中市,1 一般
1035,中國醫藥大學,N 修,C 二技,1,0,1,0,0,0,0,0,0,0,0,0,0,0,0,0,0,0,1,19 臺中市,2 技職
1036,健行科技大學,D 日,M 碩士,283,182,101,87,59,61,24,24,10,9,8,0,0,1,0,0,0,0,0,03 桃園市,2 技職
1036,健行科技大學,D 日,B 四技,6627,"4,474",2153,940,455,"1,153",517,"1,241",596,893,489,0,0,0,0,0,0,247,96,03 桃園市,2 技職
1036,健行科技大學,D 日,C 二技,43,28,15,0,0,0,0,11,6,5,5,12,4,0,0,0,0,0,0,03 桃園市,2 技職
1036,健行科技大學,D 日,5 五專,1,1,,0,0,0,0,0,0,0,0,0,0,0,0,0,0,1,0,03 桃園市,2 技職
1036,健行科技大學,N 職,M 碩士,46,28,18,10,10,10,5,4,2,1,0,3,1,0,0,0,0,0,0,03 桃園市,2 技職
1036,健行科技大學,N 修,B 四技,4021,"2,567",1454,701,398,564,390,581,317,587,304,0,0,0,0,0,0,134,45,03 桃園市,2 技職
1036,健行科技大學,N 修,C 二技,258,121,137,0,0,0,0,78,106,41,30,0,0,0,0,0,0,2,1,03 桃園市,2 技職
1037,正修科技大學,D 日,D 博士,13,13,,3,0,3,0,3,0,1,0,1,0,2,0,0,0,0,0,12 高雄市,2 技職
1037,正修科技大學,D 日,M 碩士,362,203,159,86,57,76,75,30,18,11,9,0,0,0,0,0,0,0,0,12 高雄市,2 技職
1037,正修科技大學,D 日,B 四技,8421,"5,152",3269,"1,277",758,"1,329",818,"1,301",834,"1,048",780,0,0,0,0,0,0,197,79,12 高雄市,2 技職
1037,正修科技大學,D 日,C 二技,76,46,30,0,0,0,0,0,0,46,30,0,0,0,0,0,0,0,0,12 高雄市,2 技職
1037,正修科技大學,D 日,5 五專,200,156,44,53,17,57,10,46,17,0,0,0,0,0,0,0,0,0,0,12 高雄市,2 技職
1037,正修科技大學,N 職,M 碩士,185,127,58,48,25,65,29,10,3,4,1,0,0,0,0,0,0,0,0,12 高雄市,2 技職
1037,正修科技大學,N 修,B 四技,5069,"3,375",1694,925,405,847,397,749,439,622,377,0,0,0,0,0,0,232,76,12 高雄市,2 技職
1037,正修科技大學,N 修,C 二技,2024,"1,046",978,0,0,0,0,555,526,485,443,0,0,0,0,0,0,6,9,12 高雄市,2 技職
1037,正修科技大學,N 修,2 二專,1123,654,469,367,245,265,212,0,0,0,0,0,0,0,0,0,0,22,12,12 高雄市,2 技職
1038,萬能科技大學,D 日,M 碩士,152,73,79,26,26,24,26,18,14,5,13,0,0,0,0,0,0,0,0,03 桃園市,2 技職
1038,萬能科技大學,D 日,B 四技,6098,"3,321",2777,766,677,827,731,831,665,695,596,0,0,0,0,0,0,202,108,03 桃園市,2 技職
1038,萬能科技大學,N 職,M 碩士,106,60,46,39,29,16,15,2,1,0,0,3,1,0,0,0,0,0,0,03 桃園市,2 技職
1038,萬能科技大學,N 修,B 四技,2635,"1,512",1123,428,303,311,220,416,328,301,242,0,0,0,0,0,0,56,30,03 桃園市,2 技職
1038,萬能科技大學,N 修,C 二技,638,330,308,0,0,0,0,101,104,229,204,0,0,0,0,0,0,0,0,03 桃園市,2 技職
1038,萬能科技大學,N 修,2 二專,62,7,55,1,38,3,17,0,0,0,0,0,0,0,0,0,0,3,0,03 桃園市,2 技職
1039,玄奘大學,D 日,D 博士,2,0,2,0,0,0,0,0,0,0,0,0,0,0,0,0,2,0,0,18 新竹市,1 一般
1039,玄奘大學,D 日,M 碩士,247,83,164,25,44,20,50,19,40,18,27,1,2,0,1,0,0,0,0,18 新竹市,1 一般
1039,玄奘大學,D 日,B 學士,1945,818,1127,173,266,182,246,176,261,219,282,0,0,0,0,0,0,68,72,18 新竹市,1 一般
1039,玄奘大學,N 職,M 碩士,142,48,94,16,30,9,20,9,21,7,16,7,7,0,0,0,0,0,0,18 新竹市,1 一般
1039,玄奘大學,P 進,B 學士,72,29,43,0,0,1,1,11,10,11,18,0,0,0,0,0,0,6,14,18 新竹市,1 一般
1040,建國科技大學,D 日,M 碩士,151,100,51,34,13,46,25,16,10,4,3,0,0,0,0,0,0,0,0,07 彰化縣,2 技職
1040,建國科技大學,D 日,B 四技,4002,"2,695",1307,363,173,727,362,875,394,591,327,0,0,0,0,0,0,139,51,07 彰化縣,2 技職
1040,建國科技大學,D 日,C 二技,1,1,,0,0,0,0,0,0,0,0,0,0,0,0,0,0,1,0,07 彰化縣,2 技職
1040,建國科技大學,N 修,B 四技,2021,"1,532",489,362,148,401,90,349,121,353,122,0,0,0,0,0,0,67,8,07 彰化縣,2 技職
1040,建國科技大學,N 修,C 二技,325,190,135,0,0,0,0,97,67,87,68,0,0,0,0,0,0,6,0,07 彰化縣,2 技職
1040,建國科技大學,N 修,2 二專,120,86,34,35,20,46,14,0,0,0,0,0,0,0,0,0,0,5,0,07 彰化縣,2 技職
1041,明志科技大學,D 日,D 博士,22,18,4,6,1,2,1,7,1,2,1,1,0,0,0,0,0,0,0,01 新北市,2 技職
1041,明志科技大學,D 日,M 碩士,468,338,130,142,62,135,42,47,19,14,6,0,0,0,0,0,1,0,0,01 新北市,2 技職
1041,明志科技大學,D 日,B 四技,3607,"2,636",971,637,241,632,248,623,227,597,238,0,0,0,0,0,0,147,17,01 新北市,2 技職
1041,明志科技大學,N 職,M 碩士,18,14,4,4,1,5,1,3,1,1,1,1,0,0,0,0,0,0,0,01 新北市,2 技職
1041,明志科技大學,N 修,B 四技,377,348,29,27,1,95,5,104,6,92,14,0,0,0,0,0,0,30,3,01 新北市,2 技職
1042,高苑科技大學,D 日,M 碩士,69,38,31,24,17,7,10,5,3,2,1,0,0,0,0,0,0,0,0,12 高雄市,2 技職
1042,高苑科技大學,D 日,B 四技,1807,"1,222",585,178,135,274,173,403,162,248,92,0,0,0,0,0,0,119,23,12 高雄市,2 技職
1042,高苑科技大學,N 職,M 碩士,170,125,45,68,31,39,12,14,1,2,1,2,0,0,0,0,0,0,0,12 高雄市,2 技職
1042,高苑科技大學,N 修,B 四技,979,786,193,180,58,146,21,152,41,213,48,0,0,0,0,0,0,95,25,12 高雄市,2 技職
1042,高苑科技大學,N 修,C 二技,284,169,115,0,0,0,0,92,61,65,51,0,0,0,0,0,0,12,3,12 高雄市,2 技職
1042,高苑科技大學,N 修,2 二專,201,126,75,59,52,30,18,0,0,0,0,0,0,0,0,0,0,37,5,12 高雄市,2 技職
1043,大仁科技大學,D 日,M 碩士,69,32,37,11,24,20,13,1,0,0,0,0,0,0,0,0,0,0,0,13 屏東縣,2 技職
1043,大仁科技大學,D 日,B 四技,3399,"1,631",1768,323,353,398,427,369,396,343,396,90,109,0,0,0,0,108,87,13 屏東縣,2 技職
1043,大仁科技大學,D 日,C 二技,1,0,1,0,0,0,0,0,0,0,1,0,0,0,0,0,0,0,0,13 屏東縣,2 技職
1043,大仁科技大學,N 職,M 碩士,161,82,79,37,33,35,43,5,3,4,0,1,0,0,0,0,0,0,0,13 屏東縣,2 技職
1043,大仁科技大學,N 修,B 四技,266,171,95,17,15,29,18,46,16,57,38,0,0,0,0,0,0,22,8,13 屏東縣,2 技職
1043,大仁科技大學,N 修,C 二技,1393,451,942,0,0,0,0,231,440,212,468,0,0,0,0,0,0,8,34,13 屏東縣,2 技職
1043,大仁科技大學,N 修,2 二專,100,48,52,26,28,17,22,0,0,0,0,0,0,0,0,0,0,5,2,13 屏東縣,2 技職
1044,聖約翰科技大學,D 日,M 碩士,93,68,25,15,8,25,11,14,4,14,2,0,0,0,0,0,0,0,0,01 新北市,2 技職
1044,聖約翰科技大學,D 日,B 四技,1482,969,513,81,68,178,100,236,126,316,178,0,0,0,0,0,0,158,41,01 新北市,2 技職
1044,聖約翰科技大學,D 日,C 二技,2,0,2,0,0,0,0,0,2,0,0,0,0,0,0,0,0,0,0,01 新北市,2 技職
1044,聖約翰科技大學,D 日,5 五專,252,197,55,17,4,40,8,43,10,53,14,37,17,0,0,0,0,7,2,01 新北市,2 技職
1044,聖約翰科技大學,N 職,M 碩士,114,82,32,23,13,43,16,14,2,2,1,0,0,0,0,0,0,0,0,01 新北市,2 技職
1044,聖約翰科技大學,N 修,B 四技,323,263,60,62,6,115,20,76,30,5,4,0,0,0,0,0,0,5,0,01 新北市,2 技職
1044,聖約翰科技大學,N 修,C 二技,66,43,23,0,0,0,0,43,23,0,0,0,0,0,0,0,0,0,0,01 新北市,2 技職
1044,聖約翰科技大學,N 修,2 二專,59,33,26,28,12,5,14,0,0,0,0,0,0,0,0,0,0,0,0,01 新北市,2 技職
1045,嶺東科技大學,D 日,M 碩士,255,118,137,59,62,37,50,14,14,8,11,0,0,0,0,0,0,0,0,19 臺中市,2 技職
1045,嶺東科技大學,D 日,B 四技,7296,"2,704",4592,625,"1,147",656,"1,198",692,"1,105",587,"1,067",0,0,0,0,0,0,144,75,19 臺中市,2 技職
1045,嶺東科技大學,D 日,C 二技,5,2,3,0,0,0,0,0,0,2,3,0,0,0,0,0,0,0,0,19 臺中市,2 技職
1045,嶺東科技大學,N 職,M 碩士,166,110,56,48,30,45,23,11,2,6,1,0,0,0,0,0,0,0,0,19 臺中市,2 技職
1045,嶺東科技大學,N 修,B 四技,2788,"1,495",1293,441,356,342,317,308,260,296,265,0,0,0,0,0,0,108,95,19 臺中市,2 技職
1046,中國科技大學,D 日,M 碩士,151,86,65,37,31,30,25,11,7,8,2,0,0,0,0,0,0,0,0,30 臺北市,2 技職
1046,中國科技大學,D 日,B 四技,6374,"2,918",3456,573,715,797,892,685,864,679,824,0,0,0,0,0,0,184,161,30 臺北市,2 技職
1046,中國科技大學,N 職,M 碩士,77,55,22,35,10,16,12,3,0,1,0,0,0,0,0,0,0,0,0,30 臺北市,2 技職
1046,中國科技大學,N 修,B 四技,1278,738,540,209,144,180,119,131,100,146,117,0,0,0,0,0,0,72,60,30 臺北市,2 技職
1046,中國科技大學,N 修,C 二技,460,270,190,0,0,0,0,249,190,17,0,0,0,0,0,0,0,4,0,30 臺北市,2 技職
1046,中國科技大學,N 修,X 4+X,2,0,2,0,0,0,1,0,0,0,0,0,0,0,0,0,0,0,1,30 臺北市,2 技職
1046,中國科技大學,N 修,2 二專,473,238,235,110,125,108,96,0,0,0,0,0,0,0,0,0,0,20,14,30 臺北市,2 技職
1047,中臺科技大學,D 日,D 博士,15,11,4,1,0,1,1,2,1,2,1,0,0,2,0,3,1,0,0,19 臺中市,2 技職
1047,中臺科技大學,D 日,M 碩士,124,34,90,16,34,13,31,4,12,1,8,0,5,0,0,0,0,0,0,19 臺中市,2 技職
1047,中臺科技大學,D 日,B 四技,4638,"1,935",2703,420,530,476,708,471,695,396,631,0,0,0,0,0,0,172,139,19 臺中市,2 技職
1047,中臺科技大學,D 日,C 二技,529,83,446,0,0,0,0,45,234,38,210,0,0,0,0,0,0,0,2,19 臺中市,2 技職
1047,中臺科技大學,D 日,2 二專,18,8,10,0,0,8,10,0,0,0,0,0,0,0,0,0,0,0,0,19 臺中市,2 技職
1047,中臺科技大學,N 職,M 碩士,246,50,196,17,79,19,57,11,37,3,23,0,0,0,0,0,0,0,0,19 臺中市,2 技職
1047,中臺科技大學,N 修,B 四技,1596,573,1023,162,279,138,236,113,214,99,187,9,51,0,0,0,0,52,56,19 臺中市,2 技職
1047,中臺科技大學,N 修,C 二技,1004,115,889,0,0,0,0,59,382,30,308,23,191,0,0,0,0,3,8,19 臺中市,2 技職
1048,亞洲大學,D 日,D 博士,243,153,90,30,18,33,17,32,22,18,9,23,11,7,6,10,7,0,0,06 臺中市,1 一般
1048,亞洲大學,D 日,M 碩士,629,287,342,130,125,95,107,34,61,28,49,0,0,0,0,0,0,0,0,06 臺中市,1 一般
1048,亞洲大學,D 日,B 學士,9388,"3,314",6074,821,"1,534",773,"1,482",793,"1,474",774,"1,460",0,0,0,0,0,0,153,124,06 臺中市,1 一般
1048,亞洲大學,N 職,M 碩士,387,194,193,111,110,61,48,16,28,6,7,0,0,0,0,0,0,0,0,06 臺中市,1 一般
1048,亞洲大學,P 進,B 學士,774,374,400,96,102,61,88,86,109,68,70,0,0,0,0,0,0,63,31,06 臺中市,1 一般
1049,開南大學,D 日,M 碩士,222,84,138,35,59,20,45,12,17,16,16,1,1,0,0,0,0,0,0,03 桃園市,1 一般
1049,開南大學,D 日,B 學士,4032,"1,971",2061,491,478,409,475,442,489,434,455,0,0,0,0,0,0,195,164,03 桃園市,1 一般
1049,開南大學,N 職,M 碩士,333,196,137,100,83,51,26,19,14,12,5,8,3,6,6,0,0,0,0,03 桃園市,1 一般
1049,開南大學,P 進,B 學士,1000,562,438,145,114,150,106,125,103,120,93,0,0,0,0,0,0,22,22,03 桃園市,1 一般
1050,佛光大學,D 日,D 博士,62,23,39,4,8,4,5,3,12,3,3,1,6,4,3,4,2,0,0,02 宜蘭縣,1 一般
1050,佛光大學,D 日,M 碩士,449,175,274,80,111,40,72,24,39,30,50,0,1,1,0,0,1,0,0,02 宜蘭縣,1 一般
1050,佛光大學,D 日,B 學士,2825,"1,310",1515,357,389,294,380,280,359,284,323,0,0,0,0,0,0,95,64,02 宜蘭縣,1 一般
1050,佛光大學,N 職,M 碩士,122,60,62,25,38,9,13,5,6,10,2,11,3,0,0,0,0,0,0,02 宜蘭縣,1 一般
1051,台南應用科技大學,D 日,M 碩士,96,34,62,11,23,13,15,5,19,5,5,0,0,0,0,0,0,0,0,11 臺南市,2 技職
1051,台南應用科技大學,D 日,B 四技,7914,"2,379",5535,542,"1,353",659,"1,430",547,"1,339",527,"1,318",0,0,0,0,0,0,104,95,11 臺南市,2 技職
1051,台南應用科技大學,D 日,C 二技,480,80,400,0,0,0,0,40,183,31,193,0,0,0,0,0,0,9,24,11 臺南市,2 技職
1051,台南應用科技大學,D 日,5 五專,1002,230,772,37,127,55,143,49,167,49,167,40,168,0,0,0,0,0,0,11 臺南市,2 技職
1051,台南應用科技大學,N 職,M 碩士,105,31,74,14,21,7,28,5,12,4,10,1,3,0,0,0,0,0,0,11 臺南市,2 技職
1051,台南應用科技大學,N 修,B 四技,2497,943,1554,263,422,240,404,222,362,164,317,0,0,0,0,0,0,54,49,11 臺南市,2 技職
1051,台南應用科技大學,N 修,C 二技,269,45,224,0,0,0,0,23,109,19,99,0,8,0,0,0,0,3,8,11 臺南市,2 技職
1052,遠東科技大學,D 日,M 碩士,274,154,120,74,77,58,34,14,7,8,2,0,0,0,0,0,0,0,0,11 臺南市,2 技職
1052,遠東科技大學,D 日,B 四技,3142,"2,166",976,396,149,472,208,562,283,552,248,0,0,0,0,0,0,184,88,11 臺南市,2 技職
1052,遠東科技大學,N 職,M 碩士,43,42,1,13,1,12,0,10,0,4,0,1,0,2,0,0,0,0,0,11 臺南市,2 技職
1052,遠東科技大學,N 修,B 四技,621,471,150,101,29,116,31,111,41,105,40,0,0,0,0,0,0,38,9,11 臺南市,2 技職
1052,遠東科技大學,N 修,C 二技,381,268,113,0,0,0,0,100,57,161,54,0,0,0,0,0,0,7,2,11 臺南市,2 技職
1052,遠東科技大學,N 修,2 二專,263,160,103,79,44,76,58,0,0,0,0,0,0,0,0,0,0,5,1,11 臺南市,2 技職
1053,元培醫事科技大學,D 日,D 博士,1,1,,1,0,0,0,0,0,0,0,0,0,0,0,0,0,0,0,18 新竹市,2 技職
1053,元培醫事科技大學,D 日,M 碩士,270,128,142,49,54,51,53,16,20,12,15,0,0,0,0,0,0,0,0,18 新竹市,2 技職
1053,元培醫事科技大學,D 日,B 四技,3673,"1,641",2032,331,467,419,538,386,526,349,416,0,0,0,0,0,0,156,85,18 新竹市,2 技職
1053,元培醫事科技大學,D 日,C 二技,100,5,95,0,0,0,0,3,48,2,47,0,0,0,0,0,0,0,0,18 新竹市,2 技職
1053,元培醫事科技大學,N 職,M 碩士,44,10,34,4,13,4,12,0,5,2,4,0,0,0,0,0,0,0,0,18 新竹市,2 技職
1053,元培醫事科技大學,N 修,B 四技,1570,828,742,242,225,244,183,191,180,116,131,0,0,0,0,0,0,35,23,18 新竹市,2 技職
1053,元培醫事科技大學,N 修,C 二技,521,106,415,0,0,0,0,40,90,60,322,0,0,0,0,0,0,6,3,18 新竹市,2 技職
1053,元培醫事科技大學,N 修,2 二專,7,4,3,0,0,0,0,0,0,0,0,0,0,0,0,0,0,4,3,18 新竹市,2 技職
1054,景文科技大學,D 日,M 碩士,41,28,13,9,5,11,4,6,4,2,0,0,0,0,0,0,0,0,0,01 新北市,2 技職
1054,景文科技大學,D 日,B 四技,5054,"2,284",2770,436,549,580,828,539,669,527,582,0,0,0,0,0,0,202,142,01 新北市,2 技職
1054,景文科技大學,D 日,C 二技,4,2,2,0,0,0,0,2,2,0,0,0,0,0,0,0,0,0,0,01 新北市,2 技職
1054,景文科技大學,N 職,M 碩士,45,27,18,6,4,12,12,6,0,3,2,0,0,0,0,0,0,0,0,01 新北市,2 技職
1054,景文科技大學,N 修,B 四技,1050,541,509,160,122,110,95,111,111,133,162,0,0,0,0,0,0,27,19,01 新北市,2 技職
1054,景文科技大學,N 修,C 二技,308,138,170,0,0,0,0,50,83,88,85,0,0,0,0,0,0,0,2,01 新北市,2 技職
1054,景文科技大學,N 修,2 二專,154,88,66,46,26,36,39,0,0,0,0,0,0,0,0,0,0,6,1,01 新北市,2 技職
1055,中華醫事科技大學,D 日,M 碩士,88,43,45,20,23,19,15,3,6,1,1,0,0,0,0,0,0,0,0,11 臺南市,2 技職
1055,中華醫事科技大學,D 日,B 四技,3296,"1,248",2048,223,393,241,511,382,597,332,500,0,0,0,0,0,0,70,47,11 臺南市,2 技職
1055,中華醫事科技大學,D 日,C 二技,770,196,574,0,0,0,0,107,316,87,254,0,0,0,0,0,0,2,4,11 臺南市,2 技職
1055,中華醫事科技大學,D 日,2 二專,39,19,20,0,0,18,20,0,0,0,0,0,0,0,0,0,0,1,0,11 臺南市,2 技職
1055,中華醫事科技大學,D 日,5 五專,3155,696,2459,159,549,143,496,144,473,124,492,115,410,0,0,0,0,11,39,11 臺南市,2 技職
1055,中華醫事科技大學,N 職,M 碩士,27,12,15,8,8,4,6,0,1,0,0,0,0,0,0,0,0,0,0,11 臺南市,2 技職
1055,中華醫事科技大學,N 修,B 四技,626,261,365,76,112,65,87,52,76,45,66,0,0,0,0,0,0,23,24,11 臺南市,2 技職
1055,中華醫事科技大學,N 修,C 二技,683,194,489,0,0,0,0,113,270,74,208,0,0,0,0,0,0,7,11,11 臺南市,2 技職
1055,中華醫事科技大學,N 修,2 二專,40,21,19,21,19,0,0,0,0,0,0,0,0,0,0,0,0,0,0,11 臺南市,2 技職
1056,東南科技大學,D 日,M 碩士,126,89,37,37,15,39,18,12,4,1,0,0,0,0,0,0,0,0,0,01 新北市,2 技職
1056,東南科技大學,D 日,B 四技,4392,"2,904",1488,616,352,760,383,756,374,605,293,0,0,0,0,0,0,167,86,01 新北市,2 技職
1056,東南科技大學,N 職,M 碩士,46,37,9,19,4,16,4,2,1,0,0,0,0,0,0,0,0,0,0,01 新北市,2 技職
1056,東南科技大學,N 修,B 四技,604,463,141,99,38,129,42,133,42,87,16,0,0,0,0,0,0,15,3,01 新北市,2 技職
1057,德明財經科技大學,D 日,M 碩士,32,16,16,2,6,6,4,5,6,3,0,0,0,0,0,0,0,0,0,30 臺北市,2 技職
1057,德明財經科技大學,D 日,B 四技,6598,"2,788",3810,622,812,712,"1,005",693,985,516,798,0,0,0,0,0,0,245,210,30 臺北市,2 技職
1057,德明財經科技大學,D 日,C 二技,112,27,85,0,0,0,0,9,43,18,39,0,0,0,0,0,0,0,3,30 臺北市,2 技職
1057,德明財經科技大學,N 職,M 碩士,39,21,18,7,5,4,8,2,0,3,5,4,0,1,0,0,0,0,0,30 臺北市,2 技職
1057,德明財經科技大學,N 修,B 四技,500,281,219,54,37,55,53,55,43,81,57,0,0,0,0,0,0,36,29,30 臺北市,2 技職
1057,德明財經科技大學,N 修,C 二技,103,48,55,0,0,0,0,27,27,21,28,0,0,0,0,0,0,0,0,30 臺北市,2 技職
1058,明道大學,D 日,D 博士,28,16,12,1,4,6,1,4,3,2,2,1,1,2,1,0,0,0,0,07 彰化縣,1 一般
1058,明道大學,D 日,M 碩士,148,79,69,39,25,20,19,13,14,7,11,0,0,0,0,0,0,0,0,07 彰化縣,1 一般
1058,明道大學,D 日,B 學士,1727,"1,002",725,139,127,244,189,308,193,254,194,0,0,0,0,0,0,57,22,07 彰化縣,1 一般
1058,明道大學,N 職,M 碩士,66,32,34,23,15,7,15,1,1,1,3,0,0,0,0,0,0,0,0,07 彰化縣,1 一般
1058,明道大學,P 進,B 學士,556,371,185,77,23,72,41,95,57,114,59,0,0,0,0,0,0,13,5,07 彰化縣,1 一般
1060,南開科技大學,D 日,M 碩士,84,40,44,16,17,15,22,4,4,5,1,0,0,0,0,0,0,0,0,08 南投縣,2 技職
1060,南開科技大學,D 日,B 四技,2121,"1,428",693,268,103,292,169,384,207,393,190,0,0,0,0,0,0,91,24,08 南投縣,2 技職
1060,南開科技大學,D 日,5 五專,545,455,90,64,7,64,16,87,20,104,19,121,26,0,0,0,0,15,2,08 南投縣,2 技職
1060,南開科技大學,N 職,M 碩士,73,29,44,12,19,13,20,2,2,2,3,0,0,0,0,0,0,0,0,08 南投縣,2 技職
1060,南開科技大學,N 修,B 四技,677,460,217,104,44,107,53,114,56,108,53,0,0,0,0,0,0,27,11,08 南投縣,2 技職
1060,南開科技大學,N 修,C 二技,161,78,83,0,0,0,0,35,53,41,30,0,0,0,0,0,0,2,0,08 南投縣,2 技職
1060,南開科技大學,N 修,2 二專,94,55,39,25,19,28,18,0,0,0,0,0,0,0,0,0,0,2,2,08 南投縣,2 技職
1061,中華科技大學,D 日,M 碩士,226,171,55,74,33,88,13,6,3,3,6,0,0,0,0,0,0,0,0,30 臺北市,2 技職
1061,中華科技大學,D 日,B 四技,3218,"2,249",969,450,180,566,243,533,243,514,242,0,0,0,0,0,0,186,61,30 臺北市,2 技職
1061,中華科技大學,D 日,C 二技,35,6,29,0,0,0,0,3,24,3,5,0,0,0,0,0,0,0,0,30 臺北市,2 技職
1061,中華科技大學,N 職,M 碩士,126,107,19,62,9,40,8,2,1,3,0,0,1,0,0,0,0,0,0,30 臺北市,2 技職
1061,中華科技大學,N 修,B 四技,711,589,122,167,43,139,29,131,21,122,25,0,0,0,0,0,0,30,4,30 臺北市,2 技職
1061,中華科技大學,N 修,C 二技,301,160,141,0,0,0,0,100,96,57,44,0,0,0,0,0,0,3,1,30 臺北市,2 技職
1061,中華科技大學,N 修,2 二專,156,84,72,38,28,36,42,0,0,0,0,0,0,0,0,0,0,10,2,30 臺北市,2 技職
1062,僑光科技大學,D 日,M 碩士,45,21,24,6,9,13,12,2,3,0,0,0,0,0,0,0,0,0,0,19 臺中市,2 技職
1062,僑光科技大學,D 日,B 四技,6247,"2,603",3644,615,806,624,918,631,964,656,901,0,0,0,0,0,0,77,55,19 臺中市,2 技職
1062,僑光科技大學,N 職,M 碩士,20,12,8,0,0,10,6,1,2,1,0,0,0,0,0,0,0,0,0,19 臺中市,2 技職
1062,僑光科技大學,N 修,B 四技,4295,"2,445",1850,653,434,528,421,556,439,574,461,0,0,0,0,0,0,134,95,19 臺中市,2 技職
1062,僑光科技大學,N 修,X 4+X,3,0,3,0,0,0,0,0,3,0,0,0,0,0,0,0,0,0,0,19 臺中市,2 技職
1063,育達科技大學,D 日,M 碩士,153,78,75,34,28,17,12,16,16,11,19,0,0,0,0,0,0,0,0,05 苗栗縣,2 技職
1063,育達科技大學,D 日,B 四技,1710,856,854,143,163,224,159,227,283,174,204,0,0,0,0,0,0,88,45,05 苗栗縣,2 技職
1063,育達科技大學,N 職,M 碩士,220,139,81,54,37,56,29,20,12,9,3,0,0,0,0,0,0,0,0,05 苗栗縣,2 技職
1063,育達科技大學,N 修,B 四技,950,568,382,135,91,160,94,113,87,123,92,0,0,0,0,0,0,37,18,05 苗栗縣,2 技職
1063,育達科技大學,N 修,C 二技,929,285,644,0,0,0,0,166,329,112,290,0,0,0,0,0,0,7,25,05 苗栗縣,2 技職
1064,美和科技大學,D 日,M 碩士,116,45,71,24,35,17,23,3,11,1,2,0,0,0,0,0,0,0,0,13 屏東縣,2 技職
1064,美和科技大學,D 日,B 四技,2293,960,1333,169,238,245,335,242,348,269,381,0,0,0,0,0,0,35,31,13 屏東縣,2 技職
1064,美和科技大學,D 日,C 二技,287,33,254,0,0,0,0,13,98,19,153,0,0,0,0,0,0,1,3,13 屏東縣,2 技職
1064,美和科技大學,D 日,5 五專,1789,242,1547,39,297,58,287,41,292,38,300,59,317,0,0,0,0,7,54,13 屏東縣,2 技職
1064,美和科技大學,N 職,M 碩士,198,41,157,15,46,14,89,9,16,3,6,0,0,0,0,0,0,0,0,13 屏東縣,2 技職
1064,美和科技大學,N 修,B 四技,634,227,407,61,118,42,71,68,101,44,104,0,0,0,0,0,0,12,13,13 屏東縣,2 技職
1064,美和科技大學,N 修,C 二技,849,188,661,0,0,0,0,147,392,39,256,0,0,0,0,0,0,2,13,13 屏東縣,2 技職
1064,美和科技大學,N 修,2 二專,134,75,59,44,39,19,18,0,0,0,0,0,0,0,0,0,0,12,2,13 屏東縣,2 技職
1065,吳鳳科技大學,D 日,M 碩士,49,32,17,13,10,16,3,3,2,0,2,0,0,0,0,0,0,0,0,10 嘉義縣,2 技職
1065,吳鳳科技大學,D 日,B 四技,3179,"2,178",1001,432,252,613,275,582,233,456,207,0,0,0,0,0,0,95,34,10 嘉義縣,2 技職
1065,吳鳳科技大學,N 職,M 碩士,59,35,24,21,12,12,12,1,0,0,0,0,0,1,0,0,0,0,0,10 嘉義縣,2 技職
1065,吳鳳科技大學,N 修,B 四技,809,593,216,147,60,147,45,140,64,141,45,0,0,0,0,0,0,18,2,10 嘉義縣,2 技職
1065,吳鳳科技大學,N 修,C 二技,733,357,376,0,0,0,0,221,189,136,186,0,0,0,0,0,0,0,1,10 嘉義縣,2 技職
1065,吳鳳科技大學,N 修,2 二專,229,129,100,70,51,59,48,0,0,0,0,0,0,0,0,0,0,0,1,10 嘉義縣,2 技職
1066,環球科技大學,D 日,M 碩士,171,79,92,38,33,19,40,15,14,7,5,0,0,0,0,0,0,0,0,09 雲林縣,2 技職
1066,環球科技大學,D 日,B 四技,2241,"1,076",1165,179,211,256,304,262,295,291,277,0,0,0,0,0,0,88,78,09 雲林縣,2 技職
1066,環球科技大學,N 職,M 碩士,69,26,43,14,16,8,18,3,4,1,3,0,2,0,0,0,0,0,0,09 雲林縣,2 技職
1066,環球科技大學,N 修,B 四技,614,318,296,88,64,78,60,75,83,57,76,0,0,0,0,0,0,20,13,09 雲林縣,2 技職
1066,環球科技大學,N 修,C 二技,354,154,200,0,0,0,0,96,109,57,91,0,0,0,0,0,0,1,0,09 雲林縣,2 技職
1066,環球科技大學,N 修,2 二專,224,110,114,49,28,56,84,0,0,0,0,0,0,0,0,0,0,5,2,09 雲林縣,2 技職
1067,台灣首府大學,D 日,M 碩士,48,15,33,4,21,9,8,2,4,0,0,0,0,0,0,0,0,0,0,11 臺南市,1 一般
1067,台灣首府大學,D 日,B 學士,870,415,455,43,58,84,101,130,131,124,145,0,0,0,0,0,0,34,20,11 臺南市,1 一般
1067,台灣首府大學,P 進,B 學士,212,139,73,19,14,22,16,43,20,39,14,0,0,0,0,0,0,16,9,11 臺南市,1 一般
1068,中州科技大學,D 日,M 碩士,11,7,4,0,0,4,4,1,0,2,0,0,0,0,0,0,0,0,0,07 彰化縣,2 技職
1068,中州科技大學,D 日,B 四技,926,560,366,67,25,123,84,129,97,205,137,0,0,0,0,0,0,36,23,07 彰化縣,2 技職
1068,中州科技大學,N 職,M 碩士,21,12,9,0,0,8,8,4,1,0,0,0,0,0,0,0,0,0,0,07 彰化縣,2 技職
1068,中州科技大學,N 修,B 四技,792,567,225,162,53,85,39,131,51,176,74,0,0,0,0,0,0,13,8,07 彰化縣,2 技職
1068,中州科技大學,N 修,C 二技,808,214,594,0,0,0,0,131,325,82,266,0,0,0,0,0,0,1,3,07 彰化縣,2 技職
1068,中州科技大學,N 修,2 二專,110,15,95,9,41,6,50,0,0,0,0,0,0,0,0,0,0,0,4,07 彰化縣,2 技職
1069,修平科技大學,D 日,M 碩士,62,40,22,21,11,14,10,5,0,0,1,0,0,0,0,0,0,0,0,06 臺中市,2 技職
1069,修平科技大學,D 日,B 四技,2970,"2,130",840,504,189,562,214,551,205,394,177,0,0,0,0,0,0,119,55,06 臺中市,2 技職
1069,修平科技大學,N 職,M 碩士,19,16,3,13,3,2,0,0,0,1,0,0,0,0,0,0,0,0,0,06 臺中市,2 技職
1069,修平科技大學,N 修,B 四技,1393,"1,251",142,405,51,292,27,330,28,183,29,0,0,0,0,0,0,41,7,06 臺中市,2 技職
1069,修平科技大學,N 修,2 二專,25,15,10,0,0,10,10,0,0,0,0,0,0,0,0,0,0,5,0,06 臺中市,2 技職
1070,長庚科技大學,D 日,M 碩士,68,3,65,2,27,1,22,0,13,0,1,0,1,0,1,0,0,0,0,03 桃園市,2 技職
1070,長庚科技大學,D 日,B 四技,3498,450,3048,114,758,106,775,121,752,103,753,0,0,0,0,0,0,6,10,03 桃園市,2 技職
1070,長庚科技大學,D 日,C 二技,1458,105,1353,0,0,0,0,52,704,53,642,0,0,0,0,0,0,0,7,03 桃園市,2 技職
1070,長庚科技大學,D 日,5 五專,7,0,7,0,0,0,0,0,0,0,0,0,0,0,0,0,0,0,7,03 桃園市,2 技職
1070,長庚科技大學,N 職,M 碩士,123,2,121,0,41,1,39,1,25,0,10,0,5,0,1,0,0,0,0,03 桃園市,2 技職
1070,長庚科技大學,N 修,C 二技,1179,85,1094,0,0,0,0,42,587,42,489,0,10,0,0,0,0,1,8,03 桃園市,2 技職
1071,臺北城市科技大學,D 日,M 碩士,89,73,16,29,8,26,4,15,3,3,1,0,0,0,0,0,0,0,0,30 臺北市,2 技職
1071,臺北城市科技大學,D 日,B 四技,7012,"4,372",2640,982,568,"1,061",704,"1,038",634,937,548,0,0,0,0,0,0,354,186,30 臺北市,2 技職
1071,臺北城市科技大學,D 日,C 二技,3,2,1,0,0,0,0,1,0,1,1,0,0,0,0,0,0,0,0,30 臺北市,2 技職
1071,臺北城市科技大學,D 日,5 五專,1056,719,337,116,58,130,78,125,81,124,53,195,65,0,0,0,0,29,2,30 臺北市,2 技職
1071,臺北城市科技大學,N 修,B 四技,771,597,174,219,77,146,40,99,29,100,26,0,0,0,0,0,0,33,2,30 臺北市,2 技職
1071,臺北城市科技大學,N 修,C 二技,509,263,246,0,0,0,0,139,116,120,124,0,0,0,0,0,0,4,6,30 臺北市,2 技職
1071,臺北城市科技大學,N 修,2 二專,418,192,226,84,113,100,103,0,0,0,0,0,0,0,0,0,0,8,10,30 臺北市,2 技職
1072,敏實科技大學,D 日,M 碩士,2,2,,0,0,0,0,1,0,1,0,0,0,0,0,0,0,0,0,04 新竹縣,2 技職
1072,敏實科技大學,D 日,B 四技,282,196,86,65,3,10,6,25,19,64,32,0,0,0,0,0,0,32,26,04 新竹縣,2 技職
1072,敏實科技大學,D 日,C 二技,12,7,5,0,0,0,0,0,0,6,3,0,0,0,0,0,0,1,2,04 新竹縣,2 技職
1072,敏實科技大學,D 日,5 五專,272,144,128,9,14,14,20,20,16,55,35,36,35,0,0,0,0,10,8,04 新竹縣,2 技職
1072,敏實科技大學,N 修,B 四技,145,80,65,22,11,8,6,25,17,17,24,0,0,0,0,0,0,8,7,04 新竹縣,2 技職
1072,敏實科技大學,N 修,C 二技,58,58,,0,0,0,0,0,0,58,0,0,0,0,0,0,0,0,0,04 新竹縣,2 技職
1073,醒吾科技大學,D 日,M 碩士,57,25,32,8,16,11,10,6,6,0,0,0,0,0,0,0,0,0,0,01 新北市,2 技職
1073,醒吾科技大學,D 日,B 四技,5601,"2,503",3098,600,734,590,746,628,778,587,762,0,0,0,0,0,0,98,78,01 新北市,2 技職
1073,醒吾科技大學,D 日,C 二技,42,10,32,0,0,0,0,0,0,6,16,0,0,0,0,0,0,4,16,01 新北市,2 技職
1073,醒吾科技大學,D 日,5 五專,498,186,312,14,28,30,39,33,73,45,70,60,98,0,0,0,0,4,4,01 新北市,2 技職
1073,醒吾科技大學,N 職,M 碩士,96,58,38,27,15,11,12,13,7,3,4,4,0,0,0,0,0,0,0,01 新北市,2 技職
1073,醒吾科技大學,N 修,B 四技,927,409,518,160,115,67,77,78,174,74,128,0,0,0,0,0,0,30,24,01 新北市,2 技職
1073,醒吾科技大學,N 修,C 二技,504,208,296,0,0,0,0,99,141,90,136,0,0,0,0,0,0,19,19,01 新北市,2 技職
1073,醒吾科技大學,N 修,2 二專,218,100,118,48,61,41,50,0,0,0,0,0,0,0,0,0,0,11,7,01 新北市,2 技職
1075,文藻外語大學,D 日,M 碩士,197,50,147,18,53,15,35,6,38,11,21,0,0,0,0,0,0,0,0,50 高雄市,2 技職
1075,文藻外語大學,D 日,B 四技,5011,"1,379",3632,341,762,324,873,349,850,265,932,0,0,0,0,0,0,100,215,50 高雄市,2 技職
1075,文藻外語大學,D 日,C 二技,293,45,248,0,0,0,0,21,83,18,125,0,0,0,0,0,0,6,40,50 高雄市,2 技職
1075,文藻外語大學,D 日,5 五專,1607,269,1338,65,301,60,302,53,246,43,241,42,220,0,0,0,0,6,28,50 高雄市,2 技職
1075,文藻外語大學,N 職,M 碩士,50,12,38,5,12,2,9,2,8,0,6,3,3,0,0,0,0,0,0,50 高雄市,2 技職
1075,文藻外語大學,N 修,B 四技,1685,605,1080,163,243,153,257,142,226,93,194,0,0,0,0,0,0,54,160,50 高雄市,2 技職
1075,文藻外語大學,N 修,C 二技,169,43,126,0,0,0,0,26,60,14,51,0,0,0,0,0,0,3,15,50 高雄市,2 技職
1076,華夏科技大學,D 日,M 碩士,37,31,6,6,4,13,2,6,0,6,0,0,0,0,0,0,0,0,0,01 新北市,2 技職
1076,華夏科技大學,D 日,B 四技,1476,920,556,191,85,217,164,196,138,237,136,0,0,0,0,0,0,79,33,01 新北市,2 技職
1076,華夏科技大學,D 日,C 二技,75,66,9,0,0,0,0,29,6,35,2,0,0,0,0,0,0,2,1,01 新北市,2 技職
1076,華夏科技大學,D 日,5 五專,601,508,93,114,28,81,20,107,28,84,11,118,6,0,0,0,0,4,0,01 新北市,2 技職
1076,華夏科技大學,N 職,M 碩士,70,48,22,18,9,18,10,12,3,0,0,0,0,0,0,0,0,0,0,01 新北市,2 技職
1076,華夏科技大學,N 修,B 四技,870,472,398,125,73,116,125,93,86,110,100,0,0,0,0,0,0,28,14,01 新北市,2 技職
1076,華夏科技大學,N 修,C 二技,708,402,306,0,0,0,0,198,162,196,138,0,0,0,0,0,0,8,6,01 新北市,2 技職
1076,華夏科技大學,N 修,2 二專,206,96,110,47,51,40,53,0,0,0,0,0,0,0,0,0,0,9,6,01 新北市,2 技職
1077,慈濟科技大學,D 日,M 碩士,41,16,25,5,14,8,9,2,2,1,0,0,0,0,0,0,0,0,0,15 花蓮縣,2 技職
1077,慈濟科技大學,D 日,B 四技,1280,499,781,117,188,128,204,108,191,108,176,0,0,0,0,0,0,38,22,15 花蓮縣,2 技職
1077,慈濟科技大學,D 日,C 二技,276,28,248,0,0,0,0,12,123,16,124,0,0,0,0,0,0,0,1,15 花蓮縣,2 技職
1077,慈濟科技大學,D 日,2 二專,32,12,20,4,10,8,10,0,0,0,0,0,0,0,0,0,0,0,0,15 花蓮縣,2 技職
1077,慈濟科技大學,D 日,5 五專,1362,194,1168,48,262,38,237,41,211,38,206,27,221,0,0,0,0,2,31,15 花蓮縣,2 技職
1077,慈濟科技大學,N 修,C 二技,172,10,162,0,0,0,0,7,92,2,68,0,0,0,0,0,0,1,2,15 花蓮縣,2 技職
1078,致理科技大學,D 日,M 碩士,50,9,41,3,17,3,14,2,4,1,5,0,1,0,0,0,0,0,0,01 新北市,2 技職
1078,致理科技大學,D 日,B 四技,6384,"2,094",4290,568,"1,032",464,"1,076",469,"1,048",455,973,0,0,0,0,0,0,138,161,01 新北市,2 技職
1078,致理科技大學,D 日,C 二技,223,48,175,0,0,0,0,20,89,28,82,0,0,0,0,0,0,0,4,01 新北市,2 技職
1078,致理科技大學,D 日,5 五專,1580,334,1246,69,266,78,243,78,244,46,244,58,229,0,0,0,0,5,20,01 新北市,2 技職
1078,致理科技大學,N 職,M 碩士,44,14,30,4,9,4,11,4,5,1,0,1,5,0,0,0,0,0,0,01 新北市,2 技職
1078,致理科技大學,N 修,B 四技,3288,"1,336",1952,347,483,314,440,328,449,242,448,0,0,0,0,0,0,105,132,01 新北市,2 技職
1078,致理科技大學,N 修,C 二技,6,4,2,0,0,0,0,0,0,0,0,0,0,0,0,0,0,4,2,01 新北市,2 技職
1079,康寧大學,D 日,M 碩士,24,9,15,0,0,2,5,3,4,3,6,1,0,0,0,0,0,0,0,30 臺北市,1 一般
1079,康寧大學,D 日,B 學士,269,79,190,13,46,12,39,8,50,36,45,0,0,0,0,0,0,10,10,30 臺北市,1 一般
1079,康寧大學,D 日,2 二專,1,0,1,0,0,0,0,0,0,0,0,0,0,0,0,0,0,0,1,30 臺北市,2 技職
1079,康寧大學,D 日,5 五專,2783,679,2104,148,446,145,388,117,419,130,387,125,416,0,0,0,0,14,48,30 臺北市,2 技職
1079,康寧大學,N 職,M 碩士,26,7,19,0,0,0,1,4,8,2,8,1,2,0,0,0,0,0,0,30 臺北市,1 一般
1079,康寧大學,N 修,C 二技,153,11,142,0,0,0,0,6,93,5,49,0,0,0,0,0,0,0,0,30 臺北市,2 技職
1079,康寧大學,N 修,2 二專,178,47,131,24,69,23,59,0,0,0,0,0,0,0,0,0,0,0,3,30 臺北市,2 技職
1079,康寧大學,P 進,B 學士,31,23,8,0,0,0,2,1,1,18,4,0,0,0,0,0,0,4,1,30 臺北市,1 一般
1080,宏國德霖科技大學,D 日,M 碩士,13,7,6,7,6,0,0,0,0,0,0,0,0,0,0,0,0,0,0,01 新北市,2 技職
1080,宏國德霖科技大學,D 日,B 四技,2063,"1,256",807,256,172,307,217,323,204,283,189,0,0,0,0,0,0,87,25,01 新北市,2 技職
1080,宏國德霖科技大學,D 日,C 二技,73,24,49,0,0,0,0,16,19,8,29,0,0,0,0,0,0,0,1,01 新北市,2 技職
1080,宏國德霖科技大學,D 日,5 五專,1158,701,457,152,98,125,84,129,96,121,79,167,91,0,0,0,0,7,9,01 新北市,2 技職
1080,宏國德霖科技大學,N 修,B 四技,1219,764,455,207,118,195,115,218,117,72,80,0,0,0,0,0,0,72,25,01 新北市,2 技職
1080,宏國德霖科技大學,N 修,C 二技,787,453,334,0,0,0,0,209,175,228,153,0,0,0,0,0,0,16,6,01 新北市,2 技職
1080,宏國德霖科技大學,N 修,2 二專,57,21,36,6,19,13,17,0,0,0,0,0,0,0,0,0,0,2,0,01 新北市,2 技職
1081,東方設計大學,D 日,D 博士,32,15,17,3,2,1,5,5,2,4,4,1,4,1,0,0,0,0,0,12 高雄市,2 技職
1081,東方設計大學,D 日,M 碩士,80,29,51,14,28,6,10,4,9,5,4,0,0,0,0,0,0,0,0,12 高雄市,2 技職
1081,東方設計大學,D 日,B 四技,687,407,280,52,35,39,37,103,82,180,105,0,0,0,0,0,0,33,21,12 高雄市,2 技職
1081,東方設計大學,D 日,C 二技,39,19,20,0,0,0,0,4,8,11,11,0,0,0,0,0,0,4,1,12 高雄市,2 技職
1081,東方設計大學,D 日,5 五專,715,311,404,19,49,56,50,52,67,85,109,92,121,0,0,0,0,7,8,12 高雄市,2 技職
1081,東方設計大學,N 職,M 碩士,46,22,24,15,18,5,6,1,0,1,0,0,0,0,0,0,0,0,0,12 高雄市,2 技職
1081,東方設計大學,N 修,B 四技,85,47,38,9,7,6,2,21,3,10,24,0,0,0,0,0,0,1,2,12 高雄市,2 技職
1081,東方設計大學,N 修,C 二技,256,138,118,0,0,0,0,71,58,59,58,0,0,0,0,0,0,8,2,12 高雄市,2 技職
1081,東方設計大學,N 修,2 二專,132,68,64,40,23,28,41,0,0,0,0,0,0,0,0,0,0,0,0,12 高雄市,2 技職
1082,崇右影藝科技大學,D 日,M 碩士,80,45,35,26,14,16,15,2,6,1,0,0,0,0,0,0,0,0,0,17 基隆市,2 技職
1082,崇右影藝科技大學,D 日,B 四技,1650,725,925,120,190,144,220,223,221,151,240,0,0,0,0,0,0,87,54,17 基隆市,2 技職
1082,崇右影藝科技大學,D 日,5 五專,36,19,17,0,0,0,0,0,0,0,0,18,15,0,0,0,0,1,2,17 基隆市,2 技職
1082,崇右影藝科技大學,N 修,C 二技,510,250,260,0,0,0,0,78,58,168,200,0,0,0,0,0,0,4,2,17 基隆市,2 技職
1082,崇右影藝科技大學,N 修,2 二專,333,195,138,73,60,114,74,0,0,0,0,0,0,0,0,0,0,8,4,17 基隆市,2 技職
1083,台北海洋科技大學,D 日,M 碩士,147,82,65,39,28,31,27,10,8,2,2,0,0,0,0,0,0,0,0,01 新北市,2 技職
1083,台北海洋科技大學,D 日,B 四技,2251,"1,261",990,260,228,300,252,297,228,278,226,0,0,0,0,0,0,126,56,01 新北市,2 技職
1083,台北海洋科技大學,D 日,C 二技,216,143,73,0,0,0,0,48,32,84,35,0,0,0,0,0,0,11,6,01 新北市,2 技職
1083,台北海洋科技大學,D 日,2 二專,51,50,1,27,1,15,0,0,0,0,0,0,0,0,0,0,0,8,0,01 新北市,2 技職
1083,台北海洋科技大學,D 日,5 五專,846,522,324,96,57,107,64,84,69,97,45,105,76,0,0,0,0,33,13,01 新北市,2 技職
1083,台北海洋科技大學,N 修,B 四技,205,92,113,39,57,20,20,24,18,6,15,0,0,0,0,0,0,3,3,01 新北市,2 技職
1083,台北海洋科技大學,N 修,C 二技,356,136,220,0,0,0,0,96,138,38,81,0,0,0,0,0,0,2,1,01 新北市,2 技職
1083,台北海洋科技大學,N 修,2 二專,120,94,26,27,10,63,15,0,0,0,0,0,0,0,0,0,0,4,1,01 新北市,2 技職
1125,中信金融管理學院,D 日,M 碩士,102,47,55,27,37,13,15,7,3,0,0,0,0,0,0,0,0,0,0,21 臺南市,1 一般
1125,中信金融管理學院,D 日,B 學士,694,392,302,134,96,110,69,88,66,52,68,0,0,0,0,0,0,8,3,21 臺南市,1 一般
1125,中信金融管理學院,N 職,M 碩士,29,21,8,21,8,0,0,0,0,0,0,0,0,0,0,0,0,0,0,21 臺南市,1 一般
1148,大漢技術學院,D 日,M 碩士,81,53,28,23,16,18,12,12,0,0,0,0,0,0,0,0,0,0,0,15 花蓮縣,2 技職
1148,大漢技術學院,D 日,B 四技,255,152,103,30,18,35,25,36,33,43,27,0,0,0,0,0,0,8,0,15 花蓮縣,2 技職
1148,大漢技術學院,N 修,B 四技,295,188,107,78,39,37,26,38,20,29,20,0,0,0,0,0,0,6,2,15 花蓮縣,2 技職
1148,大漢技術學院,N 修,C 二技,239,139,100,0,0,0,0,69,59,63,39,0,0,0,0,0,0,7,2,15 花蓮縣,2 技職
1148,大漢技術學院,N 修,2 二專,129,73,56,35,24,37,31,0,0,0,0,0,0,0,0,0,0,1,1,15 花蓮縣,2 技職
1159,和春技術學院,D 日,M 碩士,3,2,1,0,0,0,0,0,0,2,1,0,0,0,0,0,0,0,0,12 高雄市,2 技職
1159,和春技術學院,D 日,B 四技,149,117,32,16,3,21,5,33,7,30,10,0,0,0,0,0,0,17,7,12 高雄市,2 技職
1159,和春技術學院,D 日,C 二技,4,4,,0,0,0,0,0,0,4,0,0,0,0,0,0,0,0,0,12 高雄市,2 技職
1159,和春技術學院,D 日,5 五專,80,47,33,0,0,3,0,4,4,11,14,25,15,0,0,0,0,4,0,12 高雄市,2 技職
1159,和春技術學院,N 修,B 四技,73,57,16,9,0,9,4,11,3,17,6,0,0,0,0,0,0,11,3,12 高雄市,2 技職
1159,和春技術學院,N 修,C 二技,239,158,81,0,0,0,0,64,29,87,51,0,0,0,0,0,0,7,1,12 高雄市,2 技職
1159,和春技術學院,N 修,2 二專,140,108,32,37,8,61,21,0,0,0,0,0,0,0,0,0,0,10,3,12 高雄市,2 技職
1166,亞東技術學院,D 日,M 碩士,50,42,8,15,2,16,2,8,3,3,1,0,0,0,0,0,0,0,0,01 新北市,2 技職
1166,亞東技術學院,D 日,B 四技,4018,"2,904",1114,678,267,722,289,736,259,646,276,0,0,0,0,0,0,122,23,01 新北市,2 技職
1166,亞東技術學院,D 日,C 二技,178,12,166,0,0,0,0,4,85,8,81,0,0,0,0,0,0,0,0,01 新北市,2 技職
1166,亞東技術學院,N 修,C 二技,142,1,141,0,0,0,0,0,51,1,46,0,44,0,0,0,0,0,0,01 新北市,2 技職
1168,南亞技術學院,D 日,M 碩士,13,11,2,2,1,5,1,4,0,0,0,0,0,0,0,0,0,0,0,03 桃園市,2 技職
1168,南亞技術學院,D 日,B 四技,1312,831,481,221,107,240,110,182,119,142,114,0,0,0,0,0,0,46,31,03 桃園市,2 技職
1168,南亞技術學院,D 日,5 五專,263,151,112,18,12,26,15,30,24,32,18,38,40,0,0,0,0,7,3,03 桃園市,2 技職
1168,南亞技術學院,N 修,B 四技,522,340,182,49,51,85,33,80,45,83,45,0,0,0,0,0,0,43,8,03 桃園市,2 技職
1168,南亞技術學院,N 修,C 二技,1193,539,654,0,0,0,0,277,322,256,328,0,0,0,0,0,0,6,4,03 桃園市,2 技職
1168,南亞技術學院,N 修,2 二專,60,44,16,20,8,17,4,0,0,0,0,0,0,0,0,0,0,7,4,03 桃園市,2 技職
1176,稻江科技暨管理學院,D 日,M 碩士,21,7,14,0,0,3,13,0,0,0,0,3,0,1,1,0,0,0,0,10 嘉義縣,1 一般
1176,稻江科技暨管理學院,D 日,B 學士,122,70,52,0,0,1,0,18,23,49,28,0,0,0,0,0,0,2,1,10 嘉義縣,1 一般
1176,稻江科技暨管理學院,N 職,M 碩士,11,9,2,0,0,8,2,0,0,1,0,0,0,0,0,0,0,0,0,10 嘉義縣,1 一般
1176,稻江科技暨管理學院,N 修,C 二技,24,7,17,0,0,0,0,0,0,7,17,0,0,0,0,0,0,0,0,10 嘉義縣,2 技職
1176,稻江科技暨管理學院,P 進,B 學士,98,35,63,0,0,12,11,5,8,18,39,0,0,0,0,0,0,0,5,10 嘉義縣,1 一般
1182,蘭陽技術學院,D 日,B 四技,226,124,102,13,14,14,6,54,41,37,32,0,0,0,0,0,0,6,9,02 宜蘭縣,2 技職
1182,蘭陽技術學院,D 日,5 五專,216,126,90,7,9,10,8,29,21,26,19,45,26,0,0,0,0,9,7,02 宜蘭縣,2 技職
1182,蘭陽技術學院,N 修,C 二技,66,35,31,0,0,0,0,35,31,0,0,0,0,0,0,0,0,0,0,02 宜蘭縣,2 技職
1182,蘭陽技術學院,N 修,2 二專,5,1,4,0,0,0,0,0,0,0,0,0,0,0,0,0,0,1,4,02 宜蘭縣,2 技職
1183,黎明技術學院,D 日,B 四技,3498,"1,879",1619,384,408,456,446,559,408,396,321,0,0,0,0,0,0,84,36,01 新北市,2 技職
1183,黎明技術學院,D 日,5 五專,423,352,71,63,16,50,10,71,11,73,13,79,19,0,0,0,0,16,2,01 新北市,2 技職
1183,黎明技術學院,N 修,B 四技,1197,741,456,266,183,189,99,142,108,135,60,0,0,0,0,0,0,9,6,01 新北市,2 技職
1183,黎明技術學院,N 修,C 二技,73,7,66,0,0,0,0,6,28,0,35,0,0,0,0,0,0,1,3,01 新北市,2 技職
1185,經國管理暨健康學院,D 日,M 碩士,44,4,40,2,19,2,19,0,2,0,0,0,0,0,0,0,0,0,0,17 基隆市,2 技職
1185,經國管理暨健康學院,D 日,B 四技,1880,708,1172,122,201,194,337,181,292,151,262,0,0,0,0,0,0,60,80,17 基隆市,2 技職
1185,經國管理暨健康學院,D 日,C 二技,162,24,138,0,0,0,0,14,77,9,57,0,0,0,0,0,0,1,4,17 基隆市,2 技職
1185,經國管理暨健康學院,D 日,5 五專,1064,301,763,49,147,72,134,65,146,42,134,61,147,0,0,0,0,12,55,17 基隆市,2 技職
1185,經國管理暨健康學院,N 職,M 碩士,43,5,38,2,18,3,15,0,1,0,4,0,0,0,0,0,0,0,0,17 基隆市,2 技職
1185,經國管理暨健康學院,N 修,B 四技,37,11,26,0,0,0,0,0,0,5,19,0,0,0,0,0,0,6,7,17 基隆市,2 技職
1185,經國管理暨健康學院,N 修,C 二技,776,138,638,0,0,0,0,68,309,54,309,0,0,0,0,0,0,16,20,17 基隆市,2 技職
1185,經國管理暨健康學院,N 修,2 二專,215,43,172,27,86,9,82,0,0,0,0,0,0,0,0,0,0,7,4,17 基隆市,2 技職
1188,大同技術學院,D 日,B 四技,545,244,301,35,29,29,47,88,92,68,112,0,0,0,0,0,0,24,21,20 嘉義市,2 技職
1188,大同技術學院,D 日,5 五專,89,48,41,4,5,7,5,7,10,11,8,18,12,0,0,0,0,1,1,20 嘉義市,2 技職
1188,大同技術學院,N 修,B 四技,196,71,125,26,37,16,31,19,26,8,25,0,0,0,0,0,0,2,6,20 嘉義市,2 技職
1188,大同技術學院,N 修,C 二技,245,62,183,0,0,0,0,43,87,13,82,0,0,0,0,0,0,6,14,20 嘉義市,2 技職
1188,大同技術學院,N 修,2 二專,62,27,35,14,14,12,19,0,0,0,0,0,0,0,0,0,0,1,2,20 嘉義市,2 技職
1192,臺灣觀光學院,D 日,M 碩士,16,9,7,6,3,3,3,0,0,0,1,0,0,0,0,0,0,0,0,15 花蓮縣,2 技職
1192,臺灣觀光學院,D 日,B 四技,93,52,41,4,3,11,9,11,12,14,11,0,0,0,0,0,0,12,6,15 花蓮縣,2 技職
1192,臺灣觀光學院,D 日,5 五專,55,23,32,0,3,5,2,1,2,3,9,13,14,0,0,0,0,1,2,15 花蓮縣,2 技職
1192,臺灣觀光學院,N 修,B 四技,37,12,25,1,5,6,3,1,10,4,7,0,0,0,0,0,0,0,0,15 花蓮縣,2 技職
1192,臺灣觀光學院,N 修,C 二技,33,14,19,0,0,0,0,9,10,5,8,0,0,0,0,0,0,0,1,15 花蓮縣,2 技職
1192,臺灣觀光學院,N 修,2 二專,34,15,19,7,9,8,10,0,0,0,0,0,0,0,0,0,0,0,0,15 花蓮縣,2 技職
1195,馬偕醫學院,D 日,D 博士,5,5,,3,0,2,0,0,0,0,0,0,0,0,0,0,0,0,0,01 新北市,1 一般
1195,馬偕醫學院,D 日,M 碩士,66,19,47,9,24,3,8,4,9,3,6,0,0,0,0,0,0,0,0,01 新北市,1 一般
1195,馬偕醫學院,D 日,B 學士,691,247,444,59,95,42,118,47,111,38,75,24,17,29,20,1,0,7,8,01 新北市,1 一般
1195,馬偕醫學院,N 職,M 碩士,15,4,11,4,11,0,0,0,0,0,0,0,0,0,0,0,0,0,0,01 新北市,1 一般
1195,馬偕醫學院,N 修,C 二技,39,2,37,0,0,0,0,2,37,0,0,0,0,0,0,0,0,0,0,01 新北市,2 技職
1196,法鼓文理學院,D 日,D 博士,20,9,11,3,1,1,1,3,1,0,3,0,0,1,4,1,1,0,0,01 新北市,1 一般
1196,法鼓文理學院,D 日,M 碩士,231,68,163,20,44,19,40,10,39,19,40,0,0,0,0,0,0,0,0,01 新北市,1 一般
1196,法鼓文理學院,D 日,B 學士,51,19,32,6,3,4,12,5,10,3,7,0,0,0,0,0,0,1,0,01 新北市,1 一般
1282,馬偕醫護管理專科學校,D 日,2 二專,32,5,27,0,0,3,25,0,0,0,0,0,0,0,0,0,0,2,2,30 臺北市,2 技職
1282,馬偕醫護管理專科學校,D 日,5 五專,3852,480,3372,117,711,95,656,81,643,88,637,84,645,0,0,0,0,15,80,30 臺北市,2 技職
1282,馬偕醫護管理專科學校,N 修,2 二專,222,103,119,57,62,37,53,0,0,0,0,0,0,0,0,0,0,9,4,30 臺北市,2 技職
1283,仁德醫護管理專科學校,D 日,5 五專,6117,"1,358",4759,318,973,267,911,239,903,223,890,217,865,0,0,0,0,94,217,05 苗栗縣,2 技職
1283,仁德醫護管理專科學校,N 修,2 二專,398,188,210,121,141,63,68,0,0,0,0,0,0,0,0,0,0,4,1,05 苗栗縣,2 技職
1284,樹人醫護管理專科學校,D 日,5 五專,6727,"1,478",5249,285,"1,195",322,"1,064",299,"1,029",255,904,245,895,0,0,0,0,72,162,12 高雄市,2 技職
1284,樹人醫護管理專科學校,N 修,2 二專,552,307,245,130,105,117,106,28,16,29,18,0,0,0,0,0,0,3,0,12 高雄市,2 技職
1285,慈惠醫護管理專科學校,D 日,2 二專,97,30,67,11,29,14,34,0,0,0,0,0,0,0,0,0,0,5,4,13 屏東縣,2 技職
1285,慈惠醫護管理專科學校,D 日,5 五專,3614,781,2833,108,422,142,492,158,529,137,533,162,679,0,0,0,0,74,178,13 屏東縣,2 技職
1285,慈惠醫護管理專科學校,N 修,2 二專,266,100,166,46,81,33,57,9,11,5,3,0,0,0,0,0,0,7,14,13 屏東縣,2 技職
1286,耕莘健康管理專科學校,D 日,5 五專,4574,442,4132,83,728,71,739,91,798,85,839,78,839,0,0,0,0,34,189,01 新北市,2 技職
1286,耕莘健康管理專科學校,N 修,2 二專,124,4,120,3,58,1,59,0,0,0,0,0,0,0,0,0,0,0,3,01 新北市,2 技職
1287,敏惠醫護管理專科學校,D 日,5 五專,3903,495,3408,117,691,100,668,93,679,72,649,94,627,0,0,0,0,19,94,11 臺南市,2 技職
1287,敏惠醫護管理專科學校,N 修,2 二專,33,7,26,7,26,0,0,0,0,0,0,0,0,0,0,0,0,0,0,11 臺南市,2 技職
1289,育英醫護管理專科學校,D 日,5 五專,1991,224,1767,42,364,51,317,39,347,43,354,36,337,0,0,0,0,13,48,50 高雄市,2 技職
1291,聖母醫護管理專科學校,D 日,2 二專,39,25,14,8,10,17,4,0,0,0,0,0,0,0,0,0,0,0,0,02 宜蘭縣,2 技職
1291,聖母醫護管理專科學校,D 日,5 五專,2150,406,1744,58,279,66,302,73,304,73,390,122,432,0,0,0,0,14,37,02 宜蘭縣,2 技職
1291,聖母醫護管理專科學校,N 修,2 二專,38,18,20,11,11,7,9,0,0,0,0,0,0,0,0,0,0,0,0,02 宜蘭縣,2 技職
1292,新生醫護管理專科學校,D 日,5 五專,6004,763,5241,174,"1,109",147,"1,034",130,"1,006",139,963,138,983,0,0,0,0,35,146,03 桃園市,2 技職
1292,新生醫護管理專科學校,N 修,2 二專,60,9,51,7,31,2,20,0,0,0,0,0,0,0,0,0,0,0,0,03 桃園市,2 技職
1293,崇仁醫護管理專科學校,D 日,5 五專,3293,425,2868,95,551,75,582,78,535,86,577,74,578,0,0,0,0,17,45,10 嘉義縣,2 技職
3002,臺北市立大學,D 日,D 博士,225,99,126,15,22,14,15,14,15,12,9,15,14,11,14,18,37,0,0,30 臺北市,1 一般
3002,臺北市立大學,D 日,M 碩士,1288,457,831,151,261,146,214,71,147,48,149,26,26,15,34,0,0,0,0,30 臺北市,1 一般
3002,臺北市立大學,D 日,B 學士,5351,"2,355",2996,578,728,531,719,527,713,505,679,0,0,0,0,0,0,214,157,30 臺北市,1 一般
3002,臺北市立大學,N 職,M 碩士,1122,313,809,104,273,104,261,47,115,25,84,20,41,13,35,0,0,0,0,30 臺北市,1 一般
