COUNTY_ID,COUNTY,TOWN_ID,TOWN,LINF01_T,LINF01_C1,LINF01_C2,LINF01_C3,LINF01_C4,LINF01_C5,LINF01_C6,LINF01_C7,LINF01_C8,LINF01_C9,LINF01_C10,LINF01_C11,LINF01_C12,LINF02_T,LINF02_C1,LINF02_C2,LINF02_C3,LINF02_C4,LINF02_C5,LINF02_C6,LINF02_C7,LINF02_C8,LINF02_C9,LINF02_C10,LINF02_C11,LINF02_C12,LINF03_T,LINF03_C1,LINF03_C2,LINF03_C3,LINF03_C4,LINF03_C5,LINF03_C6,LINF03_C7,LINF03_C8,LINF03_C9,LINF03_C10,LINF03_C11,LINF03_C12,LINF04_T,LINF04_C1,LINF04_C2,LINF04_C3,LINF04_C4,LINF04_C5,LINF04_C6,LINF04_C7,LINF04_C8,LINF04_C9,LINF04_C10,LINF04_C11,LINF04_C12,INFO_TIME
縣市代碼,縣市名稱,鄉鎮市區代碼,鄉鎮市區名稱,不含車位面積建物型態總計,不含車位面積公寓,不含車位面積透天厝,不含車位面積店面(店舖),不含車位面積辦公商業大樓,不含車位面積住宅大樓,不含車位面積華廈,不含車位面積套房,不含車位面積工廠,不含車位面積廠辦,不含車位面積農舍,不含車位面積倉庫,不含車位面積其他,不含車位中位數房價建物型態總計,不含車位中位數房價公寓,不含車位中位數房價透天厝,不含車位中位數房價店面(店舖),不含車位中位數房價辦公商業大樓,不含車位中位數房價住宅大樓,不含車位中位數房價華廈,不含車位中位數房價套房,不含車位中位數房價工廠,不含車位中位數房價廠辦,不含車位中位數房價農舍,不含車位中位數房價倉庫,不含車位中位數房價其他,含車位面積建物型態總計,含車位面積公寓,含車位面積透天厝,含車位面積店面(店舖),含車位面積辦公商業大樓,含車位面積住宅大樓,含車位面積華廈,含車位面積套房,含車位面積工廠,含車位面積廠辦,含車位面積農舍,含車位面積倉庫,含車位面積其他,含車位中位數房價建物型態總計,含車位中位數房價公寓,含車位中位數房價透天厝,含車位中位數房價店面(店舖),含車位中位數房價辦公商業大樓,含車位中位數房價住宅大樓,含車位中位數房價華廈,含車位中位數房價套房,含車位中位數房價工廠,含車位中位數房價廠辦,含車位中位數房價農舍,含車位中位數房價倉庫,含車位中位數房價其他,資料時間
65000,新北市,65000010,板橋區,37010.31,10511.38,1188.31,21.45,0,23400.04,1851.16,37.96,0,0,0,0,0,10600000,8600000,14500000,11100000,0,12000000,10600000,7150000,0,0,0,0,0,9883.44,121.5,0,0,0,8844.19,917.75,0,0,0,0,0,0,17000000,13500000,0,0,0,17270000,14325000,0,0,0,0,0,0,"109Y3S"
65000,新北市,65000020,三重區,32411.0,7530.08,1239.16,0,0,20735.1,2684.86,15.66,0,206.14,0,0,0,11170000,7100000,14300000,0,0,12680000,12000000,6000000,0,20250000,0,0,0,12226.08,28.16,0,0,0,7192.13,5005.78,0,0,0,0,0,0,19350000,10000000,0,0,0,17600000,25740614,0,0,0,0,0,0,"109Y3S"
65000,新北市,65000030,中和區,33412.91,9417.31,528.47,0,0,20789.68,2634.28,43.16,0,0,0,0,0,10800000,8600000,26150000,0,0,13760000,11330000,5200000,0,0,0,0,0,10470.18,228.95,0,0,90.79,7418.02,2686.92,45.49,0,0,0,0,0,17000000,13680000,0,0,32680000,18180000,16680000,8635000,0,0,0,0,0,"109Y3S"
65000,新北市,65000040,永和區,19749.71,5879.59,180.62,19.86,0,12723.54,934.69,11.42,0,0,0,0,0,13815000,10500000,16250000,15480000,0,19440000,9800000,5300000,0,0,0,0,0,3044.67,0,0,0,0,2512.51,532.16,0,0,0,0,0,0,19275000,0,0,0,0,19250000,21000000,0,0,0,0,0,0,"109Y3S"
65000,新北市,65000050,新莊區,49877.79,7320.7,2150.91,0,27.38,37329.94,2969.46,45.56,0,0,0,0,33.84,11455000,7000000,15000000,0,11960000,13800000,8300000,5600000,0,0,0,0,8445000,15402.17,133.41,200.39,0,0,11648.4,3316.99,0,0,102.98,0,0,0,14500000,14000000,22500000,0,0,15140000,13300000,0,0,26000000,0,0,0,"109Y3S"
65000,新北市,65000060,新店區,33574.57,7801.37,3298.99,60.44,0,18891.88,3506.4,15.48,0,0,0,0,0,12000000,8750000,17000000,29000000,0,15160000,9950000,1080000,0,0,0,0,0,16768.47,1266.15,5031.16,0,0,6958.8,3207.89,0,0,245.62,0,0,58.85,14950000,10000000,14800000,0,0,17600000,13500000,0,0,37325000,0,0,9800000,"109Y3S"
65000,新北市,65000070,樹林區,12032.74,3420.85,3021.22,0,0,3617.28,1973.4,0,0,0,0,0,0,7200000,5800000,20700000,0,0,10095000,8280000,0,0,0,0,0,0,6899.67,86.35,1093.83,0,0,4349.89,1369.6,0,0,0,0,0,0,12000000,7500000,26142857,0,0,11840000,11050000,0,0,0,0,0,0,"109Y3S"
65000,新北市,65000080,鶯歌區,10434.96,951.2,2747.6,0,0,5329.0,1407.16,0,0,0,0,0,0,6865000,4115000,9000000,0,0,6955000,7000000,0,0,0,0,0,0,4214.9,113.92,1318.68,0,0,1065.77,1716.53,0,0,0,0,0,0,8690000,7190000,26710000,0,0,10190000,7900000,0,0,0,0,0,0,"109Y3S"
65000,新北市,65000090,三峽區,8906.27,819.28,1475.37,57.76,0,4635.65,1918.23,0,0,0,0,0,0,6975000,4333332,6600000,17680000,0,7700000,7275000,0,0,0,0,0,0,7259.16,0,471.02,47.4,0,6019.94,720.81,0,0,0,0,0,0,12400000,0,18500000,16360000,0,12190000,12360000,0,0,0,0,0,0,"109Y3S"
65000,新北市,65000100,淡水區,29832.59,2298.8,778.6,0,0,22549.87,4172.0,33.32,0,0,0,0,0,6800000,4100000,6800000,0,0,7200000,6800000,2220000,0,0,0,0,0,22754.09,255.85,835.87,0,0,19655.57,1954.67,52.13,0,0,0,0,0,9525000,8050000,15150000,0,0,9500000,9625000,6125000,0,0,0,0,0,"109Y3S"
65000,新北市,65000110,汐止區,25425.16,3017.14,2830.68,0,0,15288.78,4265.8,0,0,0,0,0,22.76,9250000,7500000,13400000,0,0,9925000,9215000,0,0,0,0,0,7750000,16164.18,1495.66,145.77,0,0,12779.52,1670.58,0,0,0,0,0,72.65,13175000,13400000,20000000,0,0,13500000,9750000,0,0,0,0,0,14500000,"109Y3S"
65000,新北市,65000120,瑞芳區,1348.44,986.85,236.98,0,0,0,124.6,0,0,0,0,0,0,2600000,2550000,3500000,0,0,0,5311000,0,0,0,0,0,0,110.13,0,110.13,0,0,0,0,0,0,0,0,0,0,9225000,0,9225000,0,0,0,0,0,0,0,0,0,0,"109Y3S"
65000,新北市,65000130,土城區,21284.7,4628.71,1332.68,0,126.29,12645.31,2536.47,15.23,0,0,0,0,0,10100000,8100000,16450000,0,17550000,12000000,9880000,5500000,0,0,0,0,0,5095.66,96.9,0,0,0,3919.78,1078.98,0,0,0,0,0,0,13325000,15750000,0,0,0,13800000,11900000,0,0,0,0,0,0,"109Y3S"
65000,新北市,65000140,蘆洲區,12455.49,3951.21,60.51,0,0,5770.52,2660.34,12.91,0,0,0,0,0,10150000,8290000,12550000,0,0,11615000,12000000,6000000,0,0,0,0,0,6909.32,0,0,0,0,4775.3,2134.03,0,0,0,0,0,0,16840000,0,0,0,0,22000000,13250000,0,0,0,0,0,0,"109Y3S"
65000,新北市,65000150,五股區,10463.36,734.27,564.86,0,0,7567.78,1596.45,0,0,0,0,0,0,8270000,5000000,17900000,0,0,8575000,7325000,0,0,0,0,0,0,4239.94,0,174.55,0,0,2316.03,1749.35,0,0,0,0,0,0,10340000,0,22750000,0,0,10800000,9500000,0,0,0,0,0,0,"109Y3S"
65000,新北市,65000160,泰山區,5469.01,1297.04,346.3,0,0,1951.79,1873.88,0,0,0,0,0,0,8235000,5700000,16550000,0,0,11075000,8680000,0,0,0,0,0,0,2493.45,0,0,58.19,0,1623.61,811.64,0,0,0,0,0,0,12450000,0,0,21900000,0,12450000,12000000,0,0,0,0,0,0,"109Y3S"
65000,新北市,65000170,林口區,26070.93,845.41,1120.63,0,0,21236.63,2868.26,0,0,0,0,0,0,12060000,4700000,18800000,0,0,13435000,8300000,0,0,0,0,0,0,26350.04,142.93,2017.67,0,0,21223.92,2965.53,0,0,0,0,0,0,13500000,15050000,21475000,0,0,13415000,12000000,0,0,0,0,0,0,"109Y3S"
65000,新北市,65000180,深坑區,2005.71,447.3,610.92,0,0,316.88,630.62,0,0,0,0,0,0,7000000,5600000,11875000,0,0,6350000,7000000,0,0,0,0,0,0,2140.57,0,140.57,0,0,614.89,1385.11,0,0,0,0,0,0,11300000,0,13400000,0,0,10800000,11750000,0,0,0,0,0,0,"109Y3S"
65000,新北市,65000190,石碇區,71.35,0,0,0,0,0,71.35,0,0,0,0,0,0,21400000,0,0,0,0,0,21400000,0,0,0,0,0,0,112.81,0,0,0,0,0,112.81,0,0,0,0,0,0,7915000,0,0,0,0,0,7915000,0,0,0,0,0,0,"109Y3S"
65000,新北市,65000210,三芝區,2017.17,183.1,569.99,0,0,699.93,564.15,0,0,0,0,0,0,1955000,2240000,5150000,0,0,1300000,2000000,0,0,0,0,0,0,626.17,58.1,113.04,0,0,178.28,276.76,0,0,0,0,0,0,3000000,4200000,9660000,0,0,3525000,2400000,0,0,0,0,0,0,"109Y3S"
65000,新北市,65000220,石門區,97.79,52.13,45.67,0,0,0,0,0,0,0,0,0,0,1380000,1380000,6980000,0,0,0,0,0,0,0,0,0,0,0,0,0,0,0,0,0,0,0,0,0,0,0,0,0,0,0,0,0,0,0,0,0,0,0,0,"109Y3S"
65000,新北市,65000230,八里區,3311.4,322.99,603.35,0,0,2088.26,257.1,39.7,0,0,0,0,0,5775000,4300000,12940000,0,0,5850000,5500000,3675000,0,0,0,0,0,2353.74,0,0,0,0,1958.33,395.41,0,0,0,0,0,0,8000000,0,0,0,0,9100000,7500000,0,0,0,0,0,0,"109Y3S"
65000,新北市,65000240,平溪區,25.5,0,25.5,0,0,0,0,0,0,0,0,0,0,10000000,0,10000000,0,0,0,0,0,0,0,0,0,0,0,0,0,0,0,0,0,0,0,0,0,0,0,0,0,0,0,0,0,0,0,0,0,0,0,0,"109Y3S"
65000,新北市,65000250,雙溪區,167.26,91.3,75.96,0,0,0,0,0,0,0,0,0,0,2500000,2100000,6250000,0,0,0,0,0,0,0,0,0,0,0,0,0,0,0,0,0,0,0,0,0,0,0,0,0,0,0,0,0,0,0,0,0,0,0,0,"109Y3S"
65000,新北市,65000260,貢寮區,95.94,66.8,29.14,0,0,0,0,0,0,0,0,0,0,1700000,1600000,1800000,0,0,0,0,0,0,0,0,0,0,0,0,0,0,0,0,0,0,0,0,0,0,0,0,0,0,0,0,0,0,0,0,0,0,0,0,"109Y3S"
65000,新北市,65000270,金山區,1029.69,230.21,180.73,0,0,469.03,134.78,14.94,0,0,0,0,0,5650000,3000000,8900000,0,0,7550000,4675000,1600000,0,0,0,0,0,298.31,0,63.17,0,0,42.69,192.45,0,0,0,0,0,0,7325000,0,13890000,0,0,3500000,7325000,0,0,0,0,0,0,"109Y3S"
65000,新北市,65000280,萬里區,1139.59,719.31,72.9,0,0,226.45,97.18,23.74,0,0,0,0,0,1040000,750000,3407500,0,0,1645000,1800000,1120000,0,0,0,0,0,59.41,0,0,0,0,59.41,0,0,0,0,0,0,0,1600000,0,0,0,0,1600000,0,0,0,0,0,0,0,"109Y3S"
65000,新北市,65000290,烏來區,21.33,21.33,0,0,0,0,0,0,0,0,0,0,0,2500000,2500000,0,0,0,0,0,0,0,0,0,0,0,0,0,0,0,0,0,0,0,0,0,0,0,0,0,0,0,0,0,0,0,0,0,0,0,0,0,"109Y3S"
63000,臺北市,63000010,松山區,11856.99,3397.35,77.51,0,123.19,5777.57,2432.74,25.22,0,0,0,0,23.4,18800000,17250000,30640500,0,38000000,19116666,20680000,9400000,0,0,0,0,16800000,2919.25,13.91,0,0,0,2326.0,554.76,24.57,0,0,0,0,0,35500000,9160000,0,0,0,39750000,31830000,12000000,0,0,0,0,0,"109Y3S"
63000,臺北市,63000020,信義區,11089.84,4438.01,120.07,0,42.2,3825.79,2663.77,0,0,0,0,0,0,16907400,15200000,45000000,0,15465000,22250000,20880000,0,0,0,0,0,0,5099.61,12.65,1125.96,0,0,3035.32,925.69,0,0,0,0,0,0,33930000,7000000,59750055,0,0,30100000,19950000,0,0,0,0,0,0,"109Y3S"
63000,臺北市,63000030,大安區,17641.08,3588.68,31.92,0,0,9150.32,4846.57,23.58,0,0,0,0,0,26040000,20500000,30350000,0,0,28900000,28100000,9600000,0,0,0,0,0,5082.71,0,0,0,0,2996.57,2086.14,0,0,0,0,0,0,49000000,0,0,0,0,54333332,45650000,0,0,0,0,0,0,"109Y3S"
63000,臺北市,63000040,中山區,25895.18,2959.09,736.07,0,111.93,17040.32,4905.29,142.48,0,0,0,0,0,15390000,14750000,51900000,0,31375000,17880000,11600000,5750000,0,0,0,0,0,7554.67,0,0,0,0,4793.8,2722.11,17.29,0,0,0,0,21.47,23425000,0,0,0,0,31800000,22500000,10800000,0,0,0,0,14580000,"109Y3S"
63000,臺北市,63000050,中正區,9988.8,1740.51,34.55,0,52.19,5545.71,2579.09,36.75,0,0,0,0,0,18625000,18000000,12000000,0,24095000,19580000,19030000,11300000,0,0,0,0,0,2593.48,41.37,0,0,0,2398.05,154.06,0,0,0,0,0,0,27200000,26500000,0,0,0,27850000,27200000,0,0,0,0,0,0,"109Y3S"
63000,臺北市,63000060,大同區,6958.49,1556.54,692.03,24.42,0,3137.07,1536.73,11.71,0,0,0,0,0,12800000,10000000,16980000,30600000,0,14440000,13790000,7600000,0,0,0,0,0,2772.81,0,78.69,0,0,1715.5,978.62,0,0,0,0,0,0,31900000,0,48000000,0,0,32800000,27380000,0,0,0,0,0,0,"109Y3S"
63000,臺北市,63000070,萬華區,9411.8,2303.73,1136.91,0,0,4402.94,1555.73,12.5,0,0,0,0,0,10130000,8400000,23444000,0,0,12800000,12180000,6650000,0,0,0,0,0,1947.58,0,0,0,0,1786.19,161.39,0,0,0,0,0,0,23515000,0,0,0,0,23935954,16260000,0,0,0,0,0,0,"109Y3S"
63000,臺北市,63000080,文山區,15749.64,5468.81,500.36,0,0,5156.05,4624.43,0,0,0,0,0,0,13000000,11170000,22650000,0,0,15330000,14015000,0,0,0,0,0,0,8952.67,514.96,265.26,0,0,4971.7,3200.74,0,0,0,0,0,0,21660000,12815000,32400000,0,0,24500000,18000000,0,0,0,0,0,0,"109Y3S"
63000,臺北市,63000090,南港區,8457.03,3301.2,152.94,0,0,2820.23,1001.59,0,0,1181.06,0,0,0,16840000,12890000,22000000,0,0,28580000,17500000,0,0,52005000,0,0,0,5932.48,0,0,0,0,3448.17,2069.48,0,0,414.83,0,0,0,31880000,0,0,0,0,37860000,20900000,0,0,60700000,0,0,0,"109Y3S"
63000,臺北市,63000100,內湖區,22199.09,6086.45,604.86,0,0,10654.47,4762.9,23.81,0,0,0,0,66.6,17000000,13800000,28000000,0,0,31500000,14802000,7325000,0,0,0,0,16690000,15959.72,629.45,812.55,0,0,7198.97,7318.75,0,0,0,0,0,0,25880000,19250000,49650000,0,0,27500000,23720000,0,0,0,0,0,0,"109Y3S"
63000,臺北市,63000110,士林區,17449.15,5424.73,1399.97,20.49,0,6198.85,4375.45,29.66,0,0,0,0,0,16180000,12877500,50000000,0,0,24830000,18000000,8125000,0,0,0,0,0,4172.92,179.63,0,0,0,2284.36,1708.93,0,0,0,0,0,0,26500000,19650000,0,0,0,28880000,26500000,0,0,0,0,0,0,"109Y3S"
63000,臺北市,63000120,北投區,15321.27,5315.14,1324.88,57.01,0,4396.97,4173.85,53.43,0,0,0,0,0,12750000,11500000,31300000,34000000,0,16300000,14250000,6250000,0,0,0,0,0,7069.99,456.27,192.37,0,0,3876.62,2544.73,0,0,0,0,0,0,22640000,10380000,38300250,0,0,25000000,22250000,0,0,0,0,0,0,"109Y3S"
68000,桃園市,68000010,桃園區,75384.46,3853.26,7460.75,38.9,33.49,57651.73,6174.51,115.53,0,0,0,0,56.3,7920000,4050000,13125000,11150000,5640000,8565000,6000000,2675000,0,0,0,0,21800000,35874.64,170.71,1996.87,0,0,27556.25,6150.82,0,0,0,0,0,0,8800000,6200000,17000000,0,0,9200000,7500000,0,0,0,0,0,0,"109Y3S"
68000,桃園市,68000020,中壢區,84226.55,3547.22,15935.89,919.17,118.86,52279.71,6003.65,1224.91,1726.12,2287.77,125.15,0,58.1,7100000,3750000,11300000,21750000,11750000,7980000,4580000,1900000,35000000,152500000,27340000,0,2321000,30999.96,142.96,3122.44,574.87,0,22410.07,4599.84,149.79,0,0,0,0,0,8600000,8800000,16000000,7280000,0,8880000,6525000,6060000,0,0,0,0,0,"109Y3S"
68000,桃園市,68000030,大溪區,8323.48,366.44,4899.03,0,0,1994.81,933.66,0,0,0,129.55,0,0,7475000,2390000,6915000,0,0,9410000,4510000,0,0,0,50250000,0,0,3458.57,70.34,865.02,0,0,718.21,1804.99,0,0,0,0,0,0,6580000,3000000,10500000,0,0,6750000,6100000,0,0,0,0,0,0,"109Y3S"
68000,桃園市,68000040,楊梅區,29725.76,1139.48,15199.45,0,0,11550.8,1757.25,0,0,0,78.77,0,0,6250000,2225000,8600000,0,0,6250000,3300000,0,0,0,12900000,0,0,7557.87,363.15,1525.02,0,0,2835.46,2834.24,0,0,0,0,0,0,5100000,2375000,13825000,0,0,5200000,4450000,0,0,0,0,0,0,"109Y3S"
68000,桃園市,68000050,蘆竹區,14369.06,339.81,5917.01,0,0,6306.76,1774.68,14.43,0,0,16.37,0,0,7850000,3650000,12190000,0,0,7700000,5715000,2630000,0,0,15400000,0,0,15501.18,76.61,1773.26,0,0,10987.15,2490.77,0,0,54.68,118.73,0,0,10000000,6300000,15200000,0,0,10200000,8850000,0,0,7550000,56880000,0,0,"109Y3S"
68000,桃園市,68000060,大園區,20467.58,660.3,15048.26,0,0,3097.67,1635.83,0,0,0,25.53,0,0,9720000,3550000,14090000,0,0,8170000,6280000,0,0,0,16525000,0,0,8011.25,61.91,2317.73,0,0,2338.46,3293.14,0,0,0,0,0,0,11500000,4050000,19150000,0,0,11000000,9460000,0,0,0,0,0,0,"109Y3S"
68000,桃園市,68000070,龜山區,28337.7,2932.63,10819.44,255.77,0,8941.01,5035.16,26.5,0,327.18,0,0,0,7020000,3500000,10450000,48775000,0,8500000,6880000,2700000,0,181000000,0,0,0,7538.86,487.73,288.67,0,101.71,3295.56,3365.2,0,0,0,0,0,0,9620000,9650000,14500000,0,14250000,10350000,8724150,0,0,0,0,0,0,"109Y3S"
68000,桃園市,68000080,八德區,24137.61,1755.73,8049.06,0,0,12963.36,1369.46,0,0,0,0,0,0,5930000,3620000,7800000,0,0,5980000,4700000,0,0,0,0,0,0,10607.39,284.94,482.71,0,0,8734.53,1105.2,0,0,0,0,0,0,8300000,5800000,15450000,0,0,8800000,6000000,0,0,0,0,0,0,"109Y3S"
68000,桃園市,68000090,龍潭區,16546.0,494.1,10072.94,0,0,4964.44,705.64,14.28,0,194.35,100.26,0,0,6400000,2100000,7845000,0,0,6344000,3360000,1880000,0,31465000,35280000,0,0,2832.0,146.79,673.5,0,0,1168.52,843.18,0,0,0,0,0,0,5500000,3875000,6200000,0,0,5400000,5500000,0,0,0,0,0,0,"109Y3S"
68000,桃園市,68000100,平鎮區,22589.41,1769.35,14872.97,0,0,3923.01,2007.96,0,0,0,0,0,16.12,5160000,2725000,7360000,0,0,5585000,4500000,0,0,0,0,0,2000000,11607.33,74.03,3218.93,0,0,6874.0,1440.37,0,0,0,0,0,0,7700000,3765000,20680000,0,0,7500000,5720000,0,0,0,0,0,0,"109Y3S"
68000,桃園市,68000110,新屋區,4636.06,26.16,3580.98,0,0,882.28,146.64,0,0,0,0,0,0,7000000,1000000,8600000,0,0,4980000,3025000,0,0,0,0,0,0,318.03,0,136.64,0,0,36.6,144.79,0,0,0,0,0,0,5420000,0,9230000,0,0,5200000,5420000,0,0,0,0,0,0,"109Y3S"
68000,桃園市,68000120,觀音區,16224.01,608.31,10849.52,57.76,0,105.6,4174.89,16.47,0,0,411.46,0,0,5420000,3630000,8700000,4900000,0,4540000,4295000,2850000,0,0,15430000,0,0,2018.33,275.36,707.07,0,0,288.61,747.29,0,0,0,0,0,0,5480000,5290000,9000000,0,0,5755000,4750000,0,0,0,0,0,0,"109Y3S"
68000,桃園市,68000130,復興區,177.25,0,177.25,0,0,0,0,0,0,0,0,0,0,1825000,0,1825000,0,0,0,0,0,0,0,0,0,0,0,0,0,0,0,0,0,0,0,0,0,0,0,0,0,0,0,0,0,0,0,0,0,0,0,0,"109Y3S"
66000,臺中市,66000010,中區,2569.36,199.24,785.39,25.5,0,730.83,796.03,32.36,0,0,0,0,0,1740000,1830000,18500000,2703600,0,1700000,1679166,1530000,0,0,0,0,0,180.03,0,0,0,37.85,99.41,42.76,0,0,0,0,0,0,6950000,0,0,0,2600000,12900000,5400000,0,0,0,0,0,0,"109Y3S"
66000,臺中市,66000020,東區,5415.18,728.77,2041.19,170.24,0,1906.71,562.55,5.71,0,0,0,0,0,6900000,3980000,13450000,34125000,0,7215000,3810000,670000,0,0,0,0,0,3923.96,75.19,281.92,0,0,2852.17,714.67,0,0,0,0,0,0,8290000,6090000,26380000,0,0,8300000,6350000,0,0,0,0,0,0,"109Y3S"
66000,臺中市,66000030,南區,16251.03,1070.29,3703.83,28.05,125.5,10637.94,677.31,8.1,0,0,0,0,0,6560000,3980000,16280000,9450000,7950000,6600000,4500000,1180000,0,0,0,0,0,11602.33,107.56,213.28,20.06,0,9445.14,1816.29,0,0,0,0,0,0,8200000,9375000,16215000,5450000,0,8200000,8350000,0,0,0,0,0,0,"109Y3S"
66000,臺中市,66000040,西區,12005.51,1925.36,3133.41,0,0,4915.42,1959.19,72.13,0,0,0,0,0,5130000,5200000,16900000,0,0,3100000,3450000,1400000,0,0,0,0,0,9091.09,106.6,74.46,0,0,6694.56,2215.47,0,0,0,0,0,0,11500000,13190000,35800000,0,0,11205000,12100000,0,0,0,0,0,0,"109Y3S"
66000,臺中市,66000050,北區,20890.24,3843.98,5658.53,0,80.79,7860.7,3433.6,12.63,0,0,0,0,0,5200000,4300000,15000000,0,9370000,5880000,3700000,1500000,0,0,0,0,0,10280.66,35.49,228.2,0,0,8037.63,1924.93,54.41,0,0,0,0,0,8284134,7000000,45190000,0,0,8700000,7525000,8580000,0,0,0,0,0,"109Y3S"
66000,臺中市,66000060,西屯區,58082.55,2065.31,7239.57,98.78,209.73,36970.67,3470.84,6.09,7910.74,0,110.81,0,0,8590000,5200000,18500000,7300000,30620580,8940000,2940000,1300000,161340000,0,102530648,0,0,38539.5,192.38,1445.72,68.44,119.72,31814.64,4898.61,0,0,0,0,0,0,11800000,18200000,23440000,17000000,15850000,12800000,7650000,0,0,0,0,0,0,"109Y3S"
66000,臺中市,66000070,南屯區,27074.87,593.86,8815.04,64.64,0,16603.71,997.62,0,0,0,0,0,0,11300000,7965000,21500000,11250000,0,10000000,6000000,0,0,0,0,0,0,23500.47,47.56,3401.85,0,111.19,17505.58,2434.29,0,0,0,0,0,0,11950000,12360000,34250000,0,16000000,11855000,8000000,0,0,0,0,0,0,"109Y3S"
66000,臺中市,66000080,北屯區,44911.23,2725.51,21319.24,90.66,0,17024.01,3751.8,0,0,0,0,0,0,8950000,4525000,18715000,37680000,0,8300000,5300000,0,0,0,0,0,0,35364.95,353.11,4079.04,37.71,0,27429.74,3465.36,0,0,0,0,0,0,9000000,9650000,20300000,16300000,0,9100000,6800000,0,0,0,0,0,0,"109Y3S"
66000,臺中市,66000090,豐原區,12828.8,441.16,7584.55,0,0,3666.93,1136.17,0,0,0,0,0,0,7200000,3300000,12250000,0,0,6100000,4100000,0,0,0,0,0,0,3007.22,85.7,575.24,0,0,1704.42,641.86,0,0,0,0,0,0,7000000,7400000,62000000,0,0,7400000,6810000,0,0,0,0,0,0,"109Y3S"
66000,臺中市,66000100,東勢區,2147.4,22.49,1908.05,0,0,0,199.33,0,0,0,17.53,0,0,4990000,3450000,5960000,0,0,0,3500000,0,0,0,1200000,0,0,918.04,0,853.3,0,0,0,64.75,0,0,0,0,0,0,13800000,0,14000000,0,0,0,6000000,0,0,0,0,0,0,"109Y3S"
66000,臺中市,66000110,大甲區,5168.11,34.92,3804.53,0,0,85.52,1243.15,0,0,0,0,0,0,5200000,2200000,8600000,0,0,4350000,4880000,0,0,0,0,0,0,103.49,0,0,0,0,0,103.49,0,0,0,0,0,0,3990000,0,0,0,0,0,3990000,0,0,0,0,0,0,"109Y3S"
66000,臺中市,66000120,清水區,12464.74,67.35,6040.89,0,0,6247.38,109.12,0,0,0,0,0,0,6200000,4800000,9700000,0,0,5120000,4915000,0,0,0,0,0,0,750.63,0,0,0,0,638.8,111.83,0,0,0,0,0,0,5850000,0,0,0,0,6000000,4500000,0,0,0,0,0,0,"109Y3S"
66000,臺中市,66000130,沙鹿區,9332.14,136.89,8577.55,0,0,0,617.7,0,0,0,0,0,0,10300000,4500000,11500000,0,0,0,4115000,0,0,0,0,0,0,927.77,0,285.1,0,0,120.23,522.45,0,0,0,0,0,0,7000000,0,12475000,0,0,5150000,7190000,0,0,0,0,0,0,"109Y3S"
66000,臺中市,66000140,梧棲區,7654.85,87.85,7122.97,0,0,78.1,365.93,0,0,0,0,0,0,8600000,4000000,9500000,0,0,3765000,4100000,0,0,0,0,0,0,511.32,203.53,0,0,0,171.75,136.04,0,0,0,0,0,0,4400000,3700000,0,0,0,6430000,5500000,0,0,0,0,0,0,"109Y3S"
66000,臺中市,66000150,后里區,28343.58,0,28312.23,0,0,0,31.36,0,0,0,0,0,0,8700000,0,8700000,0,0,0,5800000,0,0,0,0,0,0,326.04,0,0,0,0,215.24,110.8,0,0,0,0,0,0,8000000,0,0,0,0,9400000,7050000,0,0,0,0,0,0,"109Y3S"
66000,臺中市,66000160,神岡區,5211.97,55.27,4891.13,0,0,30.07,184.19,0,0,51.32,0,0,0,9580000,2875000,10000000,0,0,4600000,4700000,0,0,22000000,0,0,0,353.63,0,0,0,0,54.7,298.93,0,0,0,0,0,0,6050000,0,0,0,0,1288572,6300000,0,0,0,0,0,0,"109Y3S"
66000,臺中市,66000170,潭子區,13345.93,163.1,4895.0,0,0,1375.11,761.58,0,6151.13,0,0,0,0,9300000,3730000,12000000,0,0,6100000,5390000,0,113333333,0,0,0,0,2427.41,0,221.51,0,0,1335.46,870.45,0,0,0,0,0,0,6600000,0,12525000,0,0,6700000,6000000,0,0,0,0,0,0,"109Y3S"
66000,臺中市,66000180,大雅區,9307.91,267.51,8405.38,47.74,0,268.17,319.11,0,0,0,0,0,0,11500000,2680000,11600000,5800000,0,4700000,5200000,0,0,0,0,0,0,2153.83,45.57,188.26,0,0,941.27,978.74,0,0,0,0,0,0,6900000,6750000,10700000,0,0,8604000,6200000,0,0,0,0,0,0,"109Y3S"
66000,臺中市,66000190,新社區,630.14,0,630.14,0,0,0,0,0,0,0,0,0,0,7700000,0,7700000,0,0,0,0,0,0,0,0,0,0,0,0,0,0,0,0,0,0,0,0,0,0,0,0,0,0,0,0,0,0,0,0,0,0,0,0,"109Y3S"
66000,臺中市,66000200,石岡區,264.99,0,264.99,0,0,0,0,0,0,0,0,0,0,4200000,0,4200000,0,0,0,0,0,0,0,0,0,0,0,0,0,0,0,0,0,0,0,0,0,0,0,0,0,0,0,0,0,0,0,0,0,0,0,0,"109Y3S"
66000,臺中市,66000210,外埔區,2693.44,57.33,1821.88,0,0,0,83.56,0,220.35,323.85,0,0,186.48,7300000,4150000,7300000,0,0,0,2980000,0,72253600,41999333,0,0,17500000,40.46,0,0,0,0,0,40.46,0,0,0,0,0,0,3000000,0,0,0,0,0,3000000,0,0,0,0,0,0,"109Y3S"
66000,臺中市,66000220,大安區,213.09,0,213.09,0,0,0,0,0,0,0,0,0,0,14500000,0,14500000,0,0,0,0,0,0,0,0,0,0,0,0,0,0,0,0,0,0,0,0,0,0,0,0,0,0,0,0,0,0,0,0,0,0,0,0,"109Y3S"
66000,臺中市,66000230,烏日區,16489.09,62.67,4136.48,307.48,0,11052.34,930.11,0,0,0,0,0,0,7030000,3430000,14090000,13105000,0,6775000,4625000,0,0,0,0,0,0,4366.61,0,74.62,0,0,3934.41,357.58,0,0,0,0,0,0,8180000,0,22000000,0,0,8250000,7300000,0,0,0,0,0,0,"109Y3S"
66000,臺中市,66000240,大肚區,6249.45,296.31,4055.91,0,0,60.04,1837.19,0,0,0,0,0,0,7450000,3050000,8500000,0,0,3375000,6480000,0,0,0,0,0,0,236.39,0,0,0,0,30.77,205.62,0,0,0,0,0,0,5350000,0,0,0,0,3150000,6900000,0,0,0,0,0,0,"109Y3S"
66000,臺中市,66000250,龍井區,8910.44,549.35,7620.01,0,0,0,741.09,0,0,0,0,0,0,8360000,4450000,9350000,0,0,0,4050000,0,0,0,0,0,0,1129.63,125.83,196.26,0,0,172.1,635.43,0,0,0,0,0,0,4362500,4787500,15650000,0,0,4880000,3675000,0,0,0,0,0,0,"109Y3S"
66000,臺中市,66000260,霧峰區,3901.64,28.51,3457.65,0,0,53.58,361.9,0,0,0,0,0,0,7000000,2800000,8850000,0,0,3905000,3760000,0,0,0,0,0,0,468.25,31.55,36.02,0,0,72.18,328.5,0,0,0,0,0,0,5340000,3400000,11739420,0,0,4750000,5440000,0,0,0,0,0,0,"109Y3S"
66000,臺中市,66000270,太平區,21999.72,1025.85,14450.43,0,0,5648.15,869.88,5.41,0,0,0,0,0,8625000,2660888,11900000,0,0,8350000,3600000,1250000,0,0,0,0,0,9513.86,225.41,932.54,0,0,6863.23,1492.68,0,0,0,0,0,0,8580000,5530000,9180000,0,0,9220000,5295000,0,0,0,0,0,0,"109Y3S"
66000,臺中市,66000280,大里區,35590.39,1189.48,16980.47,0,0,11608.39,5803.01,9.04,0,0,0,0,0,6800000,3700000,12280000,0,0,6890000,4980000,1510000,0,0,0,0,0,12933.93,131.38,276.3,0,0,9335.95,3190.3,0,0,0,0,0,0,6230000,6400000,14040000,0,0,6250000,5985000,0,0,0,0,0,0,"109Y3S"
67000,臺南市,67000010,新營區,9682.76,594.44,6765.89,0,0,1704.06,618.37,0,0,0,0,0,0,7180000,3200000,7900000,0,0,7235000,2400000,0,0,0,0,0,0,796.45,0,0,0,0,248.52,547.93,0,0,0,0,0,0,4200000,0,0,0,0,4300000,3500000,0,0,0,0,0,0,"109Y3S"
67000,臺南市,67000020,鹽水區,5193.28,477.16,4707.11,0,0,0,9.01,0,0,0,0,0,0,6730000,230434,7280000,0,0,0,580000,0,0,0,0,0,0,72.75,0,0,0,0,0,72.75,0,0,0,0,0,0,2025000,0,0,0,0,0,2025000,0,0,0,0,0,0,"109Y3S"
67000,臺南市,67000030,白河區,1235.2,70.05,1165.15,0,0,0,0,0,0,0,0,0,0,2900000,1430000,7650000,0,0,0,0,0,0,0,0,0,0,0,0,0,0,0,0,0,0,0,0,0,0,0,0,0,0,0,0,0,0,0,0,0,0,0,0,"109Y3S"
67000,臺南市,67000040,柳營區,2126.12,0,2117.12,0,0,0,8.99,0,0,0,0,0,0,6725000,0,6750000,0,0,0,300000,0,0,0,0,0,0,0,0,0,0,0,0,0,0,0,0,0,0,0,0,0,0,0,0,0,0,0,0,0,0,0,0,"109Y3S"
67000,臺南市,67000050,後壁區,1188.46,0,1188.46,0,0,0,0,0,0,0,0,0,0,3363000,0,3363000,0,0,0,0,0,0,0,0,0,0,0,0,0,0,0,0,0,0,0,0,0,0,0,0,0,0,0,0,0,0,0,0,0,0,0,0,"109Y3S"
67000,臺南市,67000060,東山區,364.76,0,364.76,0,0,0,0,0,0,0,0,0,0,2500000,0,2500000,0,0,0,0,0,0,0,0,0,0,0,0,0,0,0,0,0,0,0,0,0,0,0,0,0,0,0,0,0,0,0,0,0,0,0,0,"109Y3S"
67000,臺南市,67000070,麻豆區,5962.67,0,5781.48,0,0,35.52,145.67,0,0,0,0,0,0,10000000,0,10160000,0,0,3010000,372152,0,0,0,0,0,0,147.08,0,0,0,0,110.14,36.94,0,0,0,0,0,0,3650000,0,0,0,0,3800000,3500000,0,0,0,0,0,0,"109Y3S"
67000,臺南市,67000080,下營區,642.91,0,642.91,0,0,0,0,0,0,0,0,0,0,5440000,0,5440000,0,0,0,0,0,0,0,0,0,0,82.62,0,82.62,0,0,0,0,0,0,0,0,0,0,10600000,0,10600000,0,0,0,0,0,0,0,0,0,0,"109Y3S"
67000,臺南市,67000090,六甲區,1650.98,0,1650.98,0,0,0,0,0,0,0,0,0,0,6700000,0,6700000,0,0,0,0,0,0,0,0,0,0,28.91,0,0,0,0,0,28.91,0,0,0,0,0,0,3860000,0,0,0,0,0,3860000,0,0,0,0,0,0,"109Y3S"
67000,臺南市,67000100,官田區,1124.71,0,983.43,0,0,0,0,0,141.28,0,0,0,0,7060000,0,7060000,0,0,0,0,0,15640000,0,0,0,0,0,0,0,0,0,0,0,0,0,0,0,0,0,0,0,0,0,0,0,0,0,0,0,0,0,0,"109Y3S"
67000,臺南市,67000110,大內區,103.71,0,103.71,0,0,0,0,0,0,0,0,0,0,3075000,0,3075000,0,0,0,0,0,0,0,0,0,0,0,0,0,0,0,0,0,0,0,0,0,0,0,0,0,0,0,0,0,0,0,0,0,0,0,0,"109Y3S"
67000,臺南市,67000120,佳里區,5984.02,27.62,4165.7,301.28,0,0,776.94,43.71,272.77,395.98,0,0,0,5200000,2300000,7980000,19900000,0,0,3350000,500000,42600000,14400000,0,0,0,394.81,0,0,0,0,275.47,119.33,0,0,0,0,0,0,3825000,0,0,0,0,3600000,4000000,0,0,0,0,0,0,"109Y3S"
67000,臺南市,67000130,學甲區,1566.48,0,1467.03,59.55,0,0,17.59,22.31,0,0,0,0,0,5060000,0,5500000,8500000,0,0,600000,680000,0,0,0,0,0,0,0,0,0,0,0,0,0,0,0,0,0,0,0,0,0,0,0,0,0,0,0,0,0,0,0,"109Y3S"
67000,臺南市,67000140,西港區,5397.57,0,5355.67,0,0,0,41.91,0,0,0,0,0,0,6920000,0,6980000,0,0,0,1543012,0,0,0,0,0,0,36.84,0,0,0,0,0,36.84,0,0,0,0,0,0,2280000,0,0,0,0,0,2280000,0,0,0,0,0,0,"109Y3S"
67000,臺南市,67000150,七股區,613.13,0,613.13,0,0,0,0,0,0,0,0,0,0,3500000,0,3500000,0,0,0,0,0,0,0,0,0,0,0,0,0,0,0,0,0,0,0,0,0,0,0,0,0,0,0,0,0,0,0,0,0,0,0,0,"109Y3S"
67000,臺南市,67000160,將軍區,2295.03,0,1030.77,0,0,0,0,0,0,0,1264.27,0,0,4990000,0,6450000,0,0,0,0,0,0,0,2833332,0,0,0,0,0,0,0,0,0,0,0,0,0,0,0,0,0,0,0,0,0,0,0,0,0,0,0,0,"109Y3S"
67000,臺南市,67000170,北門區,67.71,0,67.71,0,0,0,0,0,0,0,0,0,0,2415999,0,2415999,0,0,0,0,0,0,0,0,0,0,0,0,0,0,0,0,0,0,0,0,0,0,0,0,0,0,0,0,0,0,0,0,0,0,0,0,"109Y3S"
67000,臺南市,67000180,新化區,9172.52,0,8520.44,0,0,108.2,543.87,0,0,0,0,0,0,7725000,0,8500000,0,0,3460000,3350000,0,0,0,0,0,0,345.35,0,0,0,0,81.27,264.08,0,0,0,0,0,0,4250000,0,0,0,0,1950000,4330000,0,0,0,0,0,0,"109Y3S"
67000,臺南市,67000190,善化區,10471.22,17.44,8374.84,0,0,1305.94,772.99,0,0,0,0,0,0,8220000,1600000,12880000,0,0,5000000,3615000,0,0,0,0,0,0,2073.27,0,0,0,0,974.27,1099.0,0,0,0,0,0,0,5600000,0,0,0,0,7375000,4900000,0,0,0,0,0,0,"109Y3S"
67000,臺南市,67000200,新市區,12765.88,34.75,10570.39,0,0,156.74,1420.66,0,147.86,435.48,0,0,0,9500000,3500000,11100000,0,0,7810000,4460000,0,6360000,82128666,0,0,0,2488.32,0,0,0,0,534.95,1953.37,0,0,0,0,0,0,5000000,0,0,0,0,7350000,4820000,0,0,0,0,0,0,"109Y3S"
67000,臺南市,67000210,安定區,2788.83,0,2763.12,0,0,0,25.7,0,0,0,0,0,0,7215000,0,7380000,0,0,0,4100000,0,0,0,0,0,0,0,0,0,0,0,0,0,0,0,0,0,0,0,0,0,0,0,0,0,0,0,0,0,0,0,0,"109Y3S"
67000,臺南市,67000220,山上區,179.64,0,179.64,0,0,0,0,0,0,0,0,0,0,4600000,0,4600000,0,0,0,0,0,0,0,0,0,0,0,0,0,0,0,0,0,0,0,0,0,0,0,0,0,0,0,0,0,0,0,0,0,0,0,0,"109Y3S"
67000,臺南市,67000230,玉井區,285.39,0,285.39,0,0,0,0,0,0,0,0,0,0,6150000,0,6150000,0,0,0,0,0,0,0,0,0,0,0,0,0,0,0,0,0,0,0,0,0,0,0,0,0,0,0,0,0,0,0,0,0,0,0,0,"109Y3S"
67000,臺南市,67000240,楠西區,146.29,0,118.36,0,0,0,27.93,0,0,0,0,0,0,2400000,0,5800000,0,0,0,2350000,0,0,0,0,0,0,0,0,0,0,0,0,0,0,0,0,0,0,0,0,0,0,0,0,0,0,0,0,0,0,0,0,"109Y3S"
67000,臺南市,67000250,南化區,64.19,0,64.19,0,0,0,0,0,0,0,0,0,0,2125000,0,2125000,0,0,0,0,0,0,0,0,0,0,0,0,0,0,0,0,0,0,0,0,0,0,0,0,0,0,0,0,0,0,0,0,0,0,0,0,"109Y3S"
67000,臺南市,67000260,左鎮區,242.34,0,242.34,0,0,0,0,0,0,0,0,0,0,4675000,0,4675000,0,0,0,0,0,0,0,0,0,0,0,0,0,0,0,0,0,0,0,0,0,0,0,0,0,0,0,0,0,0,0,0,0,0,0,0,"109Y3S"
67000,臺南市,67000270,仁德區,10647.15,73.24,8987.11,0,0,808.04,774.47,4.28,0,0,0,0,0,6800000,650000,8830000,0,0,14780000,520000,450000,0,0,0,0,0,744.91,0,0,0,0,523.47,221.44,0,0,0,0,0,0,5550000,0,0,0,0,7000000,3750000,0,0,0,0,0,0,"109Y3S"
67000,臺南市,67000280,歸仁區,8379.4,89.33,7212.88,0,0,32.36,1044.84,0,0,0,0,0,0,8490000,3030000,9365000,0,0,3550000,4770000,0,0,0,0,0,0,898.32,0,293.69,0,0,209.48,395.14,0,0,0,0,0,0,4500000,0,21600000,0,0,4100000,4350000,0,0,0,0,0,0,"109Y3S"
67000,臺南市,67000290,關廟區,4175.65,0,4152.34,0,0,0,23.3,0,0,0,0,0,0,8010000,0,8020000,0,0,0,3250000,0,0,0,0,0,0,111.08,0,48.38,0,0,0,62.7,0,0,0,0,0,0,4900000,0,5000000,0,0,0,4250000,0,0,0,0,0,0,"109Y3S"
67000,臺南市,67000310,永康區,27457.83,996.93,19935.77,0,54.54,3593.54,2877.06,0,0,0,0,0,0,5600000,2600000,10500000,0,5700000,3700000,2950000,0,0,0,0,0,0,10249.67,296.87,0,0,66.79,5962.99,3923.02,0,0,0,0,0,0,5500000,5150000,0,0,3125000,5875000,5490000,0,0,0,0,0,0,"109Y3S"
67000,臺南市,67000320,東區,17919.54,1828.75,9373.35,0,0,4825.52,1864.41,27.51,0,0,0,0,0,5500000,3165000,9600000,0,0,5600000,3650000,950000,0,0,0,0,0,9822.76,211.18,70.84,0,135.78,7001.26,2403.7,0,0,0,0,0,0,7040000,7600000,20850000,0,9500000,8450000,5800000,0,0,0,0,0,0,"109Y3S"
67000,臺南市,67000330,南區,10776.44,2226.21,7309.29,65.75,0,622.77,523.3,29.12,0,0,0,0,0,4700000,2868000,9300000,13680000,0,6290000,3020000,1380000,0,0,0,0,0,2425.4,89.08,0,0,0,1482.29,854.03,0,0,0,0,0,0,6175000,4400000,0,0,0,6400000,5800000,0,0,0,0,0,0,"109Y3S"
67000,臺南市,67000340,北區,15849.63,981.65,7316.88,82.68,0,6565.8,893.0,9.62,0,0,0,0,0,7000000,1925000,7750000,4550000,0,8205000,3045000,1550000,0,0,0,0,0,5966.64,374.36,424.81,62.23,0,4428.65,676.58,0,0,0,0,0,0,7360000,6500000,18430000,8200000,0,7500000,6550000,0,0,0,0,0,0,"109Y3S"
67000,臺南市,67000350,安南區,25866.78,304.99,23872.01,97.09,0,1010.26,582.44,0,0,0,0,0,0,8600000,2390000,9550000,20310000,0,5125000,3930000,0,0,0,0,0,0,1232.75,53.69,61.54,0,0,514.89,602.63,0,0,0,0,0,0,5230000,3600000,8000000,0,0,5600000,5230000,0,0,0,0,0,0,"109Y3S"
67000,臺南市,67000360,安平區,16520.33,541.44,6108.11,0,0,9072.33,782.2,16.24,0,0,0,0,0,7200000,6760000,15900000,0,0,6765000,3300000,2500000,0,0,0,0,0,6098.65,0,0,0,0,4633.84,1464.81,0,0,0,0,0,0,5825000,0,0,0,0,6000000,5140000,0,0,0,0,0,0,"109Y3S"
67000,臺南市,67000370,中西區,10049.55,705.7,4775.28,92.61,0,2926.21,1531.54,18.2,0,0,0,0,0,4600000,2900000,8000000,16000000,0,13860000,1500000,1000000,0,0,0,0,0,4845.14,99.14,0,0,0,4263.73,482.26,0,0,0,0,0,0,11950000,2350000,0,0,0,14550000,5800000,0,0,0,0,0,0,"109Y3S"
64000,高雄市,64000010,鹽埕區,2809.18,220.92,455.11,0,0,2104.89,28.26,0,0,0,0,0,0,3900000,2990000,5950000,0,0,3925000,1625000,0,0,0,0,0,0,539.23,0,0,0,0,539.23,0,0,0,0,0,0,0,12825000,0,0,0,0,12825000,0,0,0,0,0,0,0,"109Y3S"
64000,高雄市,64000020,鼓山區,17339.84,1118.5,2740.39,0,0,12810.92,414.68,21.83,0,0,0,0,233.51,7650000,3175000,13300000,0,0,8380000,5150000,2250000,0,0,0,0,233400000,16529.69,0,0,0,0,16169.8,359.89,0,0,0,0,0,0,10700000,0,0,0,0,10780000,6825000,0,0,0,0,0,0,"109Y3S"
64000,高雄市,64000030,左營區,23816.25,873.11,7176.74,0,0,14803.75,962.64,0,0,0,0,0,0,6125000,3225000,15875000,0,0,6100000,4690000,0,0,0,0,0,0,18140.27,62.99,126.94,0,0,16904.47,1045.86,0,0,0,0,0,0,8500000,18300000,21000000,0,0,8710000,5850000,0,0,0,0,0,0,"109Y3S"
64000,高雄市,64000040,楠梓區,21190.05,2145.54,11440.14,0,0,6171.64,1352.68,16.56,0,0,0,0,63.49,4550000,2500000,11300000,0,0,4180000,3220000,940000,0,0,0,0,18100000,12602.67,43.72,321.29,0,0,11232.74,1004.91,0,0,0,0,0,0,6565000,5700000,17440000,0,0,6680000,4690000,0,0,0,0,0,0,"109Y3S"
64000,高雄市,64000050,三民區,35000.88,4641.35,8277.27,48.62,83.49,20339.58,1575.8,34.76,0,0,0,0,0,5762500,3100000,10500000,20000000,4325000,6620000,2400000,915000,0,0,0,0,0,24093.55,87.39,0,0,0,23164.49,841.67,0,0,0,0,0,0,10175000,5900000,0,0,0,10415000,5865000,0,0,0,0,0,0,"109Y3S"
64000,高雄市,64000060,新興區,4876.74,572.38,1913.62,0,52.57,1806.85,518.9,12.41,0,0,0,0,0,4206000,3080000,11000000,0,4206000,3400000,4948000,2200000,0,0,0,0,0,2319.81,0,0,0,0,2217.06,102.75,0,0,0,0,0,0,9730000,0,0,0,0,10000000,6725000,0,0,0,0,0,0,"109Y3S"
64000,高雄市,64000070,前金區,6893.43,129.68,882.75,0,0,4832.15,1048.86,0,0,0,0,0,0,5700000,3980000,11500000,0,0,5350000,3950000,0,0,0,0,0,0,2451.86,0,0,0,0,2264.15,187.7,0,0,0,0,0,0,9990000,0,0,0,0,10175000,7190000,0,0,0,0,0,0,"109Y3S"
64000,高雄市,64000080,苓雅區,20988.31,3783.52,3319.96,27.53,0,12678.16,1179.15,0,0,0,0,0,0,5825000,3616666,9900000,10650000,0,8325000,5000000,0,0,0,0,0,0,8742.59,24.22,0,0,0,7809.33,909.03,0,0,0,0,0,0,10680000,4100000,0,0,0,11320000,7850000,0,0,0,0,0,0,"109Y3S"
64000,高雄市,64000090,前鎮區,21947.06,2144.07,3886.9,0,142.97,15196.67,564.59,11.86,0,0,0,0,0,6040000,2885000,8280000,0,23500000,6530000,4110000,2900000,0,0,0,0,0,8259.67,0,200.94,0,0,7204.17,329.42,0,0,525.14,0,0,0,9080000,0,28250000,0,0,9290000,6460000,0,0,11190000,0,0,0,"109Y3S"
64000,高雄市,64000100,旗津區,143.92,32.06,72.12,0,0,39.75,0,0,0,0,0,0,0,4000000,1500000,9900000,0,0,3200000,0,0,0,0,0,0,0,0,0,0,0,0,0,0,0,0,0,0,0,0,0,0,0,0,0,0,0,0,0,0,0,0,0,"109Y3S"
64000,高雄市,64000110,小港區,18123.82,1668.51,13466.08,0,0,1162.05,1827.17,0,0,0,0,0,0,6500000,2425000,11250000,0,0,4340000,3575000,0,0,0,0,0,0,2391.79,40.67,0,0,0,1775.89,575.23,0,0,0,0,0,0,5740000,3000000,0,0,0,6500000,4550000,0,0,0,0,0,0,"109Y3S"
64000,高雄市,64000120,鳳山區,28847.43,3848.24,15681.94,61.64,0,6504.5,2751.12,0,0,0,0,0,0,5000000,2720000,10000000,9476435,0,4900000,4500000,0,0,0,0,0,0,17995.08,0,910.62,0,0,15598.13,1458.74,27.58,0,0,0,0,0,7050000,0,25800000,0,0,7100000,6340000,4250000,0,0,0,0,0,"109Y3S"
64000,高雄市,64000130,林園區,6827.0,260.62,5181.14,0,0,232.95,1138.03,14.26,0,0,0,0,0,3480000,990000,7300000,0,0,2500000,1187500,500000,0,0,0,0,0,145.47,0,0,0,0,0,145.47,0,0,0,0,0,0,2930000,0,0,0,0,0,2930000,0,0,0,0,0,0,"109Y3S"
64000,高雄市,64000140,大寮區,9040.2,255.24,5701.44,0,0,822.27,455.17,0,82.8,1723.29,0,0,0,5000000,1650000,7000000,0,0,3000000,2960000,0,14800000,116666666,0,0,0,647.44,41.26,0,0,0,332.5,273.68,0,0,0,0,0,0,3525000,3650000,0,0,0,3815000,3380000,0,0,0,0,0,0,"109Y3S"
64000,高雄市,64000150,大樹區,2554.75,0,2405.09,0,0,92.26,0,0,57.4,0,0,0,0,6251000,0,7250000,0,0,2200000,0,0,14000000,0,0,0,0,37.96,0,0,0,0,37.96,0,0,0,0,0,0,0,3300000,0,0,0,0,3300000,0,0,0,0,0,0,0,"109Y3S"
64000,高雄市,64000160,大社區,3665.08,48.59,3095.55,0,0,140.3,322.94,0,57.69,0,0,0,0,8925000,6300000,9065000,0,0,2800000,2750000,0,14200000,0,0,0,0,360.54,0,58.21,0,0,132.78,169.55,0,0,0,0,0,0,3225000,0,6000000,0,0,3000000,3225000,0,0,0,0,0,0,"109Y3S"
64000,高雄市,64000170,仁武區,28623.75,63.75,23042.24,0,0,5445.17,72.58,0,0,0,0,0,0,11200000,2000000,12965000,0,0,5450000,1650000,0,0,0,0,0,0,3236.38,0,179.46,0,0,2847.57,209.35,0,0,0,0,0,0,6500000,0,7230000,0,0,6440000,10700000,0,0,0,0,0,0,"109Y3S"
64000,高雄市,64000180,鳥松區,7671.94,120.05,6841.67,0,0,630.58,79.64,0,0,0,0,0,0,8950000,2820000,15000000,0,0,2400000,5625000,0,0,0,0,0,0,2235.8,0,94.23,0,0,1769.47,372.09,0,0,0,0,0,0,10500000,0,28600000,0,0,14200000,6625000,0,0,0,0,0,0,"109Y3S"
64000,高雄市,64000190,岡山區,10152.5,154.98,6576.37,0,0,2938.78,373.97,0,45.93,0,62.48,0,0,5400000,1930000,11690000,0,0,3800000,2700000,0,14577779,0,21500000,0,0,1541.24,37.05,0,0,0,1366.97,137.21,0,0,0,0,0,0,6000000,3650000,0,0,0,6100000,4000000,0,0,0,0,0,0,"109Y3S"
64000,高雄市,64000200,橋頭區,4452.64,0,2615.74,0,0,1499.61,337.29,0,0,0,0,0,0,6340000,0,8160000,0,0,5740000,6260000,0,0,0,0,0,0,8154.69,0,79.89,0,0,8074.8,0,0,0,0,0,0,0,9000000,0,9600000,0,0,8785000,0,0,0,0,0,0,0,"109Y3S"
64000,高雄市,64000210,燕巢區,1998.98,11.83,1861.63,0,0,0,125.52,0,0,0,0,0,0,6650000,920000,6800000,0,0,0,950000,0,0,0,0,0,0,0,0,0,0,0,0,0,0,0,0,0,0,0,0,0,0,0,0,0,0,0,0,0,0,0,0,"109Y3S"
64000,高雄市,64000220,田寮區,498.21,0,498.21,0,0,0,0,0,0,0,0,0,0,18130000,0,18130000,0,0,0,0,0,0,0,0,0,0,0,0,0,0,0,0,0,0,0,0,0,0,0,0,0,0,0,0,0,0,0,0,0,0,0,0,"109Y3S"
64000,高雄市,64000230,阿蓮區,687.13,0,673.29,0,0,0,13.84,0,0,0,0,0,0,4800000,0,5300000,0,0,0,1150000,0,0,0,0,0,0,0,0,0,0,0,0,0,0,0,0,0,0,0,0,0,0,0,0,0,0,0,0,0,0,0,0,"109Y3S"
64000,高雄市,64000240,路竹區,2897.18,0,2853.39,0,0,0,43.79,0,0,0,0,0,0,8305000,0,8360000,0,0,0,5050000,0,0,0,0,0,0,195.73,0,0,0,0,41.26,154.47,0,0,0,0,0,0,4200000,0,0,0,0,4160000,4290000,0,0,0,0,0,0,"109Y3S"
64000,高雄市,64000250,湖內區,2663.13,96.41,2355.63,0,0,44.3,166.79,0,0,0,0,0,0,5900000,2150000,7575000,0,0,2350000,2150000,0,0,0,0,0,0,0,0,0,0,0,0,0,0,0,0,0,0,0,0,0,0,0,0,0,0,0,0,0,0,0,0,"109Y3S"
64000,高雄市,64000260,茄萣區,1435.01,0,1331.16,0,0,103.85,0,0,0,0,0,0,0,5200000,0,6930000,0,0,2185000,0,0,0,0,0,0,0,111.69,0,0,0,0,111.69,0,0,0,0,0,0,0,2050000,0,0,0,0,2050000,0,0,0,0,0,0,0,"109Y3S"
64000,高雄市,64000270,永安區,271.29,0,271.29,0,0,0,0,0,0,0,0,0,0,4525000,0,4525000,0,0,0,0,0,0,0,0,0,0,0,0,0,0,0,0,0,0,0,0,0,0,0,0,0,0,0,0,0,0,0,0,0,0,0,0,"109Y3S"
64000,高雄市,64000280,彌陀區,723.62,0,723.62,0,0,0,0,0,0,0,0,0,0,8800000,0,8800000,0,0,0,0,0,0,0,0,0,0,0,0,0,0,0,0,0,0,0,0,0,0,0,0,0,0,0,0,0,0,0,0,0,0,0,0,"109Y3S"
64000,高雄市,64000290,梓官區,2446.27,0,2446.27,0,0,0,0,0,0,0,0,0,0,5950000,0,5950000,0,0,0,0,0,0,0,0,0,0,67.56,0,67.56,0,0,0,0,0,0,0,0,0,0,4970000,0,4970000,0,0,0,0,0,0,0,0,0,0,"109Y3S"
64000,高雄市,64000300,旗山區,1872.08,6.48,1729.5,0,0,40.17,95.93,0,0,0,0,0,0,3800000,81708,4600000,0,0,2900000,790000,0,0,0,0,0,0,100.09,0,100.09,0,0,0,0,0,0,0,0,0,0,6580000,0,6580000,0,0,0,0,0,0,0,0,0,0,"109Y3S"
64000,高雄市,64000310,美濃區,1947.19,98.36,1750.46,0,0,0,98.36,0,0,0,0,0,0,7520000,7520000,5500000,0,0,0,8480000,0,0,0,0,0,0,77.03,0,0,0,0,0,77.03,0,0,0,0,0,0,2165000,0,0,0,0,0,2165000,0,0,0,0,0,0,"109Y3S"
64000,高雄市,64000320,六龜區,787.73,0,787.73,0,0,0,0,0,0,0,0,0,0,2390000,0,2390000,0,0,0,0,0,0,0,0,0,0,0,0,0,0,0,0,0,0,0,0,0,0,0,0,0,0,0,0,0,0,0,0,0,0,0,0,"109Y3S"
64000,高雄市,64000330,甲仙區,124.59,0,124.59,0,0,0,0,0,0,0,0,0,0,4200000,0,4200000,0,0,0,0,0,0,0,0,0,0,0,0,0,0,0,0,0,0,0,0,0,0,0,0,0,0,0,0,0,0,0,0,0,0,0,0,"109Y3S"
64000,高雄市,64000340,杉林區,268.66,0,268.66,0,0,0,0,0,0,0,0,0,0,2000000,0,2000000,0,0,0,0,0,0,0,0,0,0,0,0,0,0,0,0,0,0,0,0,0,0,0,0,0,0,0,0,0,0,0,0,0,0,0,0,"109Y3S"
64000,高雄市,64000350,內門區,93.44,0,93.44,0,0,0,0,0,0,0,0,0,0,6000000,0,6000000,0,0,0,0,0,0,0,0,0,0,0,0,0,0,0,0,0,0,0,0,0,0,0,0,0,0,0,0,0,0,0,0,0,0,0,0,"109Y3S"
10002,宜蘭縣,10002010,宜蘭市,15507.57,553.92,11357.56,0,0,1918.15,1677.93,0,0,0,0,0,0,9025000,3240000,10980000,0,0,15120000,4444444,0,0,0,0,0,0,3274.34,0,184.53,0,0,1662.54,1427.27,0,0,0,0,0,0,8390000,0,28500000,0,0,12185000,6530000,0,0,0,0,0,0,"109Y3S"
10002,宜蘭縣,10002020,羅東鎮,5036.89,479.79,2830.02,0,0,493.29,1233.79,0,0,0,0,0,0,5400000,3800000,9500000,0,0,4275000,4370000,0,0,0,0,0,0,2345.85,37.4,0,0,0,332.96,1975.49,0,0,0,0,0,0,6150000,4400000,0,0,0,5745000,6275000,0,0,0,0,0,0,"109Y3S"
10002,宜蘭縣,10002030,蘇澳鎮,3001.07,129.13,2780.57,0,0,9.82,81.55,0,0,0,0,0,0,5500000,2345000,5650000,0,0,520000,4625000,0,0,0,0,0,0,788.54,0,307.14,0,0,0,481.4,0,0,0,0,0,0,4250000,0,8600000,0,0,0,4250000,0,0,0,0,0,0,"109Y3S"
10002,宜蘭縣,10002040,頭城鎮,2289.43,33.18,1030.01,0,0,584.56,641.68,0,0,0,0,0,0,5950000,4700000,5365000,0,0,8940000,5575000,0,0,0,0,0,0,335.45,0,0,0,0,29.44,306.02,0,0,0,0,0,0,6215000,0,0,0,0,8500000,6030000,0,0,0,0,0,0,"109Y3S"
10002,宜蘭縣,10002050,礁溪鄉,4669.3,166.95,2558.44,0,0,906.76,994.61,42.54,0,0,0,0,0,6500000,3700000,9560000,0,0,7500000,3500000,7300000,0,0,0,0,0,314.35,0,0,0,0,200.46,113.89,0,0,0,0,0,0,6450000,0,0,0,0,7430000,5767900,0,0,0,0,0,0,"109Y3S"
10002,宜蘭縣,10002060,壯圍鄉,4049.85,86.23,3963.62,0,0,0,0,0,0,0,0,0,0,8280000,2500000,8350000,0,0,0,0,0,0,0,0,0,0,0,0,0,0,0,0,0,0,0,0,0,0,0,0,0,0,0,0,0,0,0,0,0,0,0,0,"109Y3S"
10002,宜蘭縣,10002070,員山鄉,4431.96,72.71,4265.33,0,0,0,93.92,0,0,0,0,0,0,8635000,6840000,8680000,0,0,0,3350000,0,0,0,0,0,0,146.95,0,0,0,0,0,146.95,0,0,0,0,0,0,4075000,0,0,0,0,0,4075000,0,0,0,0,0,0,"109Y3S"
10002,宜蘭縣,10002080,冬山鄉,7071.25,58.89,6354.84,0,0,0,584.53,0,0,0,0,0,73.0,7680000,2950000,8730000,0,0,0,4580000,0,0,0,0,0,4700000,53.11,0,53.11,0,0,0,0,0,0,0,0,0,0,6060000,0,6060000,0,0,0,0,0,0,0,0,0,0,"109Y3S"
10002,宜蘭縣,10002090,五結鄉,7207.75,72.15,5663.67,0,0,296.47,1117.89,0,0,0,0,0,57.58,6000000,2000000,8500000,0,0,2950000,3870000,0,0,0,0,0,8532000,1120.75,373.28,146.71,0,0,305.91,294.86,0,0,0,0,0,0,4300000,3058000,20000000,0,0,10300000,4300000,0,0,0,0,0,0,"109Y3S"
10002,宜蘭縣,10002100,三星鄉,4648.5,0,4543.64,0,0,0,0,0,0,0,69.82,0,35.04,9350000,0,9580000,0,0,0,0,0,0,0,9200000,0,3700000,44.09,0,0,0,0,0,44.09,0,0,0,0,0,0,7400000,0,0,0,0,0,7400000,0,0,0,0,0,0,"109Y3S"
10004,新竹縣,10004010,竹北市,35226.39,266.18,14336.77,382.23,0,18488.39,1240.27,63.2,408.33,0,41.03,0,0,12340000,3360000,15600000,24430000,0,12390000,2500000,2450000,83440000,0,19000000,0,0,41680.35,43.48,718.23,666.53,0,34530.65,5218.66,81.98,0,420.81,0,0,0,11000000,4750000,17450000,19600000,0,12110000,7575000,5390000,0,45550000,0,0,0,"109Y3S"
10004,新竹縣,10004020,竹東鎮,13458.01,354.38,11217.4,0,0,1101.92,784.3,0,0,0,0,0,0,5825000,2100000,8000000,0,0,4015000,3500000,0,0,0,0,0,0,5727.9,166.47,280.44,0,0,3135.01,2145.98,0,0,0,0,0,0,6380000,3550000,8500000,0,0,7860000,5075000,0,0,0,0,0,0,"109Y3S"
10004,新竹縣,10004030,新埔鎮,9687.23,26.81,3741.33,280.95,0,5252.0,109.98,0,0,0,276.16,0,0,5500000,733333,13800000,11650000,0,5050000,5450000,0,0,0,24900000,0,0,4256.83,0,3943.08,0,0,141.43,172.32,0,0,0,0,0,0,15940000,0,16440000,0,0,7360000,5125000,0,0,0,0,0,0,"109Y3S"
10004,新竹縣,10004040,關西鎮,1482.1,39.66,1359.53,0,0,0,82.91,0,0,0,0,0,0,9000000,4300000,9200000,0,0,0,3275000,0,0,0,0,0,0,271.42,0,0,0,0,179.59,91.82,0,0,0,0,0,0,7430000,0,0,0,0,8190000,3000000,0,0,0,0,0,0,"109Y3S"
10004,新竹縣,10004050,湖口鄉,15868.43,425.05,10306.63,86.67,0,1158.23,3830.42,14.57,0,0,46.85,0,0,5790000,3675000,9130000,12600000,0,5980000,4000000,1372000,0,0,11500000,0,0,3907.14,114.35,339.03,0,0,235.84,3217.92,0,0,0,0,0,0,5780000,4580000,11700000,0,0,7200000,5730000,0,0,0,0,0,0,"109Y3S"
10004,新竹縣,10004060,新豐鄉,8464.39,294.42,6563.94,0,0,238.84,1067.51,0,299.68,0,0,0,0,6700000,2200000,7800000,0,0,5650000,4125000,0,105000000,0,0,0,0,1073.74,20.67,415.14,0,0,196.38,441.55,0,0,0,0,0,0,6050000,3380000,7200000,0,0,5200000,5090000,0,0,0,0,0,0,"109Y3S"
10004,新竹縣,10004070,芎林鄉,1982.36,0,1847.15,0,0,0,135.21,0,0,0,0,0,0,10100000,0,13800000,0,0,0,1280000,0,0,0,0,0,0,588.4,41.27,0,0,0,0,547.13,0,0,0,0,0,0,6880000,2700000,0,0,0,0,7100000,0,0,0,0,0,0,"109Y3S"
10004,新竹縣,10004080,橫山鄉,340.59,0,340.59,0,0,0,0,0,0,0,0,0,0,6000000,0,6000000,0,0,0,0,0,0,0,0,0,0,0,0,0,0,0,0,0,0,0,0,0,0,0,0,0,0,0,0,0,0,0,0,0,0,0,0,"109Y3S"
10004,新竹縣,10004090,北埔鄉,524.63,0,399.79,0,0,0,0,0,0,0,124.84,0,0,8500000,0,7500000,0,0,0,0,0,0,0,14395000,0,0,38.67,0,38.67,0,0,0,0,0,0,0,0,0,0,4800000,0,4800000,0,0,0,0,0,0,0,0,0,0,"109Y3S"
10004,新竹縣,10004100,寶山鄉,1798.48,36.1,1716.42,0,0,0,45.96,0,0,0,0,0,0,13700000,3600000,14580000,0,0,0,3750000,0,0,0,0,0,0,622.41,0,0,0,0,0,622.41,0,0,0,0,0,0,6470000,0,0,0,0,0,6470000,0,0,0,0,0,0,"109Y3S"
10005,苗栗縣,10005010,苗栗市,10416.57,1440.18,4766.15,0,0,102.02,4108.22,0,0,0,0,0,0,5255000,3375000,8500000,0,0,2760000,5100000,0,0,0,0,0,0,4450.74,0,115.26,0,0,2191.52,2143.95,0,0,0,0,0,0,6050000,0,6240000,0,0,7620000,5700000,0,0,0,0,0,0,"109Y3S"
10005,苗栗縣,10005020,苑裡鎮,3926.18,32.24,3763.99,0,0,0,129.96,0,0,0,0,0,0,7305000,2850000,7490000,0,0,0,5500000,0,0,0,0,0,0,310.1,0,0,0,0,0,310.1,0,0,0,0,0,0,5125000,0,0,0,0,0,5125000,0,0,0,0,0,0,"109Y3S"
10005,苗栗縣,10005030,通霄鎮,1133.76,81.96,1014.33,0,0,0,37.46,0,0,0,0,0,0,3395000,5250000,3390000,0,0,0,3200000,0,0,0,0,0,0,0,0,0,0,0,0,0,0,0,0,0,0,0,0,0,0,0,0,0,0,0,0,0,0,0,0,"109Y3S"
10005,苗栗縣,10005040,竹南鎮,11556.53,220.92,7157.2,0,0,3019.94,1158.48,0,0,0,0,0,0,6430000,2500000,9950000,0,0,6130000,3525000,0,0,0,0,0,0,3933.62,202.69,491.13,0,0,1330.19,1909.62,0,0,0,0,0,0,6515000,16400000,12150000,0,0,7200000,5800000,0,0,0,0,0,0,"109Y3S"
10005,苗栗縣,10005050,頭份市,18716.47,501.89,6227.79,54.29,0,10304.51,1618.03,9.96,0,0,0,0,0,4800000,2900000,7500000,8690000,0,4810000,2800000,850000,0,0,0,0,0,5833.72,181.37,658.25,0,0,2865.11,2128.99,0,0,0,0,0,0,6300000,4875000,13300000,0,0,7400000,5000000,0,0,0,0,0,0,"109Y3S"
10005,苗栗縣,10005060,後龍鎮,2007.21,35.53,1884.53,0,0,0,87.14,0,0,0,0,0,0,7600000,1230000,9080000,0,0,0,5450000,0,0,0,0,0,0,117.09,0,54.16,0,0,0,62.93,0,0,0,0,0,0,7100000,0,9000000,0,0,0,6300000,0,0,0,0,0,0,"109Y3S"
10005,苗栗縣,10005070,卓蘭鎮,334.79,0,302.9,0,0,0,31.9,0,0,0,0,0,0,4600000,0,6050000,0,0,0,2500000,0,0,0,0,0,0,36.51,0,0,0,0,0,36.51,0,0,0,0,0,0,3000000,0,0,0,0,0,3000000,0,0,0,0,0,0,"109Y3S"
10005,苗栗縣,10005080,大湖鄉,193.22,0,101.46,0,0,0,38.71,0,0,0,53.04,0,0,5675000,0,4690000,0,0,0,5370000,0,0,0,6150000,0,0,0,0,0,0,0,0,0,0,0,0,0,0,0,0,0,0,0,0,0,0,0,0,0,0,0,0,"109Y3S"
10005,苗栗縣,10005090,公館鄉,1708.48,308.87,1225.43,49.56,0,0,124.62,0,0,0,0,0,0,8050000,4200000,9650000,8700000,0,0,3310000,0,0,0,0,0,0,1075.14,0,55.09,0,0,0,1020.05,0,0,0,0,0,0,6120000,0,8880000,0,0,0,6070000,0,0,0,0,0,0,"109Y3S"
10005,苗栗縣,10005100,銅鑼鄉,15040.32,46.62,522.62,0,0,0,9557.23,0,4913.85,0,0,0,0,7350000,4800000,5590000,0,0,0,181154962,0,448700000,0,0,0,0,33.76,0,0,0,0,0,33.76,0,0,0,0,0,0,5390000,0,0,0,0,0,5390000,0,0,0,0,0,0,"109Y3S"
10005,苗栗縣,10005110,南庄鄉,223.02,0,223.02,0,0,0,0,0,0,0,0,0,0,4500000,0,4500000,0,0,0,0,0,0,0,0,0,0,0,0,0,0,0,0,0,0,0,0,0,0,0,0,0,0,0,0,0,0,0,0,0,0,0,0,"109Y3S"
10005,苗栗縣,10005120,頭屋鄉,299.71,45.68,254.03,0,0,0,0,0,0,0,0,0,0,1800000,2800000,1550000,0,0,0,0,0,0,0,0,0,0,34.66,0,0,0,0,0,34.66,0,0,0,0,0,0,4800000,0,0,0,0,0,4800000,0,0,0,0,0,0,"109Y3S"
10005,苗栗縣,10005130,三義鄉,828.44,95.71,732.74,0,0,0,0,0,0,0,0,0,0,5750000,2950000,5800000,0,0,0,0,0,0,0,0,0,0,39.12,0,0,0,0,0,39.12,0,0,0,0,0,0,2800000,0,0,0,0,0,2800000,0,0,0,0,0,0,"109Y3S"
10005,苗栗縣,10005150,造橋鄉,688.73,393.47,286.84,0,0,0,0,8.42,0,0,0,0,0,400000,400000,2300000,0,0,0,0,380000,0,0,0,0,0,0,0,0,0,0,0,0,0,0,0,0,0,0,0,0,0,0,0,0,0,0,0,0,0,0,0,"109Y3S"
10005,苗栗縣,10005160,三灣鄉,113.63,0,113.63,0,0,0,0,0,0,0,0,0,0,13940000,0,13940000,0,0,0,0,0,0,0,0,0,0,0,0,0,0,0,0,0,0,0,0,0,0,0,0,0,0,0,0,0,0,0,0,0,0,0,0,"109Y3S"
10005,苗栗縣,10005170,獅潭鄉,106.18,0,106.18,0,0,0,0,0,0,0,0,0,0,17500000,0,17500000,0,0,0,0,0,0,0,0,0,0,0,0,0,0,0,0,0,0,0,0,0,0,0,0,0,0,0,0,0,0,0,0,0,0,0,0,"109Y3S"
10005,苗栗縣,10005180,泰安鄉,36.63,0,36.63,0,0,0,0,0,0,0,0,0,0,21800000,0,21800000,0,0,0,0,0,0,0,0,0,0,0,0,0,0,0,0,0,0,0,0,0,0,0,0,0,0,0,0,0,0,0,0,0,0,0,0,"109Y3S"
10007,彰化縣,10007010,彰化市,18072.12,676.21,15112.2,0,0,1297.29,986.42,0,0,0,0,0,0,9160000,3775000,11775000,0,0,4550000,4200000,0,0,0,0,0,0,5185.85,0,790.96,0,0,3015.67,1379.21,0,0,0,0,0,0,6400000,0,13015000,0,0,7750000,5500000,0,0,0,0,0,0,"109Y3S"
10007,彰化縣,10007020,鹿港鎮,14229.24,54.46,13716.74,0,0,35.61,155.63,0,266.79,0,0,0,0,9615000,2950000,10000000,0,0,4500000,5290000,0,38500000,0,0,0,0,553.82,0,0,0,0,0,553.82,0,0,0,0,0,0,4450000,0,0,0,0,0,4450000,0,0,0,0,0,0,"109Y3S"
10007,彰化縣,10007030,和美鎮,5546.18,66.82,5220.0,0,0,0,78.87,0,75.95,0,104.53,0,0,9000000,3500000,9000000,0,0,0,4250000,0,19500000,0,16200000,0,0,161.51,0,36.79,0,0,0,124.72,0,0,0,0,0,0,13900000,0,9800000,0,0,0,18000000,0,0,0,0,0,0,"109Y3S"
10007,彰化縣,10007040,線西鄉,4052.11,0,4052.11,0,0,0,0,0,0,0,0,0,0,6900000,0,6900000,0,0,0,0,0,0,0,0,0,0,0,0,0,0,0,0,0,0,0,0,0,0,0,0,0,0,0,0,0,0,0,0,0,0,0,0,"109Y3S"
10007,彰化縣,10007050,伸港鄉,2089.31,0,2064.74,0,0,0,24.56,0,0,0,0,0,0,8500000,0,8550000,0,0,0,3780000,0,0,0,0,0,0,0,0,0,0,0,0,0,0,0,0,0,0,0,0,0,0,0,0,0,0,0,0,0,0,0,0,"109Y3S"
10007,彰化縣,10007060,福興鄉,3987.06,0,3935.08,0,0,0,45.93,0,0,0,6.05,0,0,8060000,0,8060000,0,0,0,4000000,0,0,0,517800,0,0,144.42,0,0,0,0,37.96,106.46,0,0,0,0,0,0,3330000,0,0,0,0,4500000,3330000,0,0,0,0,0,0,"109Y3S"
10007,彰化縣,10007070,秀水鄉,1798.01,0,1798.01,0,0,0,0,0,0,0,0,0,0,8700000,0,8700000,0,0,0,0,0,0,0,0,0,0,1517.57,0,1517.57,0,0,0,0,0,0,0,0,0,0,1462500,0,1462500,0,0,0,0,0,0,0,0,0,0,"109Y3S"
10007,彰化縣,10007080,花壇鄉,4924.33,0,4924.33,0,0,0,0,0,0,0,0,0,0,8140000,0,8140000,0,0,0,0,0,0,0,0,0,0,0,0,0,0,0,0,0,0,0,0,0,0,0,0,0,0,0,0,0,0,0,0,0,0,0,0,"109Y3S"
10007,彰化縣,10007090,芬園鄉,440.78,0,440.78,0,0,0,0,0,0,0,0,0,0,4760000,0,4760000,0,0,0,0,0,0,0,0,0,0,0,0,0,0,0,0,0,0,0,0,0,0,0,0,0,0,0,0,0,0,0,0,0,0,0,0,"109Y3S"
10007,彰化縣,10007100,員林市,10708.27,418.86,8836.84,0,0,1036.44,384.4,31.73,0,0,0,0,0,8350000,2900000,11100000,0,0,3650000,3800000,1485000,0,0,0,0,0,1332.34,71.63,134.39,0,0,705.11,421.22,0,0,0,0,0,0,6900000,12000000,11680000,0,0,6900000,5220000,0,0,0,0,0,0,"109Y3S"
10007,彰化縣,10007110,溪湖鎮,3644.33,0,3644.33,0,0,0,0,0,0,0,0,0,0,8235000,0,8235000,0,0,0,0,0,0,0,0,0,0,163.5,0,0,0,0,163.5,0,0,0,0,0,0,0,5680000,0,0,0,0,5680000,0,0,0,0,0,0,0,"109Y3S"
10007,彰化縣,10007120,田中鎮,2348.55,0,2237.68,0,0,0,110.87,0,0,0,0,0,0,6500000,0,6600000,0,0,0,2050000,0,0,0,0,0,0,29.04,0,0,0,0,0,29.04,0,0,0,0,0,0,2380000,0,0,0,0,0,2380000,0,0,0,0,0,0,"109Y3S"
10007,彰化縣,10007130,大村鄉,1464.35,77.28,1205.74,0,0,0,103.71,0,0,0,0,0,77.62,6000000,3000000,7150000,0,0,0,2600000,0,0,0,0,0,5010000,854.85,0,127.39,0,0,0,365.58,0,0,0,0,0,361.88,5105000,0,6400000,0,0,0,4800000,0,0,0,0,0,5195000,"109Y3S"
10007,彰化縣,10007140,埔鹽鄉,1716.4,0,1716.4,0,0,0,0,0,0,0,0,0,0,7450000,0,7450000,0,0,0,0,0,0,0,0,0,0,0,0,0,0,0,0,0,0,0,0,0,0,0,0,0,0,0,0,0,0,0,0,0,0,0,0,"109Y3S"
10007,彰化縣,10007150,埔心鄉,2105.73,0,2105.73,0,0,0,0,0,0,0,0,0,0,8020000,0,8020000,0,0,0,0,0,0,0,0,0,0,0,0,0,0,0,0,0,0,0,0,0,0,0,0,0,0,0,0,0,0,0,0,0,0,0,0,"109Y3S"
10007,彰化縣,10007160,永靖鄉,1342.77,0,1335.2,0,0,0,0,0,0,0,0,0,7.56,7300000,0,7200000,0,0,0,0,0,0,0,0,0,10000000,53.85,0,53.85,0,0,0,0,0,0,0,0,0,0,7590000,0,7590000,0,0,0,0,0,0,0,0,0,0,"109Y3S"
10007,彰化縣,10007170,社頭鄉,2761.16,0,2761.16,0,0,0,0,0,0,0,0,0,0,8500000,0,8500000,0,0,0,0,0,0,0,0,0,0,0,0,0,0,0,0,0,0,0,0,0,0,0,0,0,0,0,0,0,0,0,0,0,0,0,0,"109Y3S"
10007,彰化縣,10007180,二水鄉,137.49,0,137.49,0,0,0,0,0,0,0,0,0,0,2975000,0,2975000,0,0,0,0,0,0,0,0,0,0,0,0,0,0,0,0,0,0,0,0,0,0,0,0,0,0,0,0,0,0,0,0,0,0,0,0,"109Y3S"
10007,彰化縣,10007190,北斗鎮,3244.06,0,3097.67,0,0,107.22,39.17,0,0,0,0,0,0,7000000,0,7125000,0,0,2800000,3000000,0,0,0,0,0,0,33.21,0,0,0,0,33.21,0,0,0,0,0,0,0,2900000,0,0,0,0,2900000,0,0,0,0,0,0,0,"109Y3S"
10007,彰化縣,10007200,二林鎮,2866.73,128.21,2665.62,0,0,0,69.62,0,0,0,3.29,0,0,5000000,1900000,5500000,0,0,0,2960000,0,0,0,1136992,0,0,70.45,0,70.45,0,0,0,0,0,0,0,0,0,0,5050000,0,5050000,0,0,0,0,0,0,0,0,0,0,"109Y3S"
10007,彰化縣,10007210,田尾鄉,2055.15,0,2055.15,0,0,0,0,0,0,0,0,0,0,7900000,0,7900000,0,0,0,0,0,0,0,0,0,0,214.67,0,214.67,0,0,0,0,0,0,0,0,0,0,25000000,0,25000000,0,0,0,0,0,0,0,0,0,0,"109Y3S"
10007,彰化縣,10007220,埤頭鄉,2665.38,0,2665.38,0,0,0,0,0,0,0,0,0,0,7910000,0,7910000,0,0,0,0,0,0,0,0,0,0,0,0,0,0,0,0,0,0,0,0,0,0,0,0,0,0,0,0,0,0,0,0,0,0,0,0,"109Y3S"
10007,彰化縣,10007230,芳苑鄉,962.97,0,962.97,0,0,0,0,0,0,0,0,0,0,2150000,0,2150000,0,0,0,0,0,0,0,0,0,0,0,0,0,0,0,0,0,0,0,0,0,0,0,0,0,0,0,0,0,0,0,0,0,0,0,0,"109Y3S"
10007,彰化縣,10007240,大城鄉,552.63,0,552.63,0,0,0,0,0,0,0,0,0,0,5800000,0,5800000,0,0,0,0,0,0,0,0,0,0,0,0,0,0,0,0,0,0,0,0,0,0,0,0,0,0,0,0,0,0,0,0,0,0,0,0,"109Y3S"
10007,彰化縣,10007250,竹塘鄉,1194.74,0,1194.74,0,0,0,0,0,0,0,0,0,0,4140000,0,4140000,0,0,0,0,0,0,0,0,0,0,0,0,0,0,0,0,0,0,0,0,0,0,0,0,0,0,0,0,0,0,0,0,0,0,0,0,"109Y3S"
10007,彰化縣,10007260,溪州鄉,1075.64,0,1075.64,0,0,0,0,0,0,0,0,0,0,6500000,0,6500000,0,0,0,0,0,0,0,0,0,0,0,0,0,0,0,0,0,0,0,0,0,0,0,0,0,0,0,0,0,0,0,0,0,0,0,0,"109Y3S"
10008,南投縣,10008010,南投市,10677.13,108.52,7126.4,0,0,244.06,1289.47,0,0,1777.32,131.36,0,0,6000000,1700000,8000000,0,0,3390000,3020000,0,0,242255000,11500000,0,0,382.03,0,122.38,0,0,177.04,82.61,0,0,0,0,0,0,3750000,0,7625000,0,0,3070000,5850000,0,0,0,0,0,0,"109Y3S"
10008,南投縣,10008020,埔里鎮,5221.08,70.51,4637.92,0,0,394.93,117.72,0,0,0,0,0,0,6000000,1166792,7180000,0,0,3000000,3050000,0,0,0,0,0,0,162.34,0,0,0,0,41.39,120.95,0,0,0,0,0,0,4725000,0,0,0,0,4250000,5200000,0,0,0,0,0,0,"109Y3S"
10008,南投縣,10008030,草屯鎮,8202.73,206.74,7267.18,0,0,147.42,462.08,0,0,0,119.3,0,0,8225000,4510000,8950000,0,0,2820000,3884000,0,0,0,45500000,0,0,884.02,0,196.16,0,0,285.29,402.56,0,0,0,0,0,0,5900000,0,16000000,0,0,7125000,4377500,0,0,0,0,0,0,"109Y3S"
10008,南投縣,10008040,竹山鎮,3523.31,67.59,3395.95,0,0,0,59.76,0,0,0,0,0,0,5200000,930000,5680000,0,0,0,2300000,0,0,0,0,0,0,0,0,0,0,0,0,0,0,0,0,0,0,0,0,0,0,0,0,0,0,0,0,0,0,0,0,"109Y3S"
10008,南投縣,10008050,集集鎮,234.11,0,234.11,0,0,0,0,0,0,0,0,0,0,4900000,0,4900000,0,0,0,0,0,0,0,0,0,0,0,0,0,0,0,0,0,0,0,0,0,0,0,0,0,0,0,0,0,0,0,0,0,0,0,0,"109Y3S"
10008,南投縣,10008060,名間鄉,3164.76,0,2944.58,0,0,0,0,0,0,153.07,67.1,0,0,4500000,0,4300000,0,0,0,0,0,0,8200000,8200000,0,0,0,0,0,0,0,0,0,0,0,0,0,0,0,0,0,0,0,0,0,0,0,0,0,0,0,0,"109Y3S"
10008,南投縣,10008070,鹿谷鄉,352.32,21.94,314.72,0,0,0,15.65,0,0,0,0,0,0,6000000,2750000,6050000,0,0,0,300000,0,0,0,0,0,0,49.59,49.59,0,0,0,0,0,0,0,0,0,0,0,4000000,4000000,0,0,0,0,0,0,0,0,0,0,0,"109Y3S"
10008,南投縣,10008080,中寮鄉,205.82,0,114.25,0,0,0,0,0,0,0,91.57,0,0,3350000,0,3120000,0,0,0,0,0,0,0,8800000,0,0,0,0,0,0,0,0,0,0,0,0,0,0,0,0,0,0,0,0,0,0,0,0,0,0,0,0,"109Y3S"
10008,南投縣,10008090,魚池鄉,315.84,0,315.84,0,0,0,0,0,0,0,0,0,0,5775000,0,5775000,0,0,0,0,0,0,0,0,0,0,0,0,0,0,0,0,0,0,0,0,0,0,0,0,0,0,0,0,0,0,0,0,0,0,0,0,"109Y3S"
10008,南投縣,10008100,國姓鄉,385.78,0,385.78,0,0,0,0,0,0,0,0,0,0,4300000,0,4300000,0,0,0,0,0,0,0,0,0,0,0,0,0,0,0,0,0,0,0,0,0,0,0,0,0,0,0,0,0,0,0,0,0,0,0,0,"109Y3S"
10008,南投縣,10008110,水里鄉,473.15,39.57,433.58,0,0,0,0,0,0,0,0,0,0,2200000,1500000,2680000,0,0,0,0,0,0,0,0,0,0,0,0,0,0,0,0,0,0,0,0,0,0,0,0,0,0,0,0,0,0,0,0,0,0,0,0,"109Y3S"
10008,南投縣,10008120,信義鄉,49.88,0,49.88,0,0,0,0,0,0,0,0,0,0,268585,0,268585,0,0,0,0,0,0,0,0,0,0,0,0,0,0,0,0,0,0,0,0,0,0,0,0,0,0,0,0,0,0,0,0,0,0,0,0,"109Y3S"
10009,雲林縣,10009010,斗六市,21804.71,250.51,10916.66,0,0,608.91,1192.75,20.95,1040.3,6662.21,1112.43,0,0,5340000,2878750,7200000,0,0,3000000,3750000,1200000,76000000,245055000,27960000,0,0,1402.26,171.48,271.08,0,0,265.13,679.17,15.41,0,0,0,0,0,4125000,2540000,14200000,0,0,3825000,4460000,1900000,0,0,0,0,0,"109Y3S"
10009,雲林縣,10009020,斗南鎮,5164.48,39.78,4543.93,0,0,257.09,312.75,10.92,0,0,0,0,0,6775000,2200000,7160000,0,0,2193359,2500000,1050000,0,0,0,0,0,481.03,0,0,0,0,177.46,303.56,0,0,0,0,0,0,4175000,0,0,0,0,4000000,4200000,0,0,0,0,0,0,"109Y3S"
10009,雲林縣,10009030,虎尾鎮,10393.32,61.31,9128.53,0,0,156.18,1047.29,0,0,0,0,0,0,7000000,3865000,7720000,0,0,3900000,3050000,0,0,0,0,0,0,690.99,0,228.23,0,0,223.33,239.42,0,0,0,0,0,0,5050000,0,10100000,0,0,3900000,3600000,0,0,0,0,0,0,"109Y3S"
10009,雲林縣,10009040,西螺鎮,5712.11,767.77,4596.07,0,0,0,51.29,0,0,0,0,0,296.99,6990000,8355000,6810000,0,0,0,1800000,0,0,0,0,0,30000000,0,0,0,0,0,0,0,0,0,0,0,0,0,0,0,0,0,0,0,0,0,0,0,0,0,0,"109Y3S"
10009,雲林縣,10009050,土庫鎮,1024.67,0,1024.67,0,0,0,0,0,0,0,0,0,0,6950000,0,6950000,0,0,0,0,0,0,0,0,0,0,0,0,0,0,0,0,0,0,0,0,0,0,0,0,0,0,0,0,0,0,0,0,0,0,0,0,"109Y3S"
10009,雲林縣,10009060,北港鎮,3204.31,128.89,2832.96,0,0,126.42,116.03,0,0,0,0,0,0,7425000,2960000,8200000,0,0,2700000,2100000,0,0,0,0,0,0,176.63,0,0,0,0,128.74,47.89,0,0,0,0,0,0,3840000,0,0,0,0,3170000,3850000,0,0,0,0,0,0,"109Y3S"
10009,雲林縣,10009070,古坑鄉,2719.02,0,1948.55,0,0,0,720.14,0,0,0,50.32,0,0,4420000,0,4690000,0,0,0,3075000,0,0,0,5770000,0,0,37.07,0,0,0,0,0,37.07,0,0,0,0,0,0,3700000,0,0,0,0,0,3700000,0,0,0,0,0,0,"109Y3S"
10009,雲林縣,10009080,大埤鄉,745.61,0,745.61,0,0,0,0,0,0,0,0,0,0,8500000,0,8500000,0,0,0,0,0,0,0,0,0,0,137.77,0,137.77,0,0,0,0,0,0,0,0,0,0,6200000,0,6200000,0,0,0,0,0,0,0,0,0,0,"109Y3S"
10009,雲林縣,10009090,莿桐鄉,895.8,19.92,875.88,0,0,0,0,0,0,0,0,0,0,6680000,1930000,6819260,0,0,0,0,0,0,0,0,0,0,31.04,0,0,0,0,0,31.04,0,0,0,0,0,0,1500000,0,0,0,0,0,1500000,0,0,0,0,0,0,"109Y3S"
10009,雲林縣,10009100,林內鄉,545.04,0,517.91,0,0,0,27.13,0,0,0,0,0,0,3450000,0,3475000,0,0,0,1000000,0,0,0,0,0,0,0,0,0,0,0,0,0,0,0,0,0,0,0,0,0,0,0,0,0,0,0,0,0,0,0,0,"109Y3S"
10009,雲林縣,10009110,二崙鄉,1417.35,38.94,1378.41,0,0,0,0,0,0,0,0,0,0,6050000,3460000,6100000,0,0,0,0,0,0,0,0,0,0,0,0,0,0,0,0,0,0,0,0,0,0,0,0,0,0,0,0,0,0,0,0,0,0,0,0,"109Y3S"
10009,雲林縣,10009120,崙背鄉,2200.8,0,2200.8,0,0,0,0,0,0,0,0,0,0,6640000,0,6640000,0,0,0,0,0,0,0,0,0,0,0,0,0,0,0,0,0,0,0,0,0,0,0,0,0,0,0,0,0,0,0,0,0,0,0,0,"109Y3S"
10009,雲林縣,10009130,麥寮鄉,1405.71,664.72,740.99,0,0,0,0,0,0,0,0,0,0,8800000,9000000,6300000,0,0,0,0,0,0,0,0,0,0,46.79,0,0,0,0,0,46.79,0,0,0,0,0,0,3900000,0,0,0,0,0,3900000,0,0,0,0,0,0,"109Y3S"
10009,雲林縣,10009140,東勢鄉,227.39,0,227.39,0,0,0,0,0,0,0,0,0,0,6040000,0,6040000,0,0,0,0,0,0,0,0,0,0,0,0,0,0,0,0,0,0,0,0,0,0,0,0,0,0,0,0,0,0,0,0,0,0,0,0,"109Y3S"
10009,雲林縣,10009150,褒忠鄉,652.78,0,111.81,0,0,0,0,0,0,0,0,0,540.97,1950000,0,1700000,0,0,0,0,0,0,0,0,0,8500000,0,0,0,0,0,0,0,0,0,0,0,0,0,0,0,0,0,0,0,0,0,0,0,0,0,0,"109Y3S"
10009,雲林縣,10009160,臺西鄉,128.96,0,128.96,0,0,0,0,0,0,0,0,0,0,8000000,0,8000000,0,0,0,0,0,0,0,0,0,0,0,0,0,0,0,0,0,0,0,0,0,0,0,0,0,0,0,0,0,0,0,0,0,0,0,0,"109Y3S"
10009,雲林縣,10009170,元長鄉,218.78,0,218.78,0,0,0,0,0,0,0,0,0,0,2380000,0,2380000,0,0,0,0,0,0,0,0,0,0,0,0,0,0,0,0,0,0,0,0,0,0,0,0,0,0,0,0,0,0,0,0,0,0,0,0,"109Y3S"
10009,雲林縣,10009180,四湖鄉,462.01,0,462.01,0,0,0,0,0,0,0,0,0,0,2885000,0,2885000,0,0,0,0,0,0,0,0,0,0,107.13,0,107.13,0,0,0,0,0,0,0,0,0,0,947000,0,947000,0,0,0,0,0,0,0,0,0,0,"109Y3S"
10009,雲林縣,10009190,口湖鄉,184.26,0,184.26,0,0,0,0,0,0,0,0,0,0,3275000,0,3275000,0,0,0,0,0,0,0,0,0,0,0,0,0,0,0,0,0,0,0,0,0,0,0,0,0,0,0,0,0,0,0,0,0,0,0,0,"109Y3S"
10009,雲林縣,10009200,水林鄉,466.08,261.59,204.49,0,0,0,0,0,0,0,0,0,0,6800000,8000000,5150000,0,0,0,0,0,0,0,0,0,0,0,0,0,0,0,0,0,0,0,0,0,0,0,0,0,0,0,0,0,0,0,0,0,0,0,0,"109Y3S"
10010,嘉義縣,10010010,太保市,3770.54,66.65,3456.79,0,0,0,247.09,0,0,0,0,0,0,4200000,2100000,5700000,0,0,0,680000,0,0,0,0,0,0,480.26,39.82,40.95,0,0,296.27,103.23,0,0,0,0,0,0,5300000,8500000,5300000,0,0,5650000,2350000,0,0,0,0,0,0,"109Y3S"
10010,嘉義縣,10010020,朴子市,2439.06,0,2216.55,0,0,30.65,89.13,102.73,0,0,0,0,0,4950000,0,6265000,0,0,3050000,1890000,690000,0,0,0,0,0,343.94,0,61.71,0,0,44.3,237.92,0,0,0,0,0,0,4575000,0,7300000,0,0,3000000,4575000,0,0,0,0,0,0,"109Y3S"
10010,嘉義縣,10010030,布袋鎮,603.32,0,588.86,14.46,0,0,0,0,0,0,0,0,0,2390000,0,2280000,57930000,0,0,0,0,0,0,0,0,0,0,0,0,0,0,0,0,0,0,0,0,0,0,0,0,0,0,0,0,0,0,0,0,0,0,0,"109Y3S"
10010,嘉義縣,10010040,大林鎮,1015.34,63.45,951.89,0,0,0,0,0,0,0,0,0,0,3950000,3300000,3950000,0,0,0,0,0,0,0,0,0,0,0,0,0,0,0,0,0,0,0,0,0,0,0,0,0,0,0,0,0,0,0,0,0,0,0,0,"109Y3S"
10010,嘉義縣,10010050,民雄鄉,7065.67,141.87,6859.58,0,0,0,64.23,0,0,0,0,0,0,6000000,2500000,6225000,0,0,0,840000,0,0,0,0,0,0,1838.54,0,706.86,0,0,182.98,948.69,0,0,0,0,0,0,5200000,0,6500000,0,0,3200000,5080000,0,0,0,0,0,0,"109Y3S"
10010,嘉義縣,10010060,溪口鄉,570.68,0,570.68,0,0,0,0,0,0,0,0,0,0,5050000,0,5050000,0,0,0,0,0,0,0,0,0,0,0,0,0,0,0,0,0,0,0,0,0,0,0,0,0,0,0,0,0,0,0,0,0,0,0,0,"109Y3S"
10010,嘉義縣,10010070,新港鄉,1936.49,0,1936.49,0,0,0,0,0,0,0,0,0,0,8700000,0,8700000,0,0,0,0,0,0,0,0,0,0,0,0,0,0,0,0,0,0,0,0,0,0,0,0,0,0,0,0,0,0,0,0,0,0,0,0,"109Y3S"
10010,嘉義縣,10010080,六腳鄉,10114.05,0,1738.31,0,0,0,0,0,8375.73,0,0,0,0,10343314,0,6720000,0,0,0,0,0,10343314,0,0,0,0,0,0,0,0,0,0,0,0,0,0,0,0,0,0,0,0,0,0,0,0,0,0,0,0,0,0,"109Y3S"
10010,嘉義縣,10010090,東石鄉,53.93,0,53.93,0,0,0,0,0,0,0,0,0,0,3538000,0,3538000,0,0,0,0,0,0,0,0,0,0,0,0,0,0,0,0,0,0,0,0,0,0,0,0,0,0,0,0,0,0,0,0,0,0,0,0,"109Y3S"
10010,嘉義縣,10010100,義竹鄉,199.22,0,199.22,0,0,0,0,0,0,0,0,0,0,3250000,0,3250000,0,0,0,0,0,0,0,0,0,0,0,0,0,0,0,0,0,0,0,0,0,0,0,0,0,0,0,0,0,0,0,0,0,0,0,0,"109Y3S"
10010,嘉義縣,10010110,鹿草鄉,63.22,0,63.22,0,0,0,0,0,0,0,0,0,0,7500000,0,7500000,0,0,0,0,0,0,0,0,0,0,0,0,0,0,0,0,0,0,0,0,0,0,0,0,0,0,0,0,0,0,0,0,0,0,0,0,"109Y3S"
10010,嘉義縣,10010120,水上鄉,5137.15,68.46,4986.34,0,0,0,82.34,0,0,0,0,0,0,5000000,3900000,5100000,0,0,0,1250000,0,0,0,0,0,0,69.25,38.35,30.89,0,0,0,0,0,0,0,0,0,0,4300000,3400000,5200000,0,0,0,0,0,0,0,0,0,0,"109Y3S"
10010,嘉義縣,10010130,中埔鄉,2311.26,0,2311.26,0,0,0,0,0,0,0,0,0,0,4700000,0,4700000,0,0,0,0,0,0,0,0,0,0,60.21,0,60.21,0,0,0,0,0,0,0,0,0,0,11800000,0,11800000,0,0,0,0,0,0,0,0,0,0,"109Y3S"
10010,嘉義縣,10010140,竹崎鄉,1777.86,0,1777.86,0,0,0,0,0,0,0,0,0,0,6675000,0,6675000,0,0,0,0,0,0,0,0,0,0,122.55,0,122.55,0,0,0,0,0,0,0,0,0,0,8340000,0,8340000,0,0,0,0,0,0,0,0,0,0,"109Y3S"
10010,嘉義縣,10010150,梅山鄉,580.49,35.3,545.19,0,0,0,0,0,0,0,0,0,0,7000000,2500000,7030000,0,0,0,0,0,0,0,0,0,0,0,0,0,0,0,0,0,0,0,0,0,0,0,0,0,0,0,0,0,0,0,0,0,0,0,0,"109Y3S"
10010,嘉義縣,10010160,番路鄉,2682.05,0,2293.76,0,0,368.73,0,19.56,0,0,0,0,0,2380000,0,4300000,0,0,1250000,0,1480000,0,0,0,0,0,56.0,0,0,0,0,56.0,0,0,0,0,0,0,0,5000000,0,0,0,0,5000000,0,0,0,0,0,0,0,"109Y3S"
10013,屏東縣,10013010,屏東市,29090.63,4415.93,21031.06,0,40.91,1900.67,1656.1,45.95,0,0,0,0,0,3990000,2040000,6000000,0,1400000,3400000,2750000,715000,0,0,0,0,0,5546.95,93.46,0,0,0,2152.89,3300.6,0,0,0,0,0,0,5200000,3760000,0,0,0,4355000,5675000,0,0,0,0,0,0,"109Y3S"
10013,屏東縣,10013020,潮州鎮,7716.35,36.85,7143.78,0,0,82.38,453.33,0,0,0,0,0,0,5700000,2500000,6900000,0,0,2880000,3100000,0,0,0,0,0,0,1441.82,0,0,0,0,291.72,1150.1,0,0,0,0,0,0,5200000,0,0,0,0,3350000,5400000,0,0,0,0,0,0,"109Y3S"
10013,屏東縣,10013030,東港鎮,3761.25,156.65,3197.51,0,0,34.12,372.97,0,0,0,0,0,0,6650000,3000000,8435000,0,0,3500000,2765000,0,0,0,0,0,0,510.63,0,0,0,0,59.79,450.84,0,0,0,0,0,0,5380000,0,0,0,0,2655000,5380000,0,0,0,0,0,0,"109Y3S"
10013,屏東縣,10013040,恆春鎮,3812.26,201.72,2871.93,0,0,303.48,421.67,13.46,0,0,0,0,0,3825000,1150000,10000000,0,0,1020000,800000,760000,0,0,0,0,0,0,0,0,0,0,0,0,0,0,0,0,0,0,0,0,0,0,0,0,0,0,0,0,0,0,0,"109Y3S"
10013,屏東縣,10013050,萬丹鄉,5608.98,0,5608.98,0,0,0,0,0,0,0,0,0,0,6700000,0,6700000,0,0,0,0,0,0,0,0,0,0,0,0,0,0,0,0,0,0,0,0,0,0,0,0,0,0,0,0,0,0,0,0,0,0,0,0,"109Y3S"
10013,屏東縣,10013060,長治鄉,2059.15,0,1790.66,0,0,134.93,133.56,0,0,0,0,0,0,4800000,0,7000000,0,0,2500000,3150000,0,0,0,0,0,0,783.72,0,0,0,0,60.63,723.09,0,0,0,0,0,0,6825000,0,0,0,0,3090000,6865000,0,0,0,0,0,0,"109Y3S"
10013,屏東縣,10013070,麟洛鄉,583.95,0,583.95,0,0,0,0,0,0,0,0,0,0,4250000,0,4250000,0,0,0,0,0,0,0,0,0,0,0,0,0,0,0,0,0,0,0,0,0,0,0,0,0,0,0,0,0,0,0,0,0,0,0,0,"109Y3S"
10013,屏東縣,10013080,九如鄉,2346.45,0,2346.45,0,0,0,0,0,0,0,0,0,0,5495000,0,5495000,0,0,0,0,0,0,0,0,0,0,40.44,0,0,0,0,0,40.44,0,0,0,0,0,0,4800000,0,0,0,0,0,4800000,0,0,0,0,0,0,"109Y3S"
10013,屏東縣,10013090,里港鄉,2239.78,430.32,1764.32,45.14,0,0,0,0,0,0,0,0,0,7035000,10400000,5800000,2300000,0,0,0,0,0,0,0,0,0,0,0,0,0,0,0,0,0,0,0,0,0,0,0,0,0,0,0,0,0,0,0,0,0,0,0,"109Y3S"
10013,屏東縣,10013100,鹽埔鄉,1658.32,0,1632.99,0,0,0,25.33,0,0,0,0,0,0,7720000,0,8060000,0,0,0,400000,0,0,0,0,0,0,0,0,0,0,0,0,0,0,0,0,0,0,0,0,0,0,0,0,0,0,0,0,0,0,0,0,"109Y3S"
10013,屏東縣,10013110,高樹鄉,382.22,142.87,239.35,0,0,0,0,0,0,0,0,0,0,2300000,11000000,2300000,0,0,0,0,0,0,0,0,0,0,0,0,0,0,0,0,0,0,0,0,0,0,0,0,0,0,0,0,0,0,0,0,0,0,0,0,"109Y3S"
10013,屏東縣,10013120,萬巒鄉,459.57,0,459.57,0,0,0,0,0,0,0,0,0,0,2500000,0,2500000,0,0,0,0,0,0,0,0,0,0,0,0,0,0,0,0,0,0,0,0,0,0,0,0,0,0,0,0,0,0,0,0,0,0,0,0,"109Y3S"
10013,屏東縣,10013130,內埔鄉,5546.82,196.74,5002.74,0,0,68.37,214.99,6.82,0,0,57.16,0,0,3860000,1190000,7380000,0,0,2330000,451250,430000,0,0,7150000,0,0,1086.91,0,0,0,0,0,1086.91,0,0,0,0,0,0,4400000,0,0,0,0,0,4400000,0,0,0,0,0,0,"109Y3S"
10013,屏東縣,10013140,竹田鄉,517.89,0,278.2,0,0,0,0,0,239.69,0,0,0,0,4448056,0,2140000,0,0,0,0,0,5396112,0,0,0,0,0,0,0,0,0,0,0,0,0,0,0,0,0,0,0,0,0,0,0,0,0,0,0,0,0,0,"109Y3S"
10013,屏東縣,10013150,新埤鄉,184.46,0,184.46,0,0,0,0,0,0,0,0,0,0,2000000,0,2000000,0,0,0,0,0,0,0,0,0,0,0,0,0,0,0,0,0,0,0,0,0,0,0,0,0,0,0,0,0,0,0,0,0,0,0,0,"109Y3S"
10013,屏東縣,10013160,枋寮鄉,937.54,34.42,903.13,0,0,0,0,0,0,0,0,0,0,2700000,1350000,2850000,0,0,0,0,0,0,0,0,0,0,0,0,0,0,0,0,0,0,0,0,0,0,0,0,0,0,0,0,0,0,0,0,0,0,0,0,"109Y3S"
10013,屏東縣,10013170,新園鄉,1088.1,62.6,1025.5,0,0,0,0,0,0,0,0,0,0,5750000,2212500,6550000,0,0,0,0,0,0,0,0,0,0,0,0,0,0,0,0,0,0,0,0,0,0,0,0,0,0,0,0,0,0,0,0,0,0,0,0,"109Y3S"
10013,屏東縣,10013180,崁頂鄉,623.69,0,623.69,0,0,0,0,0,0,0,0,0,0,2680000,0,2680000,0,0,0,0,0,0,0,0,0,0,0,0,0,0,0,0,0,0,0,0,0,0,0,0,0,0,0,0,0,0,0,0,0,0,0,0,"109Y3S"
10013,屏東縣,10013190,林邊鄉,460.7,0,460.7,0,0,0,0,0,0,0,0,0,0,4400000,0,4400000,0,0,0,0,0,0,0,0,0,0,70.12,0,0,0,0,29.21,40.91,0,0,0,0,0,0,1705000,0,0,0,0,1960000,1450000,0,0,0,0,0,0,"109Y3S"
10013,屏東縣,10013200,南州鄉,1429.39,0,1429.39,0,0,0,0,0,0,0,0,0,0,8000000,0,8000000,0,0,0,0,0,0,0,0,0,0,0,0,0,0,0,0,0,0,0,0,0,0,0,0,0,0,0,0,0,0,0,0,0,0,0,0,"109Y3S"
10013,屏東縣,10013210,佳冬鄉,2444.28,0,2297.58,0,0,0,0,0,0,0,0,0,146.7,7250000,0,7300000,0,0,0,0,0,0,0,0,0,7130000,0,0,0,0,0,0,0,0,0,0,0,0,0,0,0,0,0,0,0,0,0,0,0,0,0,0,"109Y3S"
10013,屏東縣,10013230,車城鄉,324.85,0,183.88,0,0,0,140.97,0,0,0,0,0,0,3200000,0,6405000,0,0,0,650000,0,0,0,0,0,0,0,0,0,0,0,0,0,0,0,0,0,0,0,0,0,0,0,0,0,0,0,0,0,0,0,0,"109Y3S"
10013,屏東縣,10013240,滿州鄉,81.22,0,81.22,0,0,0,0,0,0,0,0,0,0,1825000,0,1825000,0,0,0,0,0,0,0,0,0,0,0,0,0,0,0,0,0,0,0,0,0,0,0,0,0,0,0,0,0,0,0,0,0,0,0,0,"109Y3S"
10013,屏東縣,10013250,枋山鄉,51.36,0,51.36,0,0,0,0,0,0,0,0,0,0,1300000,0,1300000,0,0,0,0,0,0,0,0,0,0,0,0,0,0,0,0,0,0,0,0,0,0,0,0,0,0,0,0,0,0,0,0,0,0,0,0,"109Y3S"
10013,屏東縣,10013260,三地門鄉,51.84,0,51.84,0,0,0,0,0,0,0,0,0,0,1460000,0,1460000,0,0,0,0,0,0,0,0,0,0,0,0,0,0,0,0,0,0,0,0,0,0,0,0,0,0,0,0,0,0,0,0,0,0,0,0,"109Y3S"
10013,屏東縣,10013320,獅子鄉,56.55,0,56.55,0,0,0,0,0,0,0,0,0,0,590000,0,590000,0,0,0,0,0,0,0,0,0,0,0,0,0,0,0,0,0,0,0,0,0,0,0,0,0,0,0,0,0,0,0,0,0,0,0,0,"109Y3S"
10013,屏東縣,10013330,牡丹鄉,21.89,0,21.89,0,0,0,0,0,0,0,0,0,0,800000,0,800000,0,0,0,0,0,0,0,0,0,0,0,0,0,0,0,0,0,0,0,0,0,0,0,0,0,0,0,0,0,0,0,0,0,0,0,0,"109Y3S"
10014,臺東縣,10014010,臺東市,14006.29,482.68,10000.44,124.1,0,326.98,3072.09,0,0,0,0,0,0,4162500,3525000,8200000,7400000,0,4200000,3280000,0,0,0,0,0,0,92.05,0,0,0,0,0,92.05,0,0,0,0,0,0,4325000,0,0,0,0,0,4325000,0,0,0,0,0,0,"109Y3S"
10014,臺東縣,10014020,成功鎮,143.05,28.59,114.46,0,0,0,0,0,0,0,0,0,0,2950000,3500000,2400000,0,0,0,0,0,0,0,0,0,0,0,0,0,0,0,0,0,0,0,0,0,0,0,0,0,0,0,0,0,0,0,0,0,0,0,0,"109Y3S"
10014,臺東縣,10014030,關山鎮,290.1,0,290.1,0,0,0,0,0,0,0,0,0,0,5950000,0,5950000,0,0,0,0,0,0,0,0,0,0,0,0,0,0,0,0,0,0,0,0,0,0,0,0,0,0,0,0,0,0,0,0,0,0,0,0,"109Y3S"
10014,臺東縣,10014040,卑南鄉,487.62,0,384.46,0,0,0,47.94,55.22,0,0,0,0,0,2550000,0,4250000,0,0,0,950000,825000,0,0,0,0,0,0,0,0,0,0,0,0,0,0,0,0,0,0,0,0,0,0,0,0,0,0,0,0,0,0,0,"109Y3S"
10014,臺東縣,10014050,鹿野鄉,416.29,0,416.29,0,0,0,0,0,0,0,0,0,0,2800000,0,2800000,0,0,0,0,0,0,0,0,0,0,0,0,0,0,0,0,0,0,0,0,0,0,0,0,0,0,0,0,0,0,0,0,0,0,0,0,"109Y3S"
10014,臺東縣,10014060,池上鄉,85.76,0,85.76,0,0,0,0,0,0,0,0,0,0,4870000,0,4870000,0,0,0,0,0,0,0,0,0,0,0,0,0,0,0,0,0,0,0,0,0,0,0,0,0,0,0,0,0,0,0,0,0,0,0,0,"109Y3S"
10014,臺東縣,10014070,東河鄉,305.28,0,305.28,0,0,0,0,0,0,0,0,0,0,3666666,0,3666666,0,0,0,0,0,0,0,0,0,0,0,0,0,0,0,0,0,0,0,0,0,0,0,0,0,0,0,0,0,0,0,0,0,0,0,0,"109Y3S"
10014,臺東縣,10014080,長濱鄉,116.03,0,116.03,0,0,0,0,0,0,0,0,0,0,4300000,0,4300000,0,0,0,0,0,0,0,0,0,0,0,0,0,0,0,0,0,0,0,0,0,0,0,0,0,0,0,0,0,0,0,0,0,0,0,0,"109Y3S"
10014,臺東縣,10014090,太麻里鄉,2118.78,0,298.36,0,0,14.88,1736.18,69.35,0,0,0,0,0,1260000,0,3150000,0,0,1200000,750000,1050000,0,0,0,0,0,0,0,0,0,0,0,0,0,0,0,0,0,0,0,0,0,0,0,0,0,0,0,0,0,0,0,"109Y3S"
10014,臺東縣,10014100,大武鄉,87.25,0,87.25,0,0,0,0,0,0,0,0,0,0,2400000,0,2400000,0,0,0,0,0,0,0,0,0,0,0,0,0,0,0,0,0,0,0,0,0,0,0,0,0,0,0,0,0,0,0,0,0,0,0,0,"109Y3S"
10014,臺東縣,10014110,綠島鄉,162.57,0,162.57,0,0,0,0,0,0,0,0,0,0,3200000,0,3200000,0,0,0,0,0,0,0,0,0,0,0,0,0,0,0,0,0,0,0,0,0,0,0,0,0,0,0,0,0,0,0,0,0,0,0,0,"109Y3S"
10015,花蓮縣,10015010,花蓮市,18150.51,1412.16,10636.37,0,0,2106.3,3987.57,8.12,0,0,0,0,0,5400000,3150000,10300000,0,0,4650000,3800000,650000,0,0,0,0,0,1541.35,84.15,87.2,0,0,686.04,683.95,0,0,0,0,0,0,5900000,1000000,19000000,0,0,6825000,5725000,0,0,0,0,0,0,"109Y3S"
10015,花蓮縣,10015020,鳳林鎮,266.98,0,266.98,0,0,0,0,0,0,0,0,0,0,6775000,0,6775000,0,0,0,0,0,0,0,0,0,0,0,0,0,0,0,0,0,0,0,0,0,0,0,0,0,0,0,0,0,0,0,0,0,0,0,0,"109Y3S"
10015,花蓮縣,10015030,玉里鎮,1522.86,55.63,1467.22,0,0,0,0,0,0,0,0,0,0,7850000,2900000,7900000,0,0,0,0,0,0,0,0,0,0,0,0,0,0,0,0,0,0,0,0,0,0,0,0,0,0,0,0,0,0,0,0,0,0,0,0,"109Y3S"
10015,花蓮縣,10015040,新城鄉,2110.59,22.94,2060.42,0,0,0,27.24,0,0,0,0,0,0,4025000,3380000,4150000,0,0,0,1710000,0,0,0,0,0,0,0,0,0,0,0,0,0,0,0,0,0,0,0,0,0,0,0,0,0,0,0,0,0,0,0,0,"109Y3S"
10015,花蓮縣,10015050,吉安鄉,8143.42,321.41,5918.63,0,0,204.19,1071.11,0,0,120.62,507.46,0,0,6200000,3500000,6515000,0,0,4950000,4300000,0,0,32000000,18500000,0,0,579.45,0,157.57,0,0,0,421.88,0,0,0,0,0,0,6385000,0,12000000,0,0,0,5300000,0,0,0,0,0,0,"109Y3S"
10015,花蓮縣,10015060,壽豐鄉,738.99,61.48,634.67,0,0,0,42.83,0,0,0,0,0,0,2925000,2225000,3825000,0,0,0,975000,0,0,0,0,0,0,366.42,310.96,0,0,0,0,55.46,0,0,0,0,0,0,3625000,3450000,0,0,0,0,5500000,0,0,0,0,0,0,"109Y3S"
10015,花蓮縣,10015070,光復鄉,395.61,0,395.61,0,0,0,0,0,0,0,0,0,0,2970000,0,2970000,0,0,0,0,0,0,0,0,0,0,0,0,0,0,0,0,0,0,0,0,0,0,0,0,0,0,0,0,0,0,0,0,0,0,0,0,"109Y3S"
10015,花蓮縣,10015080,豐濱鄉,211.23,0,211.23,0,0,0,0,0,0,0,0,0,0,3500000,0,3500000,0,0,0,0,0,0,0,0,0,0,0,0,0,0,0,0,0,0,0,0,0,0,0,0,0,0,0,0,0,0,0,0,0,0,0,0,"109Y3S"
10015,花蓮縣,10015090,瑞穗鄉,519.61,0,519.61,0,0,0,0,0,0,0,0,0,0,2650000,0,2650000,0,0,0,0,0,0,0,0,0,0,0,0,0,0,0,0,0,0,0,0,0,0,0,0,0,0,0,0,0,0,0,0,0,0,0,0,"109Y3S"
10015,花蓮縣,10015110,秀林鄉,72.52,0,72.52,0,0,0,0,0,0,0,0,0,0,3647079,0,3647079,0,0,0,0,0,0,0,0,0,0,0,0,0,0,0,0,0,0,0,0,0,0,0,0,0,0,0,0,0,0,0,0,0,0,0,0,"109Y3S"
10016,澎湖縣,10016010,馬公市,2778.59,123.13,2044.27,0,0,0,611.19,0,0,0,0,0,0,5980000,5000000,7500000,0,0,0,4598000,0,0,0,0,0,0,214.56,51.68,0,0,0,58.28,104.6,0,0,0,0,0,0,5300000,6200000,0,0,0,5380000,5200000,0,0,0,0,0,0,"109Y3S"
10016,澎湖縣,10016020,湖西鄉,291.89,0,242.36,0,0,0,0,0,0,0,49.53,0,0,6775000,0,7800000,0,0,0,0,0,0,0,5750000,0,0,0,0,0,0,0,0,0,0,0,0,0,0,0,0,0,0,0,0,0,0,0,0,0,0,0,0,"109Y3S"
10016,澎湖縣,10016030,白沙鄉,30.01,0,30.01,0,0,0,0,0,0,0,0,0,0,323770,0,323770,0,0,0,0,0,0,0,0,0,0,0,0,0,0,0,0,0,0,0,0,0,0,0,0,0,0,0,0,0,0,0,0,0,0,0,0,"109Y3S"
10016,澎湖縣,10016040,西嶼鄉,10.27,0,10.27,0,0,0,0,0,0,0,0,0,0,594640,0,594640,0,0,0,0,0,0,0,0,0,0,0,0,0,0,0,0,0,0,0,0,0,0,0,0,0,0,0,0,0,0,0,0,0,0,0,0,"109Y3S"
10017,基隆市,10017010,中正區,5243.31,1367.48,1279.11,0,144.02,1566.13,877.09,9.49,0,0,0,0,0,3315000,2880000,7550000,0,20500000,3300000,6700000,1450000,0,0,0,0,0,2135.91,0,146.23,0,0,1384.58,544.5,60.61,0,0,0,0,0,5200000,0,12000000,0,0,4750000,7940000,3500000,0,0,0,0,0,"109Y3S"
10017,基隆市,10017020,七堵區,3467.6,1359.66,262.79,66.33,0,1024.18,754.64,0,0,0,0,0,0,4890000,3500000,4300000,32000000,0,10680000,6800000,0,0,0,0,0,0,1993.22,113.19,300.71,53.54,0,643.36,814.29,0,0,68.14,0,0,0,9500000,7550000,10390000,9620000,0,8600000,10250000,0,0,8200000,0,0,0,"109Y3S"
10017,基隆市,10017030,暖暖區,3837.25,884.73,174.75,0,0,1239.67,1521.8,16.29,0,0,0,0,0,3380000,3000000,5225000,0,0,8200000,2715000,2280000,0,0,0,0,0,2249.8,63.6,0,0,0,1549.96,636.24,0,0,0,0,0,0,6900000,6600000,0,0,0,6900000,7200000,0,0,0,0,0,0,"109Y3S"
10017,基隆市,10017040,仁愛區,1956.42,1224.61,273.94,0,0,115.81,342.07,0,0,0,0,0,0,3000000,2700000,2750000,0,0,5800000,6475000,0,0,0,0,0,0,139.36,0,0,0,0,92.51,46.85,0,0,0,0,0,0,8840000,0,0,0,0,8700000,8840000,0,0,0,0,0,0,"109Y3S"
10017,基隆市,10017050,中山區,1659.98,1192.33,283.71,0,0,0,183.94,0,0,0,0,0,0,3000000,2520000,4600000,0,0,0,3425000,0,0,0,0,0,0,370.83,41.74,166.15,0,0,0,162.95,0,0,0,0,0,0,9600000,5000000,12000000,0,0,0,9500000,0,0,0,0,0,0,"109Y3S"
10017,基隆市,10017060,安樂區,7040.87,3086.39,973.4,0,0,2028.59,943.87,8.63,0,0,0,0,0,3250000,2800000,7970000,0,0,4500000,4800000,1700000,0,0,0,0,0,4572.26,125.99,826.31,0,0,2988.28,631.69,0,0,0,0,0,0,7750000,3750000,16000000,0,0,7500000,7500000,0,0,0,0,0,0,"109Y3S"
10017,基隆市,10017070,信義區,7171.73,2428.98,781.5,0,0,2235.85,1717.13,8.27,0,0,0,0,0,4400000,3200000,7450000,0,0,9060000,5500000,1250000,0,0,0,0,0,1872.29,250.48,440.33,0,0,500.67,680.81,0,0,0,0,0,0,9300000,4000000,20625000,0,0,31100000,8640000,0,0,0,0,0,0,"109Y3S"
09020,金門縣,09020010,金城鎮,1151.05,154.36,332.46,0,0,271.89,392.34,0,0,0,0,0,0,5950000,4200000,11050000,0,0,7985000,4900000,0,0,0,0,0,0,73.17,73.17,0,0,0,0,0,0,0,0,0,0,0,4700000,4700000,0,0,0,0,0,0,0,0,0,0,0,"109Y3S"
09020,金門縣,09020020,金沙鎮,231.91,20.47,211.44,0,0,0,0,0,0,0,0,0,0,9000000,2200000,9000000,0,0,0,0,0,0,0,0,0,0,43.5,43.5,0,0,0,0,0,0,0,0,0,0,0,6000000,6000000,0,0,0,0,0,0,0,0,0,0,0,"109Y3S"
09020,金門縣,09020030,金湖鎮,1149.0,227.27,411.61,0,0,0,510.12,0,0,0,0,0,0,5830000,4570000,10750000,0,0,0,5830000,0,0,0,0,0,0,0,0,0,0,0,0,0,0,0,0,0,0,0,0,0,0,0,0,0,0,0,0,0,0,0,0,"109Y3S"
09020,金門縣,09020040,金寧鄉,1542.99,610.51,486.76,0,0,0,445.72,0,0,0,0,0,0,5350000,4200000,11200000,0,0,0,5375000,0,0,0,0,0,0,136.98,136.98,0,0,0,0,0,0,0,0,0,0,0,6700000,6700000,0,0,0,0,0,0,0,0,0,0,0,"109Y3S"
