縣市代碼,縣市名稱,鄉鎮市區,學校代碼,學校名稱,班級數7年級,班級數8年級,班級數9年級,學生數7年級男,學生數7年級女,學生數8年級男,學生數8年級女,學生數9年級男,學生數9年級女,學生數,上學年男畢業生,上學年女畢業生,男專任教師,女專任教師,男職員,女職員
1,新北市,板橋區,10301,國立華僑中學,1,1,1,4,3,7,11,9,16,50,9,13,-,-,-,-
1,新北市,淡水區,11301,私立淡江高中附設國中部,7,8,8,151,139,171,133,153,145,892,172,123,-,-,-,-
1,新北市,新店區,11302,私立康橋實驗高中附設國中部,11,8,8,181,147,159,138,143,164,932,169,150,-,-,-,-
1,新北市,三重區,11306,私立金陵女中附設國中部,8,9,9,-,330,-,363,-,391,1084,-,394,-,-,-,-
1,新北市,土城區,11307,私立裕德實驗高中附設國中部,6,5,5,73,67,80,67,65,57,409,47,45,-,-,-,-
1,新北市,中和區,11309,私立南山高中附設國中部,22,22,22,543,445,575,406,538,409,2916,486,369,-,-,-,-
1,新北市,新莊區,11310,私立恆毅高中附設國中部,10,9,9,324,111,264,123,306,97,1225,345,114,-,-,-,-
1,新北市,八里區,11311,私立聖心女中附設國中部,5,5,5,-,205,-,218,-,184,607,-,228,-,-,-,-
1,新北市,汐止區,11312,私立崇義高中附設國中部,1,-,1,1,-,-,-,4,-,5,1,-,-,-,-,-
1,新北市,土城區,11314,私立中華高中附設國中部,-,-,1,-,-,-,-,5,3,8,-,-,-,-,-,-
1,新北市,三重區,11316,私立格致高中附設國中部,7,7,6,192,108,170,82,131,78,761,169,88,-,-,-,-
1,新北市,林口區,11317,私立醒吾高中附設國中部,1,1,1,6,10,11,7,17,17,68,27,30,-,-,-,-
1,新北市,蘆洲區,11318,私立徐匯高中附設國中部,3,3,3,120,-,121,-,128,-,369,129,-,-,-,-,-
1,新北市,新店區,11322,私立崇光高中附設國中部,8,7,7,85,241,10,242,16,261,855,18,285,-,-,-,-
1,新北市,板橋區,11323,私立光仁高中附設國中部,8,9,9,151,112,156,135,172,145,871,179,149,-,-,-,-
1,新北市,中和區,11324,私立竹林高中附設國中部,10,8,8,221,152,170,128,152,116,939,173,147,-,-,-,-
1,新北市,新店區,11325,私立及人高中附設國中部,1,2,1,20,12,32,15,22,17,118,33,22,-,-,-,-
1,新北市,三峽區,11329,私立辭修高中附設國中部,8,9,8,196,123,223,122,193,108,965,171,148,-,-,-,-
1,新北市,林口區,11330,私立林口康橋高中附設國中部,6,6,8,133,111,118,127,134,113,736,51,58,-,-,-,-
1,新北市,瑞芳區,11399,私立時雨高中附設國中部,7,7,7,213,127,228,150,220,108,1046,245,133,-,-,-,-
1,新北市,板橋區,14302,市立海山高中附設國中部,29,29,29,476,432,429,403,422,384,2546,393,421,-,-,-,-
1,新北市,三重區,14311,市立三重高中附設國中部,7,7,8,70,81,79,76,93,101,500,112,90,-,-,-,-
1,新北市,永和區,14315,市立永平高中附設國中部,11,11,10,140,148,153,118,145,133,837,176,180,-,-,-,-
1,新北市,樹林區,14322,市立樹林高中附設國中部,12,13,13,165,159,167,151,186,166,994,186,197,-,-,-,-
1,新北市,三峽區,14326,市立明德高中附設國中部,12,9,7,174,115,120,106,94,79,688,101,82,-,-,-,-
1,新北市,汐止區,14332,市立秀峰高中附設國中部,13,14,13,223,156,188,195,212,180,1154,196,147,-,-,-,-
1,新北市,金山區,14338,市立金山高中附設國中部,5,6,6,59,60,65,64,70,67,385,68,70,-,-,-,-
1,新北市,新店區,14343,市立安康高中附設國中部,9,9,9,107,111,125,101,115,115,674,87,87,-,-,-,-
1,新北市,雙溪區,14347,市立雙溪高中附設國中部,3,3,4,32,25,34,33,34,34,192,27,30,-,-,-,-
1,新北市,石碇區,14348,市立石碇高中附設國中部,2,2,3,15,8,26,12,29,21,111,24,22,-,-,-,-
1,新北市,新莊區,14353,市立丹鳳高中附設國中部,23,23,23,389,354,378,342,394,354,2211,341,348,-,-,-,-
1,新北市,土城區,14356,市立清水高中附設國中部,15,16,17,202,157,193,188,226,205,1171,229,191,-,-,-,-
1,新北市,蘆洲區,14357,市立三民高中附設國中部,15,16,17,192,186,230,193,240,205,1246,212,208,-,-,-,-
1,新北市,中和區,14362,市立錦和高中附設國中部,18,19,18,230,212,235,258,236,200,1371,260,220,-,-,-,-
1,新北市,板橋區,14363,市立光復高中附設國中部,9,8,9,108,120,113,101,130,109,681,109,112,-,-,-,-
1,新北市,淡水區,14364,市立竹圍高中附設國中部,7,7,7,124,86,117,90,99,72,588,109,97,-,-,-,-
1,新北市,三峽區,14381,市立北大高中附設國中部,4,4,4,57,73,56,68,65,67,386,67,64,-,-,-,-
1,新北市,貢寮區,14399,市立豐珠中學附設國中,-,-,-,-,-,-,-,-,-,0,-,-,-,-,-,-
1,新北市,汐止區,14468,市立樟樹國際實創高中附設國中部,7,7,7,93,85,100,77,98,104,557,97,110,-,-,-,-
1,新北市,板橋區,14501,市立板橋國中,16,16,15,228,163,234,172,233,198,1228,208,185,27,88,3,7
1,新北市,板橋區,14503,市立重慶國中,19,18,20,226,260,210,247,274,267,1484,202,253,35,96,1,13
1,新北市,板橋區,14504,市立江翠國中,18,18,19,239,241,209,219,235,237,1380,194,236,40,104,3,10
1,新北市,板橋區,14505,市立中山國中,29,30,30,473,425,485,496,499,458,2836,419,415,57,153,1,13
1,新北市,板橋區,14506,市立新埔國中,12,10,11,159,146,131,118,137,127,818,150,155,19,67,4,7
1,新北市,新莊區,14507,市立新莊國中,24,25,24,347,303,305,325,333,293,1906,333,300,46,132,2,10
1,新北市,新莊區,14508,市立新泰國中,19,17,21,255,219,241,183,255,237,1390,274,230,36,106,2,10
1,新北市,新莊區,14509,市立福營國中,20,18,17,278,199,308,224,242,207,1458,238,237,52,91,3,11
1,新北市,新莊區,14510,市立頭前國中,14,14,14,188,174,171,174,169,179,1055,202,204,25,80,1,10
1,新北市,三重區,14512,市立光榮國中,8,9,12,94,76,120,89,119,103,601,121,112,16,54,2,7
1,新北市,三重區,14513,市立明志國中,19,19,20,249,192,268,241,303,223,1476,255,232,39,102,4,9
1,新北市,三重區,14514,市立碧華國中,14,12,14,198,162,161,148,156,187,1012,196,172,32,64,2,10
1,新北市,永和區,14516,市立永和國中,34,36,33,484,462,515,465,500,418,2844,456,478,58,193,1,13
1,新北市,永和區,14517,市立福和國中,29,29,27,374,403,361,407,346,322,2213,336,342,57,148,1,12
1,新北市,中和區,14518,市立中和國中,13,12,14,162,144,146,151,159,166,928,180,159,28,72,1,11
1,新北市,中和區,14519,市立積穗國中,10,11,12,123,116,156,128,139,147,809,146,130,26,56,3,6
1,新北市,中和區,14520,市立漳和國中,9,13,12,91,97,140,99,109,120,656,118,119,23,66,2,8
1,新北市,鶯歌區,14521,市立鶯歌國中,21,20,19,273,238,261,268,266,253,1559,232,253,41,105,2,10
1,新北市,樹林區,14523,市立柑園國中,3,3,4,32,45,33,29,43,42,224,53,44,7,21,-,7
1,新北市,土城區,14524,市立土城國中,20,18,18,331,282,260,261,261,239,1634,240,224,34,106,-,10
1,新北市,三峽區,14525,市立三峽國中,22,19,20,310,265,284,244,280,261,1644,222,233,49,100,3,10
1,新北市,八里區,14527,市立八里國中,5,5,6,61,64,59,48,59,49,340,63,61,12,32,-,8
1,新北市,泰山區,14528,市立泰山國中,8,10,8,124,93,111,140,115,91,674,115,105,22,45,-,7
1,新北市,五股區,14529,市立五股國中,13,13,15,165,122,183,144,179,166,959,174,166,24,79,1,10
1,新北市,蘆洲區,14530,市立蘆洲國中,20,22,24,295,246,284,257,329,286,1697,284,325,38,120,2,11
1,新北市,林口區,14531,市立林口國中,19,16,16,278,281,263,254,286,222,1584,272,219,36,92,1,9
1,新北市,汐止區,14533,市立汐止國中,8,10,9,82,77,112,109,107,107,594,125,103,23,46,2,7
1,新北市,淡水區,14534,市立淡水國中,11,9,13,135,119,126,98,157,127,762,122,116,24,65,1,9
1,新北市,三芝區,14536,市立三芝國中,6,6,7,61,76,76,70,76,78,437,78,84,19,30,3,5
1,新北市,石門區,14537,市立石門實驗國中,2,2,2,20,14,17,7,17,15,90,9,14,4,18,2,1
1,新北市,萬里區,14539,市立萬里國中,2,3,2,16,14,27,12,25,22,116,26,29,6,17,1,5
1,新北市,坪林區,14540,市立坪林實驗國中,2,2,3,17,10,26,17,16,17,103,21,10,9,15,-,2
1,新北市,新店區,14541,市立文山國中,9,8,9,98,89,121,76,123,77,584,124,91,16,53,2,7
1,新北市,新店區,14542,市立五峰國中,13,13,13,149,138,195,137,137,143,899,186,162,21,77,4,7
1,新北市,瑞芳區,14544,市立瑞芳國中,6,6,6,66,56,69,74,64,80,409,58,79,23,28,1,8
1,新北市,瑞芳區,14545,市立欽賢國中,2,2,2,2,4,15,8,9,9,47,21,11,10,11,2,2
1,新北市,貢寮區,14546,市立貢寮國中,2,2,2,16,13,17,10,17,10,83,18,24,9,12,1,3
1,新北市,深坑區,14549,市立深坑國中,6,6,5,67,61,75,74,75,53,405,88,84,17,27,1,7
1,新北市,平溪區,14550,市立平溪國中,2,2,2,3,6,14,5,7,11,46,6,10,10,16,3,2
1,新北市,烏來區,14551,市立烏來國中(小),1,1,1,5,3,6,9,9,5,37,5,9,5,11,1,5
1,新北市,板橋區,14552,市立溪崑國中,21,23,24,305,289,343,317,356,304,1914,315,302,60,102,2,11
1,新北市,中和區,14554,市立自強國中,9,9,11,121,116,117,112,134,112,712,132,118,25,47,-,8
1,新北市,土城區,14555,市立中正國中,21,20,22,253,266,272,244,285,269,1589,250,286,41,107,2,10
1,新北市,泰山區,14558,市立義學國中,16,18,19,228,208,260,193,274,202,1365,218,209,38,88,3,9
1,新北市,新莊區,14559,市立中平國中,21,22,23,356,310,353,327,345,301,1992,286,287,41,116,2,9
1,新北市,鶯歌區,14560,市立鳳鳴國中,6,6,7,72,60,81,68,85,66,432,80,75,20,29,3,6
1,新北市,三重區,14561,市立三和國中,29,28,29,389,372,358,379,359,365,2222,354,403,59,135,-,14
1,新北市,鶯歌區,14565,市立尖山國中,5,5,6,76,48,63,56,68,58,369,70,52,13,30,1,5
1,新北市,淡水區,14566,市立正德國中,20,20,19,251,263,297,249,294,251,1605,270,261,39,102,2,11
1,新北市,三峽區,14567,市立安溪國中,9,8,9,114,92,106,107,107,112,638,137,111,22,46,2,7
1,新北市,樹林區,14569,市立育林國中,11,10,11,149,131,121,115,145,130,791,159,143,32,45,1,8
1,新北市,汐止區,14570,市立青山國中(小),6,6,6,90,65,87,70,71,63,446,70,56,15,31,1,9
1,新北市,林口區,14571,市立崇林國中,15,15,14,200,199,205,187,186,188,1165,180,163,24,78,1,8
1,新北市,三重區,14572,市立二重國中,7,9,12,98,64,112,76,135,100,585,131,103,26,44,2,7
1,新北市,板橋區,14573,市立大觀國中,13,12,12,169,152,146,146,139,144,896,140,139,24,65,1,6
1,新北市,樹林區,14574,市立三多國中,11,12,11,163,123,165,143,167,133,894,157,143,31,54,3,6
1,新北市,板橋區,14575,市立忠孝國中,10,10,11,116,119,120,112,136,100,703,128,133,23,55,2,7
1,新北市,蘆洲區,14576,市立鷺江國中,22,21,19,281,304,278,307,279,252,1701,257,230,37,116,2,7
1,新北市,樹林區,14577,市立桃子腳國中(小),7,7,7,118,94,117,96,112,118,655,97,108,16,36,-,11
1,新北市,林口區,14579,市立佳林國中,9,9,8,131,96,125,103,109,94,658,120,117,22,44,3,5
1,新北市,新店區,14580,市立達觀國中(小),10,10,10,131,105,148,113,131,142,770,125,103,22,53,3,9
2,宜蘭縣,員山鄉,21301,私立慧燈高中附設國中部,8,9,9,206,111,217,123,215,120,992,251,160,-,-,-,-
2,宜蘭縣,壯圍鄉,21310,私立中道高中附設國中部,3,3,3,59,39,45,40,56,30,269,60,39,-,-,-,-
2,宜蘭縣,南澳鄉,24322,縣立南澳高中附設國中部,3,3,3,18,29,32,24,31,22,156,40,35,-,-,-,-
2,宜蘭縣,冬山鄉,24325,縣立慈心華德福教育實驗高中附設國中,4,3,3,50,40,40,36,40,35,241,36,31,-,-,-,-
2,宜蘭縣,宜蘭市,24501,縣立宜蘭國中,5,6,8,61,70,71,75,98,99,474,68,78,18,32,1,7
2,宜蘭縣,宜蘭市,24502,縣立中華國中,11,12,12,149,148,178,153,179,140,947,170,162,24,59,1,8
2,宜蘭縣,宜蘭市,24503,縣立復興國中,15,14,16,196,218,182,191,207,228,1222,240,226,41,80,4,8
2,宜蘭縣,羅東鎮,24504,縣立羅東國中,18,20,19,255,243,256,259,250,230,1493,271,264,48,94,1,12
2,宜蘭縣,羅東鎮,24505,縣立東光國中,7,7,8,91,93,95,92,98,118,587,101,116,24,34,2,6
2,宜蘭縣,羅東鎮,24506,縣立國華國中,13,13,15,186,173,177,179,187,209,1111,222,184,42,63,2,8
2,宜蘭縣,頭城鎮,24507,縣立頭城國中,7,6,8,76,88,96,70,92,84,506,114,102,29,27,3,5
2,宜蘭縣,蘇澳鎮,24508,縣立蘇澳國中,5,3,4,42,32,35,35,49,46,239,63,51,19,11,5,3
2,宜蘭縣,蘇澳鎮,24509,縣立文化國中,6,6,6,78,76,74,70,96,71,465,83,63,22,24,2,6
2,宜蘭縣,蘇澳鎮,24510,縣立南安國中,1,1,2,10,12,9,14,13,17,75,26,22,7,6,2,1
2,宜蘭縣,三星鄉,24511,縣立三星國中,4,5,4,52,33,73,47,55,38,298,40,43,14,22,3,5
2,宜蘭縣,礁溪鄉,24512,縣立礁溪國中,5,6,5,62,63,70,66,60,54,375,61,83,12,29,3,5
2,宜蘭縣,礁溪鄉,24513,縣立吳沙國中,2,3,3,26,15,21,27,31,31,151,28,23,12,11,-,5
2,宜蘭縣,冬山鄉,24514,縣立冬山國中,4,5,5,46,49,65,42,56,63,321,57,69,13,24,2,6
2,宜蘭縣,冬山鄉,24515,縣立順安國中,3,3,4,39,28,35,22,49,48,221,36,41,10,18,1,6
2,宜蘭縣,五結鄉,24516,縣立五結國中,3,4,4,29,35,50,31,46,38,229,46,53,12,19,1,6
2,宜蘭縣,五結鄉,24517,縣立興中國中,2,2,2,20,17,15,18,16,16,102,22,24,5,12,-,3
2,宜蘭縣,五結鄉,24518,縣立利澤國中,2,3,3,33,19,28,30,28,29,167,24,28,11,11,1,6
2,宜蘭縣,員山鄉,24519,縣立員山國中,4,5,4,38,43,41,45,52,40,259,50,53,13,22,1,6
2,宜蘭縣,員山鄉,24520,縣立內城國中(小),2,2,2,17,13,19,13,26,21,109,16,17,7,12,2,6
2,宜蘭縣,壯圍鄉,24521,縣立壯圍國中,4,5,6,50,43,53,51,60,57,314,63,58,12,29,4,4
2,宜蘭縣,大同鄉,24523,縣立大同國中,1,1,1,4,11,7,10,6,15,53,9,4,8,2,1,2
2,宜蘭縣,宜蘭市,24524,縣立凱旋國中,6,6,5,77,70,69,88,70,56,430,80,79,11,33,1,7
2,宜蘭縣,頭城鎮,24526,縣立人文國中(小),2,2,2,16,10,7,11,11,8,63,18,7,10,6,-,-
3,桃園市,龍潭區,31301,私立桃園市漢英高中附設國中部,1,1,1,8,5,8,8,5,9,43,4,1,-,-,-,-
3,桃園市,平鎮區,31310,私立六和高中附設國中部,11,11,11,268,243,256,227,265,212,1471,276,184,-,-,-,-
3,桃園市,平鎮區,31311,私立復旦高中附設國中部,12,12,12,321,244,315,250,320,245,1695,316,226,-,-,-,-
3,桃園市,楊梅區,31312,私立治平高中附設國中部,8,8,8,198,152,213,147,188,165,1063,166,140,-,-,-,-
3,桃園市,桃園區,31313,私立振聲高中附設國中部,9,9,9,230,202,210,221,238,192,1293,212,204,-,-,-,-
3,桃園市,新屋區,31319,私立清華高中附設國中部,1,1,1,14,3,8,8,6,4,43,11,9,-,-,-,-
3,桃園市,桃園區,31320,私立新興高中附設國中部,8,8,8,178,163,183,146,170,162,1002,166,162,-,-,-,-
3,桃園市,楊梅區,31326,私立大華高中附設國中部,5,5,5,108,85,113,63,110,75,554,100,98,-,-,-,-
3,桃園市,中壢區,31502,私立有得國中(小),3,3,3,46,42,40,39,44,30,241,38,33,10,10,5,7
3,桃園市,桃園區,31503,私立康萊爾國中(小),1,1,1,10,10,20,5,11,16,72,6,12,6,1,-,2
3,桃園市,觀音區,34332,市立觀音高中附設國中部,8,8,8,107,109,106,115,109,109,655,107,110,-,-,-,-
3,桃園市,新屋區,34335,市立新屋高中附設國中部,10,10,9,121,116,132,114,139,100,722,138,137,-,-,-,-
3,桃園市,八德區,34347,市立永豐高中附設國中部,13,13,13,166,186,189,185,202,163,1091,195,161,-,-,-,-
3,桃園市,桃園區,34501,市立桃園國中,17,14,18,236,194,177,202,269,226,1304,250,241,37,100,2,12
3,桃園市,桃園區,34502,市立青溪國中,16,16,16,261,191,232,220,252,213,1369,256,217,39,85,-,14
3,桃園市,桃園區,34503,市立文昌國中,13,15,13,201,157,215,176,201,162,1112,225,207,33,78,2,10
3,桃園市,桃園區,34504,市立建國國中,24,24,23,381,300,330,321,343,313,1988,345,339,59,129,2,13
3,桃園市,桃園區,34505,市立中興國中,20,20,22,288,255,279,289,302,312,1725,329,315,45,112,4,12
3,桃園市,蘆竹區,34506,市立南崁國中,22,20,19,280,266,292,236,262,266,1602,262,256,56,100,3,12
3,桃園市,蘆竹區,34507,市立山腳國中,5,5,5,54,60,63,47,71,58,353,86,86,20,21,1,7
3,桃園市,蘆竹區,34508,市立大竹國中,13,13,13,187,174,193,161,160,179,1054,180,158,22,76,3,8
3,桃園市,大園區,34509,市立大園國中,16,17,17,229,205,246,180,234,199,1293,212,232,47,80,2,12
3,桃園市,大園區,34510,市立竹圍國中,6,5,6,88,63,70,72,80,84,457,79,82,20,24,2,7
3,桃園市,大溪區,34511,市立大溪國中,10,10,11,124,128,131,124,140,144,791,141,148,27,49,2,7
3,桃園市,大溪區,34513,市立仁和國中,18,18,21,263,230,283,207,297,228,1508,280,225,41,98,5,9
3,桃園市,龜山區,34515,市立大崗國中,12,11,13,166,136,145,142,172,144,905,178,145,28,66,1,10
3,桃園市,八德區,34516,市立八德國中,14,13,14,168,179,169,171,166,180,1033,162,171,36,73,1,12
3,桃園市,八德區,34517,市立大成國中,24,24,24,393,372,370,359,393,303,2190,365,352,58,125,4,11
3,桃園市,平鎮區,34518,市立中壢國中,19,19,17,260,264,230,242,241,234,1471,236,209,28,118,1,12
3,桃園市,平鎮區,34520,市立平南國中,14,17,16,204,168,215,223,212,187,1209,219,200,28,90,3,11
3,桃園市,中壢區,34521,市立新明國中,8,9,8,110,63,114,84,123,82,576,131,110,17,48,2,7
3,桃園市,中壢區,34522,市立內壢國中,27,29,29,401,408,432,397,433,373,2444,394,364,52,164,5,11
3,桃園市,中壢區,34523,市立大崙國中,5,5,6,78,53,57,62,85,69,404,91,75,11,32,3,7
3,桃園市,中壢區,34524,市立龍岡國中,15,14,17,207,186,200,175,211,237,1216,221,210,27,92,4,9
3,桃園市,中壢區,34525,市立興南國中,5,5,5,44,48,55,35,45,42,269,57,57,14,41,4,4
3,桃園市,中壢區,34526,市立自強國中,16,15,15,211,192,229,198,197,228,1255,209,221,31,91,3,9
3,桃園市,中壢區,34527,市立東興國中,28,27,26,406,385,383,391,362,330,2257,406,331,48,151,2,14
3,桃園市,楊梅區,34528,市立楊梅國中,17,19,16,213,184,222,199,198,188,1204,215,199,37,105,4,11
3,桃園市,楊梅區,34529,市立仁美國中,6,7,6,49,63,70,47,78,65,372,54,61,14,38,3,7
3,桃園市,楊梅區,34530,市立富岡國中,3,3,3,21,27,28,25,33,45,179,39,27,8,17,1,4
3,桃園市,楊梅區,34531,市立瑞原國中,4,4,5,49,28,35,29,46,35,222,47,35,14,20,1,6
3,桃園市,觀音區,34533,市立觀音國中,4,4,4,54,33,45,44,48,39,263,43,44,15,18,2,4
3,桃園市,觀音區,34534,市立草漯國中,6,6,7,90,72,87,69,87,79,484,97,99,17,30,3,6
3,桃園市,新屋區,34536,市立大坡國中,3,3,3,17,19,24,17,22,27,126,23,33,12,18,-,4
3,桃園市,新屋區,34537,市立永安國中,3,3,3,20,14,22,18,24,18,116,23,27,9,21,1,4
3,桃園市,龍潭區,34538,市立龍潭國中,14,15,13,191,186,221,202,181,194,1175,173,197,30,78,3,8
3,桃園市,龍潭區,34539,市立凌雲國中,8,7,8,96,83,81,80,113,90,543,108,117,17,44,2,7
3,桃園市,龍潭區,34540,市立石門國中,8,8,8,112,89,83,106,106,93,589,96,89,20,46,1,8
3,桃園市,復興區,34541,市立介壽國中,4,3,3,21,18,19,30,28,27,143,41,16,15,15,1,4
3,桃園市,桃園區,34542,市立慈文國中,25,24,23,391,367,372,333,338,304,2105,367,313,55,125,5,10
3,桃園市,平鎮區,34543,市立平興國中,11,11,14,142,163,149,159,189,166,968,199,191,22,71,4,8
3,桃園市,楊梅區,34544,市立楊明國中,7,7,8,96,75,98,85,108,95,557,115,124,20,39,1,9
3,桃園市,中壢區,34545,市立龍興國中,8,6,8,92,85,79,70,122,93,541,106,84,19,40,3,7
3,桃園市,桃園區,34546,市立福豐國中,13,14,14,166,188,183,189,205,188,1119,191,208,34,88,1,11
3,桃園市,平鎮區,34549,市立東安國中,6,7,8,86,75,103,83,82,91,520,94,75,21,35,-,9
3,桃園市,蘆竹區,34550,市立光明國中,21,18,18,300,284,274,241,270,219,1588,290,237,38,109,2,12
3,桃園市,桃園區,34551,市立同德國中,17,17,17,252,243,270,214,243,255,1477,279,237,30,108,5,8
3,桃園市,龜山區,34552,市立幸福國中,7,6,5,53,67,73,53,64,67,377,86,57,15,36,1,7
3,桃園市,桃園區,34554,市立大有國中,14,12,12,198,184,179,158,169,180,1068,186,184,29,71,2,10
3,桃園市,龜山區,34555,市立龜山國中,13,13,16,184,170,172,175,181,165,1047,216,191,33,72,1,11
3,桃園市,桃園區,34556,市立會稽國中,7,6,9,95,82,83,84,117,83,544,93,98,14,46,1,8
3,桃園市,楊梅區,34557,市立楊光國中(小),8,7,7,100,105,93,86,85,88,557,88,89,18,38,4,11
3,桃園市,龜山區,34559,市立迴龍國中(小),3,3,3,29,21,23,27,31,27,158,30,27,8,17,3,5
3,桃園市,平鎮區,34560,市立平鎮國中,19,18,18,286,250,252,262,254,253,1557,268,225,44,95,1,12
3,桃園市,龍潭區,34561,市立武漢國中,6,7,6,71,67,103,81,87,80,489,93,90,11,38,3,6
3,桃園市,桃園區,34562,市立經國國中,7,6,5,108,56,86,59,67,52,428,77,55,21,32,2,6
3,桃園市,中壢區,34563,市立過嶺國中,11,10,9,150,141,138,137,116,134,816,165,144,28,47,2,8
3,桃園市,楊梅區,34564,市立瑞坪國中,10,8,9,135,122,107,101,119,124,708,128,129,18,53,3,7
3,桃園市,中壢區,34565,市立青埔國中,12,12,10,180,186,172,173,162,138,1011,149,161,26,59,3,6
4,新竹縣,竹北市,41303,私立義民高中附設國中部,7,7,7,166,149,182,133,186,126,942,164,147,-,-,-,-
4,新竹縣,新豐鄉,41305,私立忠信高中附設國中部,2,1,1,40,28,4,3,6,3,84,6,7,-,-,-,-
4,新竹縣,竹東鎮,41306,私立東泰中學附設國中部,1,2,2,20,17,21,19,30,17,124,22,7,-,-,-,-
4,新竹縣,新豐鄉,41307,私立仰德高中附設國中部,5,5,5,104,96,90,87,121,60,558,107,70,-,-,-,-
4,新竹縣,新埔鎮,41401,私立內思高工附設國中部,1,1,-,19,12,15,17,-,-,63,-,-,-,-,-,-
4,新竹縣,竹北市,41501,私立康乃薾國中(小),4,3,3,64,72,48,63,43,44,334,39,46,4,18,2,7
4,新竹縣,竹北市,44311,縣立六家高中附設國中部,7,5,5,94,96,61,63,47,74,435,52,50,-,-,-,-
4,新竹縣,湖口鄉,44320,縣立湖口高中附設國中部,15,14,15,214,221,184,193,230,190,1232,218,182,-,-,-,-
4,新竹縣,竹東鎮,44501,縣立竹東國中,10,12,13,146,118,154,135,137,154,844,150,126,18,79,1,9
4,新竹縣,竹東鎮,44502,縣立二重國中,9,9,9,130,138,147,131,146,115,807,124,108,17,55,1,6
4,新竹縣,竹東鎮,44503,縣立員東國中,3,3,3,28,21,29,18,28,20,144,24,32,11,17,-,4
4,新竹縣,關西鎮,44504,縣立關西國中,6,6,6,90,59,89,66,81,66,451,83,81,20,30,1,5
4,新竹縣,關西鎮,44505,縣立石光國中,1,1,2,21,5,15,5,21,14,81,17,10,8,7,1,3
4,新竹縣,關西鎮,44506,縣立富光國中,3,2,2,18,18,22,15,26,20,119,23,31,5,22,1,3
4,新竹縣,新埔鎮,44507,縣立新埔國中,3,4,6,53,33,55,55,56,43,295,77,57,10,23,-,5
4,新竹縣,新埔鎮,44508,縣立照門國中,2,2,2,18,14,17,19,23,28,119,29,23,6,10,-,4
4,新竹縣,竹北市,44509,縣立竹北國中,12,12,12,167,143,148,165,164,166,953,165,159,24,74,3,9
4,新竹縣,竹北市,44510,縣立鳳岡國中,2,2,3,30,22,28,25,35,30,170,29,20,7,13,-,3
4,新竹縣,芎林鄉,44512,縣立芎林國中,4,5,4,51,45,47,37,48,48,276,60,41,8,32,-,7
4,新竹縣,新豐鄉,44513,縣立新豐國中,7,6,7,78,55,66,59,70,69,397,90,72,23,35,2,6
4,新竹縣,新豐鄉,44514,縣立精華國中,1,1,1,7,8,8,7,13,7,50,9,10,4,8,1,1
4,新竹縣,橫山鄉,44515,縣立橫山國中,2,3,2,25,10,27,27,25,25,139,26,28,6,18,-,4
4,新竹縣,橫山鄉,44516,縣立華山國中,2,2,1,18,13,14,16,14,6,81,11,21,6,9,-,3
4,新竹縣,寶山鄉,44517,縣立寶山國中,3,3,4,26,14,30,30,29,27,156,33,24,6,24,-,5
4,新竹縣,北埔鄉,44518,縣立北埔國中,2,2,3,13,23,24,23,34,21,138,29,32,5,16,1,3
4,新竹縣,峨眉鄉,44519,縣立峨眉國中,1,1,1,15,2,7,3,9,4,40,13,2,2,10,-,3
4,新竹縣,湖口鄉,44521,縣立新湖國中,6,7,8,94,77,102,94,104,99,570,109,90,19,36,1,8
4,新竹縣,湖口鄉,44522,縣立中正國中,3,3,4,37,21,43,44,48,49,242,40,37,3,25,-,4
4,新竹縣,五峰鄉,44523,縣立五峰國中,1,2,1,8,9,10,18,9,10,64,13,13,4,7,1,2
4,新竹縣,尖石鄉,44524,縣立尖石國中,4,3,4,35,33,34,36,51,38,227,26,34,11,20,2,3
4,新竹縣,新豐鄉,44525,縣立忠孝國中,10,11,11,154,131,155,149,147,149,885,153,179,17,67,1,8
4,新竹縣,竹北市,44526,縣立博愛國中,11,10,10,138,149,122,127,129,133,798,142,113,14,66,2,7
4,新竹縣,竹北市,44527,縣立仁愛國中,14,14,14,203,201,218,175,209,197,1203,215,180,23,85,-,12
4,新竹縣,竹東鎮,44528,縣立自強國中,10,12,11,138,144,164,141,117,151,855,151,155,18,73,1,9
4,新竹縣,竹北市,44529,縣立成功國中,19,17,18,294,256,248,242,263,257,1560,222,260,23,116,1,12
4,新竹縣,竹北市,44530,縣立東興國中,22,22,16,314,280,331,299,224,213,1661,220,178,43,104,3,10
4,新竹縣,新埔鎮,44531,縣立北平華德福實驗學校(國中),1,1,1,4,7,5,7,4,6,33,-,-,2,7,-,2
5,苗栗縣,卓蘭鎮,50314,國立卓蘭高中附設國中部,3,4,4,36,29,42,32,50,50,239,43,48,-,-,-,-
5,苗栗縣,竹南鎮,51302,私立君毅高中附設國中部,7,7,6,160,130,164,118,139,99,810,140,125,-,-,-,-
5,苗栗縣,苗栗市,51306,私立建台高中附設國中部,7,6,7,161,123,130,98,153,122,787,146,132,-,-,-,-
5,苗栗縣,卓蘭鎮,51307,私立全人實驗高中附設國中部,1,1,1,3,1,2,2,5,4,17,12,2,-,-,-,-
5,苗栗縣,三義鄉,54308,縣立三義高中附設國中部,4,4,5,52,42,67,44,63,64,332,74,64,-,-,-,-
5,苗栗縣,苑裡鎮,54309,縣立苑裡高中附設國中部,10,11,10,136,123,123,151,131,128,792,123,133,-,-,-,-
5,苗栗縣,頭份市,54317,縣立興華高中附設國中部,8,7,8,111,118,95,82,101,109,616,99,111,-,-,-,-
5,苗栗縣,竹南鎮,54333,縣立大同高中附設國中部,2,3,3,31,26,38,36,29,29,189,26,32,-,-,-,-
5,苗栗縣,苗栗市,54501,縣立苗栗國中,4,6,5,29,37,37,43,29,54,229,44,46,18,32,2,4
5,苗栗縣,苗栗市,54502,縣立大倫國中,6,6,6,80,71,83,78,95,68,475,86,75,16,37,-,7
5,苗栗縣,苗栗市,54503,縣立明仁國中,15,15,15,198,197,229,195,203,182,1204,198,168,40,78,2,9
5,苗栗縣,頭屋鄉,54504,縣立頭屋國中,4,4,4,52,22,40,24,41,24,203,48,39,19,14,-,4
5,苗栗縣,公館鄉,54505,縣立公館國中,9,9,9,133,110,124,110,130,115,722,136,140,24,48,2,6
5,苗栗縣,公館鄉,54506,縣立鶴岡國中,2,2,3,21,16,25,15,25,24,126,34,17,5,15,1,2
5,苗栗縣,銅鑼鄉,54507,縣立文林國中,4,4,6,53,43,49,41,59,50,295,71,47,7,31,2,3
5,苗栗縣,苑裡鎮,54510,縣立致民國中,4,5,4,37,34,49,49,55,46,270,40,58,11,27,-,6
5,苗栗縣,通霄鎮,54511,縣立通霄國中,5,6,6,44,67,72,68,65,76,392,70,77,20,28,4,3
5,苗栗縣,通霄鎮,54512,縣立南和國中,1,1,1,-,7,4,5,11,6,33,8,13,1,11,1,2
5,苗栗縣,通霄鎮,54513,縣立烏眉國中,3,2,2,21,14,27,31,34,19,146,35,20,2,18,-,2
5,苗栗縣,通霄鎮,54514,縣立啟新國中,1,2,1,8,8,14,19,10,18,77,12,13,7,7,1,2
5,苗栗縣,西湖鄉,54515,縣立西湖國中,1,2,2,8,8,17,15,20,16,84,12,20,8,6,-,3
5,苗栗縣,頭份市,54516,縣立頭份國中,11,12,11,160,142,179,158,176,155,970,168,129,24,62,-,8
5,苗栗縣,頭份市,54518,縣立文英國中,3,2,2,34,27,26,22,14,34,157,33,26,6,16,-,4
5,苗栗縣,竹南鎮,54519,縣立竹南國中,12,14,11,170,158,175,174,144,159,980,140,140,29,68,-,10
5,苗栗縣,竹南鎮,54520,縣立照南國中,16,17,17,235,243,252,225,244,251,1450,253,206,40,88,-,12
5,苗栗縣,三灣鄉,54521,縣立三灣國中,2,2,2,18,19,20,17,25,12,111,29,22,6,13,1,2
5,苗栗縣,南庄鄉,54522,縣立南庄國中,2,2,2,16,13,30,25,26,21,131,34,26,10,9,1,3
5,苗栗縣,造橋鄉,54523,縣立造橋國中,2,1,2,19,17,15,12,19,19,101,21,17,7,11,-,3
5,苗栗縣,造橋鄉,54524,縣立大西國中,1,2,2,14,13,24,13,21,23,108,20,14,5,12,1,2
5,苗栗縣,後龍鎮,54525,縣立後龍國中,3,3,3,34,34,43,42,36,30,219,41,41,9,15,2,2
5,苗栗縣,後龍鎮,54526,縣立維真國中,5,4,6,51,47,45,47,63,48,301,73,77,12,29,2,5
5,苗栗縣,大湖鄉,54527,縣立大湖國中,2,2,2,14,16,21,16,12,10,89,21,28,9,10,2,1
5,苗栗縣,大湖鄉,54528,縣立南湖國中,2,2,2,31,19,25,27,27,28,157,38,30,7,12,1,2
5,苗栗縣,獅潭鄉,54529,縣立獅潭國中,1,1,1,10,8,7,4,6,4,39,8,12,4,8,-,3
5,苗栗縣,泰安鄉,54531,縣立泰安國中(小),1,1,1,12,2,5,2,8,9,38,2,6,4,5,3,1
5,苗栗縣,頭份市,54532,縣立建國國中,12,14,12,157,143,157,157,144,153,911,152,161,26,67,2,7
5,苗栗縣,通霄鎮,54534,縣立福興武術國中(小),2,2,2,24,12,17,8,21,5,87,18,7,5,10,2,1
5,苗栗縣,後龍鎮,54535,縣立新港國中(小),3,3,3,39,25,42,32,37,26,201,49,44,10,14,-,6
6,臺中市,大雅區,60323,國立中科實中附設國中部,5,5,5,63,67,73,59,66,61,389,61,58,-,-,-,-
6,臺中市,潭子區,61301,私立常春藤高中附設國中部,2,2,2,36,37,39,29,47,21,209,54,37,-,-,-,-
6,臺中市,大里區,61310,私立大明高中附設國中部,2,3,2,48,24,37,46,39,32,226,46,37,-,-,-,-
6,臺中市,烏日區,61313,私立明道高中附設國中部,20,20,20,573,416,569,416,600,383,2957,562,403,-,-,-,-
6,臺中市,大里區,61314,私立僑泰中學附設國中部,7,7,6,160,110,165,118,167,101,821,174,112,-,-,-,-
6,臺中市,太平區,61315,私立華盛頓高中附設國中部,6,6,6,149,118,152,110,149,102,780,173,95,-,-,-,-
6,臺中市,潭子區,61317,私立弘文高中附設國中部,8,8,8,223,171,216,161,220,153,1144,210,150,-,-,-,-
6,臺中市,大里區,61318,私立立人高中附設國中部,6,6,6,112,86,154,104,110,123,689,133,80,-,-,-,-
6,臺中市,烏日區,61322,私立華德福大地實驗教育學校國中部,1,1,1,5,6,14,7,1,4,37,5,6,-,-,-,-
6,臺中市,梧棲區,63501,市立善水國中(小),1,1,1,-,-,-,-,1,-,1,-,-,4,8,1,2
6,臺中市,后里區,64308,市立后綜高中附設國中部,11,11,11,133,149,133,133,161,128,837,136,153,-,-,-,-
6,臺中市,大里區,64324,市立大里高中附設國中部,6,7,6,58,69,95,71,63,85,441,103,98,-,-,-,-
6,臺中市,新社區,64328,市立新社高中附設國中部,6,6,6,87,68,75,88,96,83,497,103,86,-,-,-,-
6,臺中市,太平區,64336,市立長億高中附設國中部,11,11,12,162,155,165,156,163,159,960,163,182,-,-,-,-
6,臺中市,梧棲區,64342,市立中港高中附設國中部,11,11,11,167,185,182,177,192,182,1085,160,186,-,-,-,-
6,臺中市,龍井區,64350,市立龍津高中附設國中部,8,8,8,96,100,114,106,98,110,624,83,88,-,-,-,-
6,臺中市,神岡區,64406,市立神岡高工附設國中部,9,9,9,131,114,127,99,125,120,716,117,108,-,-,-,-
6,臺中市,豐原區,64501,市立豐原國中,13,12,14,174,161,150,159,182,159,985,191,151,35,63,5,7
6,臺中市,豐原區,64502,市立豐東國中,22,22,21,308,314,306,324,324,277,1853,308,305,44,116,2,11
6,臺中市,豐原區,64503,市立豐南國中,18,17,17,228,246,225,234,239,210,1382,208,239,41,87,2,9
6,臺中市,潭子區,64504,市立潭子國中,7,10,10,85,97,107,126,98,106,619,106,95,15,51,3,5
6,臺中市,大雅區,64505,市立大雅國中,14,15,15,175,183,184,206,182,184,1114,187,200,41,76,2,10
6,臺中市,后里區,64507,市立后里國中,7,7,8,84,85,85,86,125,89,554,101,93,20,35,1,8
6,臺中市,外埔區,64509,市立外埔國中,6,5,7,69,54,61,69,91,72,416,86,82,17,29,2,6
6,臺中市,大甲區,64510,市立大甲國中,17,17,17,230,212,230,200,253,187,1312,223,243,39,93,3,9
6,臺中市,大甲區,64511,市立日南國中,8,9,10,114,88,125,114,134,134,709,140,104,18,48,2,6
6,臺中市,大安區,64512,市立大安國中,3,3,3,22,23,21,20,26,26,138,25,29,10,17,1,5
6,臺中市,清水區,64513,市立清水國中,19,21,20,272,265,293,268,297,273,1668,280,293,46,109,2,11
6,臺中市,清水區,64514,市立清泉國中,5,5,7,58,55,56,50,83,46,348,70,59,19,29,3,4
6,臺中市,沙鹿區,64515,市立沙鹿國中,19,19,19,238,239,263,243,258,215,1456,266,246,44,92,-,11
6,臺中市,梧棲區,64516,市立梧棲國中,8,8,9,69,91,103,109,94,103,569,136,91,25,37,2,6
6,臺中市,龍井區,64517,市立龍井國中,6,6,6,81,68,78,76,81,76,460,71,63,17,32,1,7
6,臺中市,龍井區,64518,市立四箴國中,7,8,8,93,80,113,85,112,102,585,126,111,12,50,2,6
6,臺中市,大肚區,64519,市立大道國中,11,11,13,132,130,127,136,130,146,801,149,144,27,66,2,6
6,臺中市,烏日區,64520,市立烏日國中,4,5,4,48,43,54,49,50,47,291,52,54,10,23,-,7
6,臺中市,烏日區,64521,市立溪南國中,5,4,4,47,38,41,34,35,34,229,28,39,13,19,2,4
6,臺中市,霧峰區,64522,市立霧峰國中,4,6,6,37,52,49,48,65,48,299,63,59,15,25,1,7
6,臺中市,霧峰區,64523,市立光復國中(小),10,10,10,148,125,142,123,152,110,800,165,135,30,46,4,5
6,臺中市,太平區,64525,市立太平國中,10,10,11,135,128,144,142,145,118,812,159,158,24,57,2,7
6,臺中市,太平區,64526,市立中平國中,9,8,11,123,79,94,90,103,112,601,101,102,24,51,3,6
6,臺中市,石岡區,64527,市立石岡國中,5,5,6,60,40,54,38,54,50,296,52,41,18,26,2,6
6,臺中市,東勢區,64529,市立東勢國中,12,13,13,150,158,169,166,167,143,953,192,164,35,60,3,8
6,臺中市,東勢區,64530,市立東華國中,3,3,3,17,17,27,13,20,22,116,20,19,12,17,3,2
6,臺中市,東勢區,64531,市立東新國中,4,3,4,25,15,27,13,25,24,129,25,25,10,23,3,3
6,臺中市,大里區,64532,市立成功國中,18,19,19,243,220,274,252,247,233,1469,254,227,36,104,3,10
6,臺中市,和平區,64533,市立和平國中,2,2,2,5,11,9,8,4,11,48,8,8,8,11,3,1
6,臺中市,沙鹿區,64534,市立北勢國中,7,7,6,103,72,101,82,91,71,520,78,60,20,32,1,6
6,臺中市,沙鹿區,64535,市立鹿寮國中,12,11,11,194,174,166,173,181,162,1050,133,147,20,61,2,7
6,臺中市,大里區,64537,市立光榮國中,16,18,16,218,216,229,265,230,232,1390,295,269,46,88,1,12
6,臺中市,潭子區,64538,市立潭秀國中,13,12,12,169,167,191,169,172,153,1021,201,158,25,66,3,8
6,臺中市,大甲區,64539,市立順天國中,13,11,12,162,136,120,127,166,144,855,162,152,30,65,2,8
6,臺中市,清水區,64540,市立清海國中,2,2,2,12,10,12,9,12,11,66,14,16,12,5,-,5
6,臺中市,大雅區,64541,市立大華國中,17,18,19,243,237,246,258,279,229,1492,241,257,31,100,2,10
6,臺中市,太平區,64543,市立新光國中,17,17,15,222,243,238,227,213,212,1355,215,234,30,89,3,10
6,臺中市,大里區,64544,市立光正國中,9,8,7,106,107,111,112,98,96,630,111,111,20,40,3,5
6,臺中市,豐原區,64545,市立豐陽國中,8,8,9,100,97,101,99,84,95,576,110,95,26,40,1,7
6,臺中市,烏日區,64546,市立光德國中,14,13,15,193,174,188,165,196,210,1126,205,217,37,69,3,9
6,臺中市,大里區,64547,市立立新國中,6,7,6,82,70,71,56,66,61,406,82,63,22,34,2,6
6,臺中市,大里區,64548,市立爽文國中,16,16,16,252,242,237,243,232,217,1423,215,208,33,84,1,11
6,臺中市,沙鹿區,64549,市立公明國中,3,3,3,27,20,24,38,37,41,187,37,33,13,10,3,2
6,臺中市,神岡區,64551,市立神圳國中,6,7,7,80,75,86,89,93,75,498,96,90,16,36,2,6
6,臺中市,和平區,64552,市立梨山國中(小),2,2,2,8,13,9,7,15,11,63,5,21,7,11,2,4
7,彰化縣,彰化市,71311,私立精誠高中附設國中部,13,13,13,371,308,363,253,405,246,1946,335,295,-,-,-,-
7,彰化縣,田中鎮,71317,私立文興高中附設國中部,7,7,7,167,124,176,150,189,133,939,156,101,-,-,-,-
7,彰化縣,彰化市,71318,私立正德高中附設國中部,1,1,1,2,-,1,3,3,3,12,4,-,-,-,-,-
7,彰化縣,彰化市,74308,縣立彰化藝術高中附設國中部,6,6,6,52,45,47,41,47,61,293,72,51,-,-,-,-
7,彰化縣,二林鎮,74313,縣立二林高中附設國中部,11,10,12,138,121,123,122,156,170,830,190,171,-,-,-,-
7,彰化縣,和美鎮,74323,縣立和美高中附設國中部,13,13,13,198,158,200,166,187,173,1082,203,210,-,-,-,-
7,彰化縣,田中鎮,74328,縣立田中高中附設國中部,9,10,14,131,121,146,130,147,154,829,166,144,-,-,-,-
7,彰化縣,溪湖鎮,74339,縣立成功高中附設國中部,8,7,9,97,103,108,89,116,114,627,129,120,-,-,-,-
7,彰化縣,北斗鎮,74501,縣立北斗國中,8,7,9,130,100,113,99,133,116,691,144,143,24,46,3,5
7,彰化縣,福興鄉,74502,縣立鹿港國中,18,18,20,277,224,256,234,283,272,1546,290,282,39,93,4,9
7,彰化縣,鹿港鎮,74503,縣立鹿鳴國中,9,9,10,105,118,130,115,144,121,733,137,120,29,45,3,4
7,彰化縣,線西鄉,74504,縣立線西國中,5,5,5,83,52,66,60,59,67,387,75,61,19,22,1,6
7,彰化縣,彰化市,74505,縣立陽明國中,14,14,15,188,175,226,175,242,201,1207,173,220,39,74,4,9
7,彰化縣,彰化市,74506,縣立彰安國中,8,10,10,99,102,120,124,124,123,692,109,131,19,56,2,7
7,彰化縣,彰化市,74507,縣立彰德國中,6,6,8,96,63,75,92,83,101,510,105,94,11,40,4,4
7,彰化縣,芬園鄉,74509,縣立芬園國中,3,4,4,49,24,45,62,44,48,272,46,58,11,18,2,5
7,彰化縣,員林市,74510,縣立員林國中,16,14,15,222,189,215,183,225,169,1203,234,235,33,74,-,13
7,彰化縣,員林市,74511,縣立明倫國中,7,8,8,87,111,106,116,109,124,653,140,104,20,45,4,5
7,彰化縣,二林鎮,74512,縣立萬興國中,2,2,2,16,22,22,11,19,15,105,20,21,6,17,2,3
7,彰化縣,竹塘鄉,74514,縣立竹塘國中,7,7,7,97,95,91,96,98,99,576,87,105,24,32,2,5
7,彰化縣,大城鄉,74515,縣立大城國中,3,3,4,39,39,43,31,63,41,256,57,63,11,21,3,4
7,彰化縣,芳苑鄉,74516,縣立草湖國中,3,3,4,37,25,49,26,51,53,241,54,38,12,20,1,6
7,彰化縣,芳苑鄉,74517,縣立芳苑國中,2,3,3,33,23,40,24,32,30,182,37,33,10,16,3,2
7,彰化縣,溪湖鎮,74518,縣立溪湖國中,16,15,17,238,226,219,211,245,220,1359,242,220,50,62,2,11
7,彰化縣,埔鹽鄉,74519,縣立埔鹽國中,5,6,5,51,49,80,58,65,67,370,77,75,20,28,1,6
7,彰化縣,埔心鄉,74520,縣立埔心國中,5,4,5,63,48,48,64,62,55,340,60,49,13,28,2,6
7,彰化縣,福興鄉,74521,縣立福興國中,9,11,11,118,116,177,123,162,134,830,176,170,38,47,3,8
7,彰化縣,秀水鄉,74522,縣立秀水國中,13,13,14,191,163,201,180,219,185,1139,242,186,31,79,3,10
7,彰化縣,伸港鄉,74524,縣立伸港國中,10,10,12,153,131,151,124,194,142,895,163,141,35,44,3,7
7,彰化縣,大村鄉,74525,縣立大村國中,5,6,7,65,64,70,76,94,77,446,71,82,16,30,2,5
7,彰化縣,花壇鄉,74526,縣立花壇國中,8,8,9,99,107,114,85,99,97,601,114,112,23,40,2,5
7,彰化縣,永靖鄉,74527,縣立永靖國中,11,10,13,171,118,164,131,193,155,932,194,163,36,44,2,8
7,彰化縣,二水鄉,74529,縣立二水國中,2,2,3,23,15,35,14,43,21,151,39,23,10,14,3,3
7,彰化縣,社頭鄉,74530,縣立社頭國中,9,7,9,125,103,108,80,121,118,655,135,129,21,51,1,8
7,彰化縣,田尾鄉,74531,縣立田尾國中,6,7,8,73,62,98,77,114,79,503,123,107,14,41,2,6
7,彰化縣,溪州鄉,74532,縣立溪州國中,4,4,3,56,36,59,54,51,38,294,66,60,15,17,3,5
7,彰化縣,溪州鄉,74533,縣立溪陽國中,3,3,3,34,29,40,37,38,36,214,44,42,10,18,2,5
7,彰化縣,埤頭鄉,74534,縣立埤頭國中,7,7,8,93,79,105,96,112,104,589,127,106,23,39,2,7
7,彰化縣,和美鎮,74535,縣立和群國中,10,9,10,122,131,145,121,151,122,792,139,131,24,47,1,8
7,彰化縣,員林市,74536,縣立大同國中,23,24,23,302,334,341,322,312,355,1966,320,347,58,105,5,12
7,彰化縣,二林鎮,74537,縣立原斗國中(小),1,1,1,10,11,10,18,14,12,75,15,14,5,9,1,3
7,彰化縣,彰化市,74538,縣立彰興國中,18,18,18,264,275,297,233,283,271,1623,263,266,42,89,2,11
7,彰化縣,彰化市,74540,縣立彰泰國中,21,20,18,297,287,314,245,320,270,1733,318,315,35,105,3,11
7,彰化縣,彰化市,74541,縣立信義國中(小),4,4,4,45,64,55,38,54,46,302,39,37,12,20,3,7
7,彰化縣,鹿港鎮,74542,縣立鹿江國際國中(小),3,3,-,42,37,33,45,-,-,157,-,-,6,12,-,3
7,彰化縣,芳苑鄉,74543,縣立民權華德福實驗國中(小),1,1,-,2,5,1,5,-,-,13,-,-,2,6,1,-
7,彰化縣,田中鎮,,勵志中學附設國中部,-,-,2,-,-,-,-,4,1,5,2,2,-,-,-,-
8,南投縣,魚池鄉,81312,私立三育高中附設國中部,1,1,1,16,13,17,12,15,8,81,9,12,-,-,-,-
8,南投縣,名間鄉,81313,私立弘明實驗高中國中部,2,2,2,24,17,17,18,17,18,111,21,19,-,-,-,-
8,南投縣,埔里鎮,81314,私立普台中學國中部,6,6,6,117,76,117,67,112,96,585,84,84,-,-,-,-
8,南投縣,埔里鎮,81502,私立均頭國中(小),3,3,3,60,23,55,25,62,20,245,49,27,15,12,7,10
8,南投縣,草屯鎮,84309,縣立旭光高中附設國中部,12,12,12,131,157,162,148,160,163,921,167,163,-,-,-,-
8,南投縣,南投市,84501,縣立南投國中,8,10,10,101,95,132,136,130,112,706,125,118,28,46,2,8
8,南投縣,南投市,84502,縣立南崗國中,12,9,10,144,143,124,110,133,121,775,154,152,37,49,1,9
8,南投縣,南投市,84503,縣立中興國中,18,18,19,277,220,273,226,273,278,1547,285,263,45,99,4,11
8,南投縣,南投市,84504,縣立鳳鳴國中,1,1,1,6,-,8,8,6,8,36,17,6,5,7,1,3
8,南投縣,埔里鎮,84505,縣立埔里國中,12,11,13,144,151,141,125,149,161,871,151,198,36,71,3,11
8,南投縣,埔里鎮,84506,縣立大成國中,6,6,6,71,71,61,64,78,70,415,81,67,26,33,2,6
8,南投縣,埔里鎮,84507,縣立宏仁國中,11,13,12,149,157,195,163,176,160,1000,134,156,35,59,1,9
8,南投縣,草屯鎮,84508,縣立草屯國中,12,13,14,153,143,174,183,170,180,1003,165,160,26,74,3,10
8,南投縣,草屯鎮,84510,縣立日新國中,3,3,3,35,25,29,41,31,35,196,45,37,9,13,-,5
8,南投縣,竹山鎮,84511,縣立竹山國中,6,7,6,74,86,85,76,86,83,490,92,91,24,30,1,7
8,南投縣,竹山鎮,84512,縣立延和國中,8,9,10,108,103,99,123,132,115,680,125,116,28,41,4,5
8,南投縣,竹山鎮,84513,縣立社寮國中,1,1,1,9,4,5,7,8,6,39,6,9,3,9,-,4
8,南投縣,竹山鎮,84514,縣立瑞竹國中,1,1,1,3,4,6,7,5,4,29,9,3,4,8,1,3
8,南投縣,集集鎮,84515,縣立集集國中,2,2,2,14,12,14,17,24,19,100,27,25,5,17,2,3
8,南投縣,名間鄉,84516,縣立名間國中,4,5,5,47,42,56,48,64,50,307,51,70,13,24,-,7
8,南投縣,名間鄉,84517,縣立三光國中,4,4,5,54,25,43,36,73,33,264,52,40,12,26,1,5
8,南投縣,鹿谷鄉,84518,縣立鹿谷國中,1,2,2,14,13,23,12,18,19,99,17,21,11,9,2,2
8,南投縣,鹿谷鄉,84519,縣立瑞峰國中,1,1,1,1,4,2,2,2,2,13,4,3,4,8,-,3
8,南投縣,中寮鄉,84520,縣立中寮國中,1,2,1,11,13,15,18,13,12,82,23,23,4,10,1,4
8,南投縣,中寮鄉,84521,縣立爽文國中,2,2,2,18,23,16,16,20,10,103,23,10,10,9,-,4
8,南投縣,魚池鄉,84522,縣立魚池國中,2,2,2,21,13,14,15,21,27,111,18,18,6,16,2,2
8,南投縣,魚池鄉,84523,縣立明潭國中,1,1,1,6,6,2,3,-,2,19,2,4,5,7,1,2
8,南投縣,國姓鄉,84524,縣立國姓國中,2,2,3,22,28,25,29,39,32,175,35,40,11,15,1,4
8,南投縣,國姓鄉,84525,縣立北梅國中,1,1,1,5,6,10,11,9,11,52,3,7,5,8,-,4
8,南投縣,國姓鄉,84526,縣立北山國中,1,1,1,5,7,11,13,13,8,57,8,10,6,7,2,2
8,南投縣,水里鄉,84527,縣立水里國中,5,5,5,57,49,63,50,64,68,351,80,71,12,27,2,5
8,南投縣,水里鄉,84528,縣立民和國中,1,1,2,13,9,11,16,15,16,80,13,19,8,9,1,2
8,南投縣,信義鄉,84529,縣立信義國中,1,1,2,11,10,10,12,13,14,70,11,11,5,12,3,2
8,南投縣,信義鄉,84530,縣立同富國中,1,2,2,14,10,19,24,20,15,102,21,27,7,9,2,3
8,南投縣,仁愛鄉,84531,縣立仁愛國中,2,2,3,23,18,13,19,27,25,125,19,29,9,12,2,3
8,南投縣,南投市,84532,縣立營北國中,6,4,5,70,67,52,39,66,49,343,70,56,15,25,2,5
9,雲林縣,土庫鎮,91307,私立永年高中附設國中部,3,3,3,56,30,65,28,57,33,269,66,41,-,-,-,-
9,雲林縣,斗六市,91308,私立正心高中附設國中部,11,12,13,239,188,274,203,267,199,1370,294,217,-,-,-,-
9,雲林縣,四湖鄉,91311,私立文生高中附設國中部,2,2,2,55,38,53,37,47,42,272,51,40,-,-,-,-
9,雲林縣,虎尾鎮,91316,私立揚子高中附設國中部,6,5,5,161,73,150,74,146,76,680,132,79,-,-,-,-
9,雲林縣,古坑鄉,91319,私立福智高中附設國中部,3,3,3,50,63,42,47,43,63,308,73,62,-,-,-,-
9,雲林縣,斗六市,91320,私立維多利亞高中附設國中部,2,3,2,38,34,46,37,33,31,219,34,35,-,-,-,-
9,雲林縣,林內鄉,91502,私立淵明國中(代用),10,10,10,180,111,172,108,166,99,836,153,91,24,42,3,6
9,雲林縣,西螺鎮,91503,私立東南國中(代用),18,17,18,36,476,23,455,22,496,1508,22,439,43,63,1,9
9,雲林縣,古坑鄉,91506,私立福智實驗國中,1,1,1,26,-,12,-,14,-,52,-,-,2,4,1,5
9,雲林縣,斗南鎮,94301,縣立斗南高中附設國中部,7,8,8,102,91,127,103,104,99,626,122,117,-,-,-,-
9,雲林縣,麥寮鄉,94307,縣立麥寮高中附設國中部,10,9,9,145,109,137,142,147,131,811,160,168,-,-,-,-
9,雲林縣,古坑鄉,94308,縣立古坑華德福實驗高中附設國中部,2,2,2,18,9,18,8,22,17,92,12,13,-,-,-,-
9,雲林縣,水林鄉,94326,縣立蔦松高中附設國中部,4,4,4,40,50,31,53,36,44,254,37,45,-,-,-,-
9,雲林縣,斗南鎮,94502,縣立東明國中,6,5,6,66,67,60,48,67,63,371,61,86,15,27,1,7
9,雲林縣,大埤鄉,94503,縣立大埤國中,3,4,3,38,40,35,41,49,45,248,44,30,11,18,1,5
9,雲林縣,四湖鄉,94504,縣立飛沙國中,2,2,2,14,19,13,20,28,25,119,27,26,5,14,3,1
9,雲林縣,四湖鄉,94505,縣立四湖國中,1,2,1,13,12,20,17,16,13,91,18,25,5,10,1,3
9,雲林縣,水林鄉,94506,縣立水林國中,2,3,3,24,23,30,30,40,41,188,34,34,10,15,1,4
9,雲林縣,二崙鄉,94508,縣立二崙國中,6,6,6,84,54,109,55,107,55,464,96,61,18,36,4,4
9,雲林縣,褒忠鄉,94509,縣立褒忠國中,2,2,2,20,14,22,18,24,31,129,29,17,8,10,1,3
9,雲林縣,莿桐鄉,94510,縣立莿桐國中,4,4,4,38,29,52,51,69,46,285,81,47,13,20,2,5
9,雲林縣,崙背鄉,94511,縣立崙背國中,6,6,8,90,73,100,71,114,71,519,103,79,19,33,1,8
9,雲林縣,古坑鄉,94512,縣立古坑國中(小),3,3,4,36,21,33,21,31,28,170,43,37,8,19,1,7
9,雲林縣,東勢鄉,94513,縣立東勢國中,2,3,3,28,24,40,32,36,32,192,40,32,8,15,1,4
9,雲林縣,元長鄉,94514,縣立元長國中,3,3,3,33,41,41,34,43,41,233,43,31,10,16,1,3
9,雲林縣,斗六市,94515,縣立斗六國中,21,18,19,320,303,279,264,294,275,1735,258,241,42,111,2,12
9,雲林縣,斗六市,94516,縣立雲林國中,8,9,9,94,89,115,93,125,108,624,130,123,22,48,1,9
9,雲林縣,虎尾鎮,94517,縣立虎尾國中,4,3,3,43,39,53,39,44,23,241,48,52,14,19,1,5
9,雲林縣,虎尾鎮,94518,縣立崇德國中,13,12,13,163,149,182,154,185,154,987,175,173,41,59,1,13
9,雲林縣,西螺鎮,94519,縣立西螺國中,5,5,6,111,6,128,5,141,10,401,156,7,23,23,1,8
9,雲林縣,北港鎮,94520,縣立北港國中,5,5,5,63,53,73,51,64,59,363,75,76,15,23,3,5
9,雲林縣,北港鎮,94521,縣立建國國中,11,11,13,163,133,153,159,202,166,976,193,190,29,60,6,7
9,雲林縣,口湖鄉,94522,縣立宜梧國中,2,2,1,19,13,20,12,12,8,84,12,14,6,9,-,3
9,雲林縣,口湖鄉,94523,縣立口湖國中,2,3,4,28,22,45,31,37,28,191,43,39,13,13,2,2
9,雲林縣,臺西鄉,94524,縣立臺西國中,3,4,4,39,40,60,39,57,36,271,72,50,16,18,3,4
9,雲林縣,土庫鎮,94525,縣立土庫國中,8,8,8,103,98,116,93,117,107,634,133,110,23,39,3,7
9,雲林縣,古坑鄉,94527,縣立東和國中,4,3,4,31,44,50,37,42,54,258,46,55,12,18,-,7
9,雲林縣,土庫鎮,94528,縣立馬光國中,4,4,4,68,37,40,33,68,37,283,49,32,7,27,2,5
9,雲林縣,斗六市,94529,縣立石榴國中,3,3,3,29,31,38,24,42,38,202,38,37,14,12,-,5
9,雲林縣,林內鄉,94530,縣立林內國中,3,2,2,38,22,22,29,27,30,168,22,26,11,9,1,2
9,雲林縣,虎尾鎮,94543,縣立東仁國中,5,5,5,81,75,83,72,78,78,467,74,79,13,28,1,6
9,雲林縣,古坑鄉,94544,縣立樟湖生態國中(小),2,2,2,25,11,15,12,17,11,91,16,9,5,11,3,1
10,嘉義縣,大林鎮,101303,私立同濟高中附設國中部,1,1,1,18,7,22,7,21,7,82,17,15,-,-,-,-
10,嘉義縣,民雄鄉,101304,私立協同高中附設國中部,10,9,10,233,189,208,176,216,207,1229,196,159,-,-,-,-
10,嘉義縣,竹崎鄉,104319,縣立竹崎高中附設國中部,6,7,7,69,76,94,80,73,74,466,102,95,-,-,-,-
10,嘉義縣,太保市,104326,縣立永慶高中附設國中部,6,6,6,88,72,88,78,91,78,495,90,82,-,-,-,-
10,嘉義縣,朴子市,104501,縣立朴子國中,8,8,9,24,181,25,177,18,218,643,-,224,22,43,3,5
10,嘉義縣,朴子市,104502,縣立東石國中,8,8,9,166,16,205,12,208,13,620,235,13,18,51,1,9
10,嘉義縣,布袋鎮,104503,縣立布袋國中,2,2,3,18,14,19,22,26,28,127,22,27,11,12,2,-
10,嘉義縣,東石鄉,104504,縣立過溝國中,2,2,4,32,17,18,22,30,34,153,45,27,11,13,-,4
10,嘉義縣,大林鎮,104505,縣立大林國中,7,7,9,79,78,97,85,94,96,529,111,92,22,43,-,5
10,嘉義縣,新港鄉,104506,縣立新港國中,11,11,14,160,145,161,151,195,169,981,235,188,28,67,2,9
10,嘉義縣,民雄鄉,104507,縣立民雄國中,12,14,17,138,160,172,156,220,194,1040,177,190,42,71,2,9
10,嘉義縣,民雄鄉,104508,縣立大吉國中,4,4,5,52,38,50,36,52,61,289,59,43,11,28,-,5
10,嘉義縣,六腳鄉,104509,縣立六嘉國中,3,3,4,38,25,30,26,39,39,197,32,34,11,20,2,3
10,嘉義縣,太保市,104511,縣立太保國中,4,4,4,46,32,37,55,41,48,259,71,50,11,26,1,6
10,嘉義縣,太保市,104512,縣立嘉新國中,5,5,4,60,69,72,61,55,62,379,57,66,16,19,1,4
10,嘉義縣,溪口鄉,104513,縣立溪口國中,2,2,2,28,20,12,23,31,20,134,17,17,7,14,-,4
10,嘉義縣,鹿草鄉,104514,縣立鹿草國中,3,3,3,27,30,33,36,40,32,198,50,42,10,16,1,4
10,嘉義縣,東石鄉,104515,縣立東榮國中,1,2,2,20,7,23,16,25,19,110,30,27,6,11,1,3
10,嘉義縣,水上鄉,104516,縣立水上國中,6,6,8,72,63,83,61,90,88,457,84,89,16,38,3,4
10,嘉義縣,水上鄉,104517,縣立忠和國中,4,5,5,51,42,57,47,59,50,306,61,54,14,28,3,4
10,嘉義縣,中埔鄉,104518,縣立中埔國中,5,6,6,50,61,57,51,67,60,346,63,74,14,28,1,6
10,嘉義縣,竹崎鄉,104520,縣立昇平國中,2,2,2,19,19,23,27,27,28,143,25,30,6,13,-,4
10,嘉義縣,義竹鄉,104521,縣立義竹國中,5,4,6,40,49,52,48,65,56,310,74,72,18,23,1,5
10,嘉義縣,番路鄉,104522,縣立民和國中,4,4,4,26,21,36,15,34,18,150,36,26,14,23,2,4
10,嘉義縣,梅山鄉,104523,縣立梅山國中,4,4,5,45,44,47,41,56,41,274,57,36,13,24,2,2
10,嘉義縣,大埔鄉,104524,縣立大埔國中(小),1,1,1,4,5,5,3,4,5,26,6,5,4,10,1,3
10,嘉義縣,阿里山鄉,104526,縣立阿里山國中(小),1,1,1,2,4,10,6,9,3,34,10,8,4,9,2,2
10,嘉義縣,阿里山鄉,104527,縣立豐山實驗國中(小),1,1,1,4,1,1,-,2,5,13,3,-,4,9,-,2
11,臺南市,新市區,110328,國立南科高級實驗中學附設國中部,9,9,8,134,111,133,109,117,103,707,102,108,-,-,-,-
11,臺南市,新營區,111313,私立南光高中附設國中,7,7,6,165,142,154,156,172,131,920,163,130,-,-,-,-
11,臺南市,柳營區,111318,私立鳳和高中附設國中,-,-,-,-,-,-,-,-,-,0,5,7,-,-,-,-
11,臺南市,西港區,111320,私立港明高中附設國中,12,10,10,315,245,271,201,265,180,1477,273,167,-,-,-,-
11,臺南市,新營區,111321,私立興國高中附設國中,5,5,6,126,95,117,78,147,83,646,126,113,-,-,-,-
11,臺南市,鹽水區,111322,私立明達高中附設國中,2,2,2,34,34,40,31,38,20,197,40,27,-,-,-,-
11,臺南市,麻豆區,111323,方濟會學校財團法人臺南市黎明高中附設國中部,8,8,7,171,145,186,161,165,163,991,228,188,-,-,-,-
11,臺南市,七股區,111502,私立昭明國中(代用),9,9,9,163,152,162,151,154,154,936,152,155,27,31,5,4
11,臺南市,永康區,114306,市立大灣高中附設國中,18,17,16,267,228,280,195,262,179,1411,227,228,-,-,-,-
11,臺南市,永康區,114307,市立永仁高中附設國中部,8,9,9,78,79,78,80,89,96,500,85,109,-,-,-,-
11,臺南市,仁德區,114501,市立仁德國中,8,7,8,101,84,109,79,132,86,591,112,86,17,46,3,5
11,臺南市,仁德區,114502,市立仁德文賢國中,3,2,3,37,26,27,26,37,24,177,24,33,8,16,-,5
11,臺南市,歸仁區,114503,市立歸仁國中,15,16,15,225,203,220,208,226,191,1273,266,222,38,79,3,10
11,臺南市,關廟區,114504,市立關廟國中,6,6,7,74,82,73,81,77,85,472,97,92,12,34,1,7
11,臺南市,永康區,114505,市立永康國中,19,17,18,257,249,227,249,256,218,1456,244,273,39,100,2,11
11,臺南市,龍崎區,114508,市立龍崎國中,1,1,1,9,5,6,8,4,4,36,8,5,5,5,-,4
11,臺南市,新化區,114509,市立新化國中,10,10,12,125,98,131,122,132,126,734,140,111,22,59,2,7
11,臺南市,善化區,114510,市立善化國中,8,8,9,105,102,102,97,107,124,637,107,90,14,50,3,6
11,臺南市,玉井區,114511,市立玉井國中,4,3,4,48,29,40,34,44,52,247,46,47,9,20,1,5
11,臺南市,山上區,114512,市立山上國中,1,1,1,10,7,8,6,14,9,54,16,14,6,3,-,4
11,臺南市,安定區,114513,市立安定國中,5,5,6,76,53,71,60,80,62,402,75,74,16,25,2,5
11,臺南市,楠西區,114514,市立楠西國中,2,2,2,18,17,23,22,23,17,120,28,32,12,7,-,4
11,臺南市,新市區,114515,市立新市國中,9,8,8,107,103,104,112,106,114,646,106,102,19,47,1,8
11,臺南市,南化區,114516,市立南化國中,1,1,1,14,6,12,9,14,13,68,15,9,5,6,1,2
11,臺南市,左鎮區,114517,市立左鎮國中,1,1,1,15,7,13,9,10,13,67,12,15,5,6,1,2
11,臺南市,麻豆區,114518,市立麻豆國中,8,11,10,90,95,111,139,125,121,681,118,121,25,56,2,7
11,臺南市,下營區,114519,市立下營國中,3,4,5,39,27,59,47,65,44,281,67,40,10,21,1,5
11,臺南市,六甲區,114520,市立六甲國中,5,6,8,73,49,76,66,69,68,401,97,85,15,34,1,7
11,臺南市,官田區,114521,市立官田國中,2,2,3,20,23,22,19,33,26,143,31,19,5,13,3,3
11,臺南市,大內區,114522,市立大內國中,2,2,2,20,17,18,20,25,22,122,31,19,10,8,2,5
11,臺南市,佳里區,114523,市立佳里國中,12,15,15,175,143,191,213,182,178,1082,194,167,38,72,2,10
11,臺南市,佳里區,114524,市立佳興國中,1,2,2,16,9,19,12,17,21,94,13,17,6,10,1,3
11,臺南市,學甲區,114525,市立學甲國中,4,4,5,41,37,44,26,46,47,241,47,56,11,26,1,6
11,臺南市,西港區,114526,市立西港國中,3,3,4,35,30,40,29,43,50,227,43,39,7,21,1,5
11,臺南市,將軍區,114527,市立將軍國中,2,1,2,19,14,13,13,20,16,95,23,19,8,11,-,5
11,臺南市,七股區,114528,市立後港國中,1,1,1,5,1,3,2,3,1,15,3,5,3,6,1,3
11,臺南市,七股區,114529,市立竹橋國中,1,1,2,9,11,13,12,19,13,77,17,23,5,9,1,3
11,臺南市,北門區,114530,市立北門國中,1,1,2,8,10,17,12,16,22,85,20,15,8,6,1,4
11,臺南市,新營區,114531,市立南新國中,10,10,11,87,128,127,111,124,134,711,137,160,25,62,2,8
11,臺南市,新營區,114532,市立太子國中,3,3,3,27,17,38,17,29,15,143,28,19,9,16,1,5
11,臺南市,新營區,114533,市立新東國中,14,14,14,200,192,193,209,196,199,1189,207,165,25,78,1,11
11,臺南市,鹽水區,114534,市立鹽水國中,3,3,3,32,36,35,34,26,54,217,52,45,8,14,-,6
11,臺南市,白河區,114535,市立白河國中,4,5,6,46,44,59,47,63,71,330,76,63,15,28,1,6
11,臺南市,柳營區,114536,市立柳營國中,1,1,1,7,7,11,9,9,15,58,14,6,5,5,-,4
11,臺南市,東山區,114537,市立東山國中,2,3,3,14,14,18,23,20,18,107,26,23,11,11,1,4
11,臺南市,東山區,114538,市立東原國中,2,3,3,18,14,23,16,29,18,118,33,26,8,16,2,4
11,臺南市,後壁區,114539,市立後壁國中,3,3,3,19,25,29,23,29,25,150,35,35,9,16,1,5
11,臺南市,後壁區,114540,市立菁寮國中,1,1,1,7,5,9,9,13,5,48,4,10,5,6,1,3
11,臺南市,永康區,114543,市立大橋國中,17,16,16,237,224,238,223,237,217,1376,211,226,38,78,5,8
11,臺南市,歸仁區,114544,市立沙崙國中,4,4,4,75,41,63,52,53,36,320,58,50,11,21,2,3
12,高雄市,大樹區,121307,私立普門高中附設國中部,4,5,5,93,58,91,46,104,69,461,98,85,-,-,-,-
12,高雄市,鳳山區,121318,私立正義高中附設國中部,3,3,3,55,39,44,42,51,32,263,47,22,-,-,-,-
12,高雄市,大樹區,121320,私立義大國際高中附設國中部,3,3,3,26,33,24,38,40,32,193,26,33,-,-,-,-
12,高雄市,大寮區,121502,私立光禾華德福實驗學校(國中),1,1,1,1,10,4,2,6,7,30,-,-,1,5,-,-
12,高雄市,杉林區,123501,市立巴楠花部落國中(小),1,1,-,4,2,4,3,-,-,13,-,-,5,5,-,2
12,高雄市,鳥松區,124302,市立文山高中附設國中部,8,9,8,111,124,123,104,105,110,677,112,104,-,-,-,-
12,高雄市,林園區,124311,市立林園高中附設國中部,15,17,17,227,196,219,226,247,232,1347,229,244,-,-,-,-
12,高雄市,仁武區,124313,市立仁武高中附設國中部,9,8,8,124,97,115,104,114,107,661,116,109,-,-,-,-
12,高雄市,路竹區,124322,市立路竹高中附設國中部,11,12,13,181,143,173,158,194,164,1013,199,176,-,-,-,-
12,高雄市,六龜區,124333,市立六龜高中附設國中部,2,2,4,18,16,25,22,29,39,149,27,25,-,-,-,-
12,高雄市,鳳山區,124340,市立福誠高中附設國中部,13,13,14,236,194,200,186,251,179,1246,213,188,-,-,-,-
12,高雄市,鳳山區,124501,市立鳳山國中,21,21,22,306,275,329,283,321,322,1836,286,340,44,112,4,11
12,高雄市,鳳山區,124503,市立鳳西國中,18,17,17,259,243,255,193,242,222,1414,249,201,38,94,3,13
12,高雄市,鳳山區,124504,市立五甲國中,11,12,12,131,143,148,147,162,157,888,180,166,29,62,4,8
12,高雄市,鳳山區,124505,市立鳳甲國中,17,17,17,250,239,262,216,241,235,1443,234,225,39,88,5,9
12,高雄市,鳳山區,124506,市立忠孝國中,4,4,4,42,22,42,21,44,32,203,56,38,12,23,3,5
12,高雄市,大寮區,124507,市立大寮國中,10,11,12,140,132,146,156,157,132,863,148,157,28,55,3,9
12,高雄市,大寮區,124508,市立潮寮國中,2,2,2,23,25,23,24,25,18,138,25,27,12,13,3,3
12,高雄市,大樹區,124509,市立大樹國中,7,7,8,78,99,94,80,89,113,553,104,86,18,40,2,7
12,高雄市,大樹區,124510,市立溪埔國中,3,3,3,40,37,33,35,30,30,205,46,27,8,22,1,4
12,高雄市,鳥松區,124512,市立鳥松國中,3,2,2,25,34,21,25,29,30,164,30,23,10,11,4,3
12,高雄市,大社區,124514,市立大社國中,6,6,7,74,79,91,70,85,87,486,86,81,13,37,1,7
12,高雄市,岡山區,124515,市立岡山國中,17,17,18,208,249,243,216,275,248,1439,288,244,44,85,3,12
12,高雄市,岡山區,124516,市立前峰國中,11,10,11,151,134,140,143,173,122,863,137,122,37,45,-,10
12,高雄市,永安區,124517,市立永安國中,2,2,3,22,21,25,20,34,42,164,28,40,5,22,1,5
12,高雄市,橋頭區,124518,市立橋頭國中,9,9,10,114,113,137,108,142,123,737,131,116,21,54,2,7
12,高雄市,梓官區,124519,市立梓官國中,7,7,7,87,77,92,75,102,90,523,100,95,15,45,2,7
12,高雄市,燕巢區,124520,市立燕巢國中,5,6,5,70,56,60,62,72,66,386,69,53,10,31,1,6
12,高雄市,阿蓮區,124521,市立阿蓮國中,8,8,11,114,95,112,105,134,111,671,113,105,24,47,3,6
12,高雄市,湖內區,124523,市立湖內國中,4,4,5,60,49,50,59,66,69,353,79,50,9,28,-,8
12,高雄市,茄萣區,124524,市立茄萣國中,6,6,8,69,74,74,67,86,69,439,81,68,20,35,3,7
12,高雄市,田寮區,124525,市立田寮國中,1,1,1,13,11,9,6,10,12,61,15,12,6,7,1,2
12,高雄市,彌陀區,124526,市立彌陀國中,5,5,5,53,62,58,67,55,47,342,78,75,10,33,5,3
12,高雄市,旗山區,124527,市立旗山國中,9,11,10,119,118,134,131,138,137,777,151,133,30,53,3,7
12,高雄市,旗山區,124528,市立圓富國中,2,2,2,17,15,19,9,22,21,103,16,32,9,13,1,4
12,高雄市,旗山區,124529,市立大洲國中,1,1,1,6,9,13,8,10,11,57,14,13,5,8,1,2
12,高雄市,美濃區,124530,市立美濃國中,4,5,5,52,28,53,53,68,42,296,55,43,17,20,3,5
12,高雄市,美濃區,124531,市立南隆國中,3,4,4,36,42,45,47,51,55,276,69,61,13,20,1,7
12,高雄市,美濃區,124532,市立龍肚國中,2,2,2,8,24,13,15,19,17,96,19,21,6,14,3,3
12,高雄市,六龜區,124534,市立寶來國中,1,1,1,4,9,6,8,12,12,51,8,15,5,11,2,2
12,高雄市,杉林區,124535,市立杉林國中,2,2,2,15,15,17,18,23,21,109,30,34,12,12,1,4
12,高雄市,內門區,124536,市立內門國中,2,2,2,24,17,21,23,21,24,130,28,26,13,10,2,4
12,高雄市,甲仙區,124537,市立甲仙國中,1,1,2,8,6,7,8,9,13,51,14,14,5,10,2,3
12,高雄市,林園區,124538,市立中芸國中,3,3,3,44,26,27,38,36,38,209,42,38,14,16,2,4
12,高雄市,大寮區,124539,市立中庄國中,9,8,9,130,98,111,86,117,114,656,120,106,20,47,3,6
12,高雄市,梓官區,124541,市立蚵寮國中,2,3,2,29,23,34,25,23,29,163,36,29,12,9,3,3
12,高雄市,那瑪夏區,124542,市立那瑪夏國中,2,2,2,14,13,14,16,11,13,81,15,20,7,15,1,4
12,高雄市,鳳山區,124543,市立青年國中,15,15,16,255,170,240,193,221,234,1313,261,224,31,85,1,14
12,高雄市,路竹區,124544,市立一甲國中,5,5,6,52,43,50,52,59,65,321,52,54,18,26,2,6
12,高雄市,仁武區,124545,市立大灣國中,12,12,12,158,146,161,162,159,164,950,170,160,24,66,2,8
12,高雄市,岡山區,124546,市立嘉興國中,3,3,3,34,26,27,31,30,32,180,36,35,11,17,3,3
12,高雄市,茂林區,124547,市立茂林國中,1,1,1,6,4,2,5,6,2,25,7,7,4,5,-,4
12,高雄市,桃源區,124548,市立桃源國中,2,2,2,6,10,9,13,11,7,56,8,18,12,7,1,3
12,高雄市,鳳山區,124549,市立中崙國中,2,2,2,21,19,31,23,24,25,143,33,24,8,11,1,5
12,高雄市,鳳山區,124550,市立鳳翔國中,7,7,7,121,123,125,119,130,109,727,135,109,20,34,1,6
13,屏東縣,長治鄉,131302,私立崇華高中附設國中,1,1,2,13,12,16,13,18,13,85,13,15,-,-,-,-
13,屏東縣,屏東市,131308,私立陸興高中附設國中部,2,2,2,34,29,41,20,42,40,206,44,35,-,-,-,-
13,屏東縣,內埔鄉,131311,私立美和高中附設國中部,6,5,5,134,113,115,86,127,78,653,101,101,-,-,-,-
13,屏東縣,崁頂鄉,131501,私立南榮國中(代用),11,11,11,211,221,189,203,221,198,1243,213,214,28,41,3,5
13,屏東縣,屏東市,134304,縣立大同高中附設國中部,9,9,11,110,125,117,123,118,163,756,123,155,-,-,-,-
13,屏東縣,枋寮鄉,134321,縣立枋寮高中附設國中部,7,9,7,91,94,106,97,93,112,593,110,102,-,-,-,-
13,屏東縣,東港鎮,134324,縣立東港高中附設國中部,14,17,20,206,204,205,251,266,236,1368,260,246,-,-,-,-
13,屏東縣,來義鄉,134334,縣立來義中學附設國中部,3,3,3,32,18,41,25,35,31,182,29,22,-,-,-,-
13,屏東縣,屏東市,134501,縣立明正國中,21,24,22,323,292,323,348,300,313,1899,365,337,57,98,4,10
13,屏東縣,屏東市,134502,縣立中正國中,18,18,20,244,250,245,239,274,265,1517,274,266,44,95,1,11
13,屏東縣,屏東市,134503,縣立公正國中,5,4,4,48,48,57,40,63,37,293,53,48,12,25,-,6
13,屏東縣,屏東市,134505,縣立鶴聲國中,7,8,7,114,72,112,96,116,68,578,122,97,21,36,1,8
13,屏東縣,屏東市,134506,縣立至正國中,6,8,7,86,67,125,100,93,95,566,116,94,20,35,1,6
13,屏東縣,長治鄉,134507,縣立長治國中,4,5,4,42,39,49,26,47,34,237,41,34,13,19,-,5
13,屏東縣,麟洛鄉,134508,縣立麟洛國中,2,3,4,23,10,36,20,55,27,171,39,26,7,18,2,3
13,屏東縣,九如鄉,134509,縣立九如國中,6,6,6,86,69,81,60,77,72,445,87,91,23,23,3,4
13,屏東縣,里港鄉,134510,縣立里港國中,7,7,9,91,83,98,86,107,107,572,113,108,20,40,2,6
13,屏東縣,鹽埔鄉,134511,縣立鹽埔國中,5,5,5,64,59,51,50,67,56,347,72,84,17,24,2,5
13,屏東縣,高樹鄉,134512,縣立高樹國中,3,4,5,46,39,47,53,49,61,295,60,64,12,23,2,4
13,屏東縣,高樹鄉,134513,縣立高泰國中,3,3,3,34,23,40,26,36,26,185,34,35,13,12,-,4
13,屏東縣,內埔鄉,134514,縣立內埔國中,5,6,7,78,69,74,67,88,80,456,118,112,19,30,1,8
13,屏東縣,內埔鄉,134515,縣立崇文國中,4,4,5,41,58,46,61,61,52,319,72,64,16,20,1,5
13,屏東縣,竹田鄉,134516,縣立竹田國中,2,2,3,28,22,23,30,39,31,173,20,11,5,14,1,3
13,屏東縣,潮州鎮,134517,縣立潮州國中,10,9,10,139,137,132,128,134,124,794,141,133,28,46,1,6
13,屏東縣,潮州鎮,134518,縣立光春國中,4,5,4,50,28,48,40,64,34,264,49,52,16,26,2,4
13,屏東縣,萬巒鄉,134519,縣立萬巒國中,5,5,7,63,52,69,54,74,66,378,75,65,17,26,4,3
13,屏東縣,新埤鄉,134520,縣立新埤國中,1,1,1,3,5,3,6,10,-,27,13,5,5,6,-,3
13,屏東縣,萬丹鄉,134522,縣立萬丹國中,8,8,9,101,83,134,108,136,101,663,140,119,20,43,2,7
13,屏東縣,新園鄉,134523,縣立新園國中,5,6,7,66,61,75,84,79,81,446,92,79,19,31,2,5
13,屏東縣,林邊鄉,134525,縣立林邊國中,5,6,6,78,68,66,79,86,68,445,69,88,20,24,2,5
13,屏東縣,南州鄉,134526,縣立南州國中,2,2,3,18,19,24,25,30,25,141,28,29,10,14,-,4
13,屏東縣,佳冬鄉,134527,縣立佳冬國中,2,3,2,28,14,32,35,23,24,156,31,33,11,14,-,5
13,屏東縣,琉球鄉,134528,縣立琉球國中,3,3,3,35,34,34,30,39,31,203,30,54,15,13,1,4
13,屏東縣,車城鄉,134530,縣立車城國中,3,4,4,37,43,53,46,48,48,275,50,56,18,16,2,3
13,屏東縣,恆春鎮,134531,縣立恆春國中,8,10,10,127,105,120,119,163,122,756,155,164,33,48,1,7
13,屏東縣,滿州鄉,134532,縣立滿州國中,2,1,2,16,16,10,12,13,23,90,21,24,8,9,2,1
13,屏東縣,瑪家鄉,134533,縣立瑪家國中,3,3,3,36,15,34,26,28,21,160,30,31,8,13,1,3
13,屏東縣,泰武鄉,134535,縣立泰武國中,2,2,2,20,13,25,18,24,19,119,16,18,11,6,-,3
13,屏東縣,牡丹鄉,134536,縣立牡丹國中,1,1,1,10,10,12,10,15,9,66,11,14,8,4,1,3
13,屏東縣,枋山鄉,134537,縣立獅子國中,1,1,1,4,8,12,11,17,8,60,18,9,5,7,1,2
13,屏東縣,東港鎮,134538,縣立東新國中,4,5,5,47,34,71,55,68,45,320,59,64,13,24,-,9
13,屏東縣,萬丹鄉,134542,縣立萬新國中,6,6,6,71,62,74,57,78,57,399,75,57,20,24,1,6
13,屏東縣,高樹鄉,134543,縣立大路關國中(小),1,1,1,5,3,4,7,6,4,29,-,-,2,7,1,2
14,臺東縣,臺東市,140301,國立臺東大學附屬體育高級中學,4,4,4,61,23,44,19,43,21,211,47,20,-,-,-,-
14,臺東縣,臺東市,141301,私立均一高中附設國中部,2,2,2,25,23,19,26,27,23,143,26,28,-,-,-,-
14,臺東縣,臺東市,141307,私立育仁高中附設國中部,1,1,1,13,11,5,12,12,9,62,11,12,-,-,-,-
14,臺東縣,蘭嶼鄉,144322,縣立蘭嶼高中附設國中部,2,2,2,16,15,10,21,13,15,90,19,10,-,-,-,-
14,臺東縣,臺東市,144501,縣立新生國中,19,18,19,272,235,252,252,254,250,1515,249,244,50,97,1,11
14,臺東縣,臺東市,144502,縣立東海國中,9,10,11,104,119,127,126,143,139,758,140,122,23,54,5,8
14,臺東縣,臺東市,144503,縣立寶桑國中,5,5,6,49,46,61,54,74,62,346,59,60,18,27,3,6
14,臺東縣,臺東市,144504,縣立卑南國中,5,4,4,37,44,59,39,48,47,274,55,27,10,31,3,5
14,臺東縣,臺東市,144505,縣立豐田國中,3,3,3,34,14,33,23,36,25,165,48,17,11,18,1,6
14,臺東縣,臺東市,144506,縣立知本國中,2,3,4,21,19,28,25,41,35,169,30,32,10,21,2,5
14,臺東縣,卑南鄉,144507,縣立初鹿國中,2,2,2,20,14,14,14,18,12,92,22,14,13,10,-,3
14,臺東縣,鹿野鄉,144508,縣立鹿野國中,1,2,2,7,11,11,23,15,18,85,12,14,9,8,2,3
14,臺東縣,鹿野鄉,144509,縣立瑞源國中,1,1,1,8,4,6,6,6,6,36,5,5,7,5,-,3
14,臺東縣,關山鎮,144510,縣立關山國中,4,5,4,52,51,56,57,51,56,323,59,61,16,21,4,5
14,臺東縣,池上鄉,144511,縣立池上國中,3,3,3,24,37,28,30,37,19,175,36,26,11,14,-,5
14,臺東縣,太麻里鄉,144512,縣立大王國中,3,4,3,37,27,37,23,46,30,200,35,34,13,13,1,3
14,臺東縣,太麻里鄉,144513,縣立賓茂國中,2,2,2,19,10,18,9,28,11,95,22,12,11,10,3,1
14,臺東縣,大武鄉,144514,縣立大武國中,3,3,4,36,31,31,28,39,39,204,29,38,14,14,3,5
14,臺東縣,東河鄉,144515,縣立都蘭國中,2,1,2,16,14,16,13,13,22,94,17,20,6,14,1,3
14,臺東縣,東河鄉,144516,縣立泰源國中,2,2,2,26,4,14,13,21,10,88,22,9,9,14,4,1
14,臺東縣,成功鎮,144517,縣立新港國中,3,3,4,28,49,31,53,44,37,242,48,54,12,20,3,5
14,臺東縣,長濱鄉,144518,縣立長濱國中,2,2,2,14,18,19,17,19,17,104,23,20,10,12,1,2
14,臺東縣,延平鄉,144519,縣立桃源國中,1,1,1,10,4,9,2,12,3,40,10,8,5,6,1,1
14,臺東縣,海端鄉,144520,縣立海端國中,1,1,1,4,3,8,10,5,8,38,9,2,6,8,2,1
14,臺東縣,綠島鄉,144521,縣立綠島國中,2,1,1,10,5,9,9,5,5,43,5,5,8,8,3,1
15,花蓮縣,新城鄉,151306,私立海星高中附設國中部,3,2,2,30,34,39,29,33,46,211,39,42,-,-,-,-
15,花蓮縣,花蓮市,151312,私立慈大附中附設國中部,7,7,7,130,115,119,116,105,76,661,90,103,-,-,-,-
15,花蓮縣,鳳林鎮,154399,縣立南平中學附設國中部,-,-,-,-,-,-,-,-,-,0,-,-,-,-,-,-
15,花蓮縣,玉里鎮,154501,縣立玉里國中,6,7,9,77,88,84,86,83,91,509,86,97,24,30,3,6
15,花蓮縣,玉里鎮,154502,縣立玉東國中,1,2,2,16,9,16,19,13,14,87,19,16,11,6,1,4
15,花蓮縣,玉里鎮,154503,縣立三民國中,2,2,2,33,9,28,5,20,17,112,34,12,6,12,2,3
15,花蓮縣,花蓮市,154504,縣立美崙國中,6,5,6,74,50,83,55,91,59,412,83,68,14,30,4,5
15,花蓮縣,花蓮市,154505,縣立花崗國中,15,15,16,184,212,203,195,194,201,1189,208,199,36,74,3,12
15,花蓮縣,花蓮市,154506,縣立國風國中,18,19,19,257,257,265,254,264,247,1544,237,268,42,99,2,14
15,花蓮縣,新城鄉,154507,縣立秀林國中,3,4,3,38,34,29,38,38,33,210,33,40,14,15,2,4
15,花蓮縣,新城鄉,154508,縣立新城國中,4,3,4,45,38,45,37,38,40,243,45,57,10,18,2,6
15,花蓮縣,吉安鄉,154509,縣立吉安國中,3,3,4,32,36,39,35,54,45,241,49,47,10,19,4,4
15,花蓮縣,吉安鄉,154510,縣立宜昌國中,9,8,9,123,109,122,91,116,112,673,136,122,24,52,6,3
15,花蓮縣,壽豐鄉,154511,縣立壽豐國中,2,2,3,26,21,19,30,40,29,165,33,43,10,9,3,2
15,花蓮縣,壽豐鄉,154512,縣立平和國中,1,1,2,11,8,21,7,16,6,69,17,15,6,12,1,3
15,花蓮縣,光復鄉,154513,縣立光復國中,3,3,4,38,34,29,35,40,38,214,29,36,14,19,3,6
15,花蓮縣,光復鄉,154514,縣立富源國中,1,1,2,6,5,9,7,9,12,48,9,5,6,8,-,3
15,花蓮縣,鳳林鎮,154515,縣立鳳林國中,3,3,5,40,41,46,35,46,46,254,49,38,14,16,1,7
15,花蓮縣,鳳林鎮,154516,縣立萬榮國中,1,1,1,5,7,8,3,7,8,38,3,6,5,8,2,1
15,花蓮縣,富里鄉,154517,縣立富里國中,2,2,3,18,12,15,17,18,25,105,20,17,11,11,1,4
15,花蓮縣,富里鄉,154518,縣立富北國中,1,1,2,14,8,13,9,17,11,72,18,21,8,8,2,2
15,花蓮縣,豐濱鄉,154519,縣立豐濱國中,1,1,2,7,6,8,8,14,6,49,7,6,6,9,2,2
15,花蓮縣,瑞穗鄉,154520,縣立瑞穗國中,4,4,5,39,27,43,32,48,33,222,45,29,15,20,6,3
15,花蓮縣,富里鄉,154521,縣立東里國中,1,1,1,2,3,7,5,6,7,30,5,1,5,7,-,3
15,花蓮縣,花蓮市,154522,縣立自強國中,7,8,8,95,76,101,89,131,92,584,126,96,22,36,2,7
15,花蓮縣,吉安鄉,154523,縣立化仁國中,5,5,5,69,40,55,40,60,42,306,68,44,17,23,1,7
16,澎湖縣,馬公市,164501,縣立馬公國中,13,13,15,144,166,151,147,176,163,947,190,200,44,64,3,9
16,澎湖縣,馬公市,164502,縣立中正國中,2,3,3,35,18,24,24,28,17,146,26,23,17,10,-,6
16,澎湖縣,馬公市,164503,縣立澎南國中,1,1,1,5,9,10,9,10,13,56,7,11,8,4,1,3
16,澎湖縣,湖西鄉,164504,縣立湖西國中,2,2,2,23,20,17,21,25,20,126,30,23,5,15,2,4
16,澎湖縣,湖西鄉,164505,縣立志清國中,1,1,1,1,2,2,2,3,2,12,4,4,3,5,-,1
16,澎湖縣,白沙鄉,164506,縣立鎮海國中,1,1,1,8,2,1,2,4,6,23,4,3,4,8,1,-
16,澎湖縣,白沙鄉,164507,縣立白沙國中,1,1,1,5,4,10,4,5,6,34,9,9,6,7,-,1
16,澎湖縣,白沙鄉,164508,縣立吉貝國中,1,1,1,6,3,4,1,1,4,19,5,6,5,3,-,1
16,澎湖縣,西嶼鄉,164509,縣立西嶼國中,1,2,2,14,10,14,19,19,14,90,23,19,10,7,2,3
16,澎湖縣,望安鄉,164510,縣立望安國中,1,1,1,3,-,3,1,3,3,13,5,3,3,8,1,-
16,澎湖縣,望安鄉,164511,縣立將澳國中,1,1,1,1,1,2,-,6,2,12,3,2,3,5,-,1
16,澎湖縣,七美鄉,164512,縣立七美國中,1,1,1,7,9,6,11,7,7,47,8,12,5,8,2,2
16,澎湖縣,馬公市,164513,縣立文光國中,5,6,5,55,48,89,54,70,46,362,54,66,21,27,3,5
16,澎湖縣,白沙鄉,164514,縣立鳥嶼國中,1,1,1,-,1,3,3,2,6,15,2,7,5,5,1,1
17,基隆市,安樂區,171306,私立二信高中附設國中部,10,10,11,240,234,264,201,280,200,1419,298,237,-,-,-,-
17,基隆市,中山區,171308,私立聖心高中附設國中部,1,1,1,13,20,19,15,18,11,96,17,14,-,-,-,-
17,基隆市,中山區,173304,市立中山高中附設國中部,6,6,7,59,58,73,81,76,102,449,75,71,-,-,-,-
17,基隆市,安樂區,173306,市立安樂高中附設國中部,6,6,7,77,65,68,75,67,82,434,59,84,-,-,-,-
17,基隆市,暖暖區,173307,市立暖暖高中附設國中部,4,4,3,46,26,44,32,42,23,213,25,50,-,-,-,-
17,基隆市,中正區,173314,市立八斗高中附設國中部,4,5,4,40,47,60,37,47,47,278,62,52,-,-,-,-
17,基隆市,七堵區,173501,市立明德國中,8,9,7,90,79,84,91,104,93,541,90,98,16,53,5,5
17,基隆市,仁愛區,173502,市立銘傳國中,14,15,16,230,175,241,193,221,212,1272,214,197,38,82,5,7
17,基隆市,信義區,173503,市立信義國中,5,5,4,41,40,57,45,44,37,264,46,40,6,34,3,6
17,基隆市,中正區,173505,市立中正國中,9,7,8,106,102,81,86,91,87,553,95,98,21,47,5,6
17,基隆市,仁愛區,173508,市立南榮國中,3,3,3,22,13,31,18,21,21,126,15,23,10,17,3,4
17,基隆市,信義區,173509,市立成功國中,4,5,4,34,41,48,41,38,51,253,37,45,14,25,1,8
17,基隆市,中正區,173510,市立正濱國中,3,3,2,35,20,30,24,28,10,147,26,33,5,20,2,6
17,基隆市,安樂區,173512,市立建德國中,11,12,11,133,125,156,139,130,145,828,148,150,26,62,5,6
17,基隆市,七堵區,173513,市立百福國中,7,6,7,72,89,83,67,71,95,477,78,75,20,33,3,8
17,基隆市,暖暖區,173515,市立碇內國中,5,5,5,62,71,63,58,75,71,400,75,83,8,33,-,9
17,基隆市,安樂區,173516,市立武崙國中,8,8,8,106,84,115,104,102,107,618,116,91,19,48,1,8
18,新竹市,東區,180301,國立科學工業園區高中附設國中部,7,7,7,120,95,116,105,117,82,635,96,106,-,-,-,-
18,新竹市,東區,181305,私立光復高中附設國中部,3,3,3,56,29,60,43,54,29,271,58,44,-,-,-,-
18,新竹市,東區,181306,私立曙光女中附設國中部,8,8,8,148,208,157,199,157,213,1082,148,178,-,-,-,-
18,新竹市,北區,181307,私立磐石高中附設國中部,4,3,4,85,67,64,48,72,48,384,54,49,-,-,-,-
18,新竹市,東區,181502,私立新竹市康橋國中(小),3,3,3,51,49,48,54,39,33,274,20,16,5,20,2,6
18,新竹市,北區,183306,市立成德高中附設國中部,4,5,5,71,33,57,37,74,32,304,82,51,-,-,-,-
18,新竹市,香山區,183307,市立香山高中附設國中部,9,7,7,116,95,99,84,98,109,601,109,95,-,-,-,-
18,新竹市,東區,183313,市立建功高中附設國中部,16,13,10,233,227,184,174,137,146,1101,142,121,-,-,-,-
18,新竹市,東區,183501,市立建華國中,8,9,8,99,93,102,104,73,98,569,89,93,13,55,-,9
18,新竹市,東區,183502,市立培英國中,27,25,30,449,345,379,354,478,398,2403,390,380,43,151,1,14
18,新竹市,北區,183503,市立光華國中,21,20,19,310,263,277,250,290,252,1642,259,257,36,115,-,16
18,新竹市,東區,183504,市立育賢國中,12,13,11,135,165,124,155,137,127,843,140,139,24,81,2,8
18,新竹市,東區,183505,市立光武國中,15,14,14,244,159,215,179,214,191,1202,223,186,33,85,2,9
18,新竹市,北區,183508,市立南華國中,5,4,3,59,41,49,44,49,36,278,57,46,5,26,2,5
18,新竹市,香山區,183509,市立富禮國中,3,3,2,17,20,24,19,20,18,118,19,30,5,19,1,6
18,新竹市,東區,183510,市立三民國中,26,24,21,398,334,357,329,318,272,2008,319,317,38,127,3,13
18,新竹市,香山區,183511,市立內湖國中,3,3,2,27,27,31,22,27,26,160,47,35,7,15,1,7
18,新竹市,香山區,183512,市立虎林國中,5,5,5,60,48,58,47,53,60,326,68,71,12,30,1,8
18,新竹市,東區,183514,市立新科國中,6,5,5,76,57,66,58,73,61,391,72,72,9,33,1,6
18,新竹市,北區,183515,市立竹光國中,12,12,12,188,169,159,174,175,170,1035,164,150,23,69,1,8
18,新竹市,香山區,183516,市立華德福實驗國中(小),1,1,-,4,9,6,5,-,-,24,-,-,2,5,-,-
19,臺中市,西屯區,191301,私立東大附屬實驗高中附設國中部,6,7,7,140,135,164,139,144,133,855,164,126,-,-,-,-
19,臺中市,北屯區,191302,私立葳格高中附設國中部,4,4,3,60,76,50,50,38,36,310,39,36,-,-,-,-
19,臺中市,北區,191305,私立新民高中附設國中部,6,6,6,119,111,114,110,106,102,662,121,88,-,-,-,-
19,臺中市,南區,191309,私立明德高中附設國中部,5,5,4,107,85,94,83,75,66,510,67,68,-,-,-,-
19,臺中市,北屯區,191311,私立衛道高中附設國中部,17,17,17,592,233,600,225,612,210,2472,565,240,-,-,-,-
19,臺中市,北區,191313,私立曉明女中附設國中部,10,10,10,-,495,-,495,-,494,1484,-,487,-,-,-,-
19,臺中市,南屯區,191314,私立嶺東高中附設國中部,4,4,4,77,62,67,54,79,68,407,95,61,-,-,-,-
19,臺中市,北屯區,191315,私立磊川華德福實驗教育學校國中部,1,1,1,13,10,15,9,10,7,64,12,8,-,-,-,-
19,臺中市,西屯區,191503,私立麗?國中(小),2,1,1,26,11,13,10,12,9,81,7,4,7,5,2,5
19,臺中市,西區,193303,市立忠明高中附設國中部,11,11,11,156,153,179,151,165,130,934,154,132,-,-,-,-
19,臺中市,西屯區,193313,市立西苑高中附設國中部,17,17,17,263,215,235,221,233,213,1380,258,212,-,-,-,-
19,臺中市,北屯區,193315,市立東山高中附設國中部,21,22,22,326,359,325,340,332,315,1997,339,324,-,-,-,-
19,臺中市,南屯區,193316,市立惠文高中附設國中部,10,10,10,162,168,157,156,165,144,952,175,172,-,-,-,-
19,臺中市,西區,193501,市立居仁國中,23,22,22,338,328,325,321,352,304,1968,369,314,48,130,5,11
19,臺中市,北區,193502,市立雙十國中,9,12,11,101,130,134,153,115,135,768,139,138,20,64,4,5
19,臺中市,南區,193504,市立崇倫國中,12,12,12,138,103,146,129,158,144,818,178,171,23,64,3,5
19,臺中市,北屯區,193505,市立大德國中,4,4,5,40,33,45,41,58,42,259,64,45,9,25,1,7
19,臺中市,北屯區,193506,市立北新國中,20,18,20,271,252,263,217,268,255,1526,256,232,43,99,3,10
19,臺中市,東區,193507,市立東峰國中,5,5,5,63,43,64,39,40,40,289,36,44,19,27,3,4
19,臺中市,南屯區,193508,市立黎明國中,12,11,13,163,145,163,122,184,140,917,171,125,32,67,-,12
19,臺中市,西區,193509,市立光明國中,17,16,17,212,231,207,228,206,247,1331,240,236,35,100,4,9
19,臺中市,西區,193510,市立向上國中,14,13,12,230,189,197,179,200,169,1164,183,154,23,85,3,10
19,臺中市,東區,193511,市立育英國中,10,8,10,120,78,110,99,111,108,626,121,98,18,56,2,7
19,臺中市,南區,193512,市立四育國中,7,7,7,85,64,67,73,92,69,450,72,56,16,35,2,7
19,臺中市,北區,193514,市立五權國中,14,13,13,187,208,190,162,151,145,1043,154,174,26,76,1,12
19,臺中市,西屯區,193516,市立中山國中,5,6,6,66,37,58,39,65,54,319,100,44,14,34,2,6
19,臺中市,北屯區,193517,市立崇德國中,17,17,17,222,225,233,233,253,207,1373,231,221,34,87,3,9
19,臺中市,北區,193518,市立立人國中,7,8,9,106,84,97,109,147,115,658,128,134,19,43,2,6
19,臺中市,西屯區,193519,市立漢口國中,10,9,11,141,114,118,124,165,129,791,136,120,22,60,2,6
19,臺中市,西屯區,193520,市立安和國中,10,10,10,124,127,121,109,110,137,728,104,114,27,51,2,5
19,臺中市,西屯區,193521,市立至善國中,9,9,9,133,97,126,121,127,99,703,90,140,17,53,1,7
19,臺中市,南屯區,193522,市立萬和國中,9,9,9,122,101,123,111,115,107,679,141,147,18,49,2,7
19,臺中市,南屯區,193523,市立大業國中,16,16,16,282,295,290,255,253,217,1592,251,244,38,82,-,13
19,臺中市,北屯區,193524,市立三光國中,6,6,6,76,63,66,65,82,73,425,83,82,10,36,-,8
19,臺中市,北屯區,193525,市立四張犁國中,8,6,7,118,105,95,86,103,98,605,82,106,17,37,3,4
19,臺中市,西屯區,193526,市立福科國中,16,15,15,279,267,297,269,259,264,1635,227,243,31,90,4,8
19,臺中市,南屯區,193527,市立大墩國中,10,10,9,144,129,131,108,119,109,740,133,113,24,44,2,6
20,嘉義市,東區,201304,私立興華高中附設國中部,4,5,5,93,61,121,76,92,67,510,106,69,-,-,-,-
20,嘉義市,東區,201310,私立嘉華高中附設國中部,6,4,3,129,111,93,81,72,57,543,107,57,-,-,-,-
20,嘉義市,東區,201312,私立輔仁高中附設國中部,5,5,6,122,78,133,75,157,97,662,193,98,-,-,-,-
20,嘉義市,東區,201313,私立宏仁女中附設國中部,2,2,2,12,40,17,46,12,45,172,11,46,-,-,-,-
20,嘉義市,東區,203501,市立大業國中,4,4,5,49,48,49,52,61,70,329,86,62,16,22,4,8
20,嘉義市,西區,203502,市立北興國中,20,19,19,295,205,291,217,278,242,1528,302,231,51,109,2,13
20,嘉義市,東區,203503,市立嘉義國中,12,11,12,30,271,18,255,25,295,894,24,293,27,66,1,13
20,嘉義市,東區,203504,市立南興國中,10,8,8,145,108,100,113,111,116,693,130,115,22,48,4,8
20,嘉義市,西區,203505,市立民生國中,23,22,22,350,264,315,269,349,282,1829,313,292,54,115,2,13
20,嘉義市,西區,203506,市立玉山國中,8,7,8,111,106,109,98,91,124,639,124,91,16,45,1,11
20,嘉義市,西區,203507,市立蘭潭國中,7,7,6,149,20,161,16,133,20,499,163,16,20,42,1,9
20,嘉義市,西區,203508,市立北園國中,5,5,6,76,53,59,70,88,66,412,85,64,19,26,1,6
21,臺南市,東區,211301,私立長榮高中附設國中部,2,4,4,41,23,71,23,87,31,276,79,43,-,-,-,-
21,臺南市,北區,211304,私立聖功女中附設國中部,6,6,6,-,238,-,214,-,233,685,-,238,-,-,-,-
21,臺南市,東區,211310,臺南光華學校財團法人臺南市光華高中附設國中,1,1,1,8,14,13,12,7,10,64,10,8,-,-,-,-
21,臺南市,安南區,211315,私立瀛海高中附設國中部,8,7,8,219,139,200,113,197,137,1005,209,115,-,-,-,-
21,臺南市,北區,211317,私立崑山高中附設國中部,-,1,-,-,-,-,2,-,-,2,-,-,-,-,-,-
21,臺南市,龍崎區,211318,私立德光高中附設國中部,10,10,10,262,221,231,243,237,204,1398,218,224,-,-,-,-
21,臺南市,安平區,211320,慈濟學校財團法人臺南市私立慈濟高級中學附設國中部,6,6,7,94,80,86,94,85,82,521,96,77,-,-,-,-
21,臺南市,南區,213303,市立南寧高中附設國中部,5,5,6,69,46,67,61,64,64,371,88,69,-,-,-,-
21,臺南市,安南區,213316,市立土城高中附設國中部,2,3,4,36,14,29,41,64,38,222,36,45,-,-,-,-
21,臺南市,東區,213501,市立後甲國中,25,23,22,373,311,363,296,310,290,1943,352,305,36,117,2,12
21,臺南市,東區,213502,市立忠孝國中,10,11,12,133,129,160,141,196,116,875,166,145,25,60,-,9
21,臺南市,南區,213504,市立大成國中,10,10,11,137,122,137,128,116,137,777,123,125,22,54,3,6
21,臺南市,安平區,213505,市立金城國中,14,12,13,209,180,181,172,173,162,1077,176,170,25,73,2,10
21,臺南市,北區,213506,市立民德國中,20,20,21,301,275,297,284,316,284,1757,263,293,43,109,3,10
21,臺南市,北區,213507,市立成功國中,3,3,3,34,34,46,34,37,28,213,27,19,6,18,2,2
21,臺南市,北區,213508,市立延平國中,2,3,4,34,22,26,18,34,33,167,38,36,5,21,1,5
21,臺南市,中西區,213509,市立建興國中,19,21,19,297,245,349,252,321,221,1685,325,215,40,101,2,11
21,臺南市,中西區,213510,市立中山國中,15,13,13,190,219,142,183,155,194,1083,152,211,25,67,4,5
21,臺南市,安平區,213511,市立安平國中,11,11,12,161,133,147,149,159,153,902,127,140,24,54,-,9
21,臺南市,安南區,213512,市立安南國中,17,14,13,227,252,180,221,187,192,1259,213,156,29,75,1,9
21,臺南市,安南區,213513,市立安順國中,8,8,9,130,92,105,95,128,94,644,119,91,21,42,1,8
21,臺南市,東區,213514,市立復興國中,36,31,30,547,458,481,423,444,404,2757,427,410,55,153,-,16
21,臺南市,南區,213515,市立新興國中,5,6,7,66,51,62,56,85,74,394,105,90,18,33,-,8
21,臺南市,北區,213517,市立文賢國中,6,6,7,75,74,95,69,100,95,508,100,92,13,37,-,8
21,臺南市,東區,213518,市立崇明國中,19,19,19,266,248,281,245,263,234,1537,259,233,31,100,4,9
21,臺南市,安南區,213519,市立和順國中,9,9,10,116,119,114,119,141,116,725,109,112,18,56,3,6
21,臺南市,安南區,213520,市立海佃國中,11,11,12,160,146,145,174,183,155,963,176,136,20,54,2,7
30,臺北市,松山區,313301,市立西松高中附設國中部,2,2,2,33,19,31,27,35,25,170,34,36,-,-,-,-
30,臺北市,松山區,313302,市立中崙高中附設國中部,7,7,7,86,87,82,102,68,94,519,110,79,-,-,-,-
30,臺北市,松山區,313501,市立介壽國中,21,21,22,331,327,332,277,344,291,1902,331,296,41,126,3,19
30,臺北市,松山區,313502,市立民生國中,8,8,8,121,115,105,83,124,108,656,83,74,17,52,5,9
30,臺北市,松山區,313504,市立中山國中,8,8,8,123,103,108,104,115,112,665,114,115,18,49,4,10
30,臺北市,松山區,313505,市立敦化國中,23,24,24,399,354,355,328,328,300,2064,360,315,47,130,3,21
30,臺北市,信義區,323502,市立興雅國中,16,16,16,221,223,216,232,193,176,1261,197,215,40,85,4,16
30,臺北市,信義區,323503,市立永吉國中,5,6,6,62,64,71,53,81,79,410,84,78,16,45,-,14
30,臺北市,中正區,323504,市立?公國中,6,7,7,72,82,72,70,77,70,443,102,70,18,39,2,12
30,臺北市,信義區,323505,市立信義國中,10,10,10,136,95,127,97,135,119,709,109,83,23,63,3,12
30,臺北市,大安區,330301,國立師大附中,7,7,7,105,101,112,92,104,91,605,98,96,-,-,-,-
30,臺北市,大安區,331301,私立延平中學附設國中部,11,11,10,314,181,299,196,282,161,1433,241,152,-,-,-,-
30,臺北市,大安區,331304,私立復興高中(國中),8,8,8,190,170,168,172,172,151,1023,147,136,-,-,-,-
30,臺北市,大安區,331502,私立立人國中(小),2,1,1,18,18,16,10,10,7,79,11,8,4,7,2,6
30,臺北市,大安區,333301,市立和平高中附設國中部,6,6,6,103,80,87,90,85,67,512,82,64,-,-,-,-
30,臺北市,大安區,333501,市立仁愛國中,20,20,21,252,281,279,256,262,233,1563,266,233,40,118,4,19
30,臺北市,大安區,333502,市立大安國中,14,14,15,224,185,222,157,168,157,1113,215,144,32,79,4,16
30,臺北市,大安區,333504,市立芳和實驗國中,5,4,5,67,53,43,36,52,42,293,44,40,22,65,4,12
30,臺北市,大安區,333505,市立金華國中,26,26,27,432,366,427,363,363,372,2323,383,324,50,146,3,22
30,臺北市,大安區,333506,市立懷生國中,4,4,4,55,59,36,45,47,48,290,42,45,7,31,1,12
30,臺北市,大安區,333507,市立民族實驗國中,4,4,4,44,46,40,38,66,43,277,77,50,18,22,1,11
30,臺北市,大安區,333508,市立龍門國中,15,17,16,252,204,299,244,268,220,1487,258,219,26,100,2,18
30,臺北市,中山區,343302,市立大同高中附設國中部,7,7,7,101,94,99,117,104,100,615,102,106,-,-,-,-
30,臺北市,中山區,343303,市立大直高中附設國中部,9,9,9,128,120,130,121,130,125,754,143,117,-,-,-,-
30,臺北市,中山區,343502,市立長安國中,6,6,7,102,75,81,57,68,68,451,76,61,16,41,1,10
30,臺北市,中山區,343504,市立北安國中,6,6,6,64,74,65,68,56,71,398,51,86,11,42,1,12
30,臺北市,中山區,343505,市立新興國中,4,4,4,60,32,40,39,46,29,246,41,39,12,28,4,9
30,臺北市,中山區,343506,市立五常國中,5,5,4,40,57,52,44,43,57,293,41,52,11,34,3,10
30,臺北市,中山區,343507,市立濱江實驗國中,4,3,3,53,40,36,30,27,28,214,20,30,12,21,1,10
30,臺北市,中正區,353501,市立螢橋國中,5,6,5,80,87,86,74,81,67,475,84,56,18,33,1,12
30,臺北市,中正區,353502,市立古亭國中,6,6,6,79,76,60,75,62,67,419,68,69,15,41,2,12
30,臺北市,中正區,353503,市立南門國中,16,17,18,242,256,260,227,260,226,1471,223,205,29,103,-,18
30,臺北市,中正區,353504,市立弘道國中,14,14,15,220,199,205,186,209,158,1177,200,165,31,80,4,16
30,臺北市,中正區,353505,市立中正國中,22,23,23,402,350,400,365,407,375,2299,377,360,37,135,5,18
30,臺北市,大同區,361301,私立靜修高中附設國中部,4,4,4,42,85,31,63,19,72,312,29,68,-,-,-,-
30,臺北市,大同區,363302,市立成淵高中附設國中部,10,10,10,175,157,173,123,167,121,916,133,146,-,-,-,-
30,臺北市,大同區,363501,市立建成國中,7,7,7,92,86,91,91,79,88,527,80,87,21,38,1,12
30,臺北市,大同區,363502,市立忠孝國中,6,6,6,96,71,102,78,92,64,503,85,79,19,37,3,11
30,臺北市,大同區,363504,市立民權國中,9,8,9,115,116,124,114,113,117,699,116,116,25,48,1,14
30,臺北市,大同區,363506,市立蘭州國中,3,3,3,36,28,34,25,35,34,192,24,28,5,26,2,9
30,臺北市,大同區,363507,市立重慶國中,8,9,9,88,69,101,61,100,71,490,122,68,18,55,2,13
30,臺北市,萬華區,373302,市立大理高中附設國中部,4,4,5,55,24,58,48,65,37,287,62,46,-,-,-,-
30,臺北市,萬華區,373501,市立萬華國中,13,14,15,130,119,178,162,153,120,862,166,161,31,84,6,14
30,臺北市,萬華區,373503,市立雙園國中,4,4,5,32,45,20,45,18,48,208,35,46,13,29,1,12
30,臺北市,萬華區,373505,市立龍山國中,8,8,8,112,90,78,67,79,87,513,91,77,20,48,-,14
30,臺北市,文山區,380301,國立政大附中,5,5,5,60,91,77,71,67,74,440,81,69,-,-,-,-
30,臺北市,文山區,381301,私立東山中學附設國中部,14,13,13,400,267,355,219,334,184,1759,350,144,-,-,-,-
30,臺北市,文山區,381304,私立再興中學附設國中部,8,8,8,210,156,187,169,212,137,1071,193,148,-,-,-,-
30,臺北市,文山區,381305,私立景文高中附設國中部,4,5,4,70,48,87,52,73,60,390,91,48,-,-,-,-
30,臺北市,文山區,381306,私立靜心高中附設國中部,6,6,6,137,133,130,137,142,121,800,126,134,-,-,-,-
30,臺北市,文山區,383302,市立萬芳高中附設國中部,7,8,8,72,77,75,70,106,100,500,111,89,-,-,-,-
30,臺北市,文山區,383501,市立木柵國中,6,6,7,72,99,78,66,66,72,453,96,75,17,41,2,12
30,臺北市,文山區,383502,市立實踐國中,8,9,10,115,132,135,122,115,102,721,134,113,15,62,4,11
30,臺北市,文山區,383503,市立北政國中,4,4,4,55,43,60,55,56,34,303,51,63,9,29,2,11
30,臺北市,文山區,383504,市立景美國中,13,12,14,204,178,197,167,224,205,1175,229,190,40,66,1,18
30,臺北市,文山區,383505,市立興福國中,3,3,3,34,10,34,21,39,16,154,44,21,7,24,3,8
30,臺北市,文山區,383507,市立景興國中,14,14,15,245,179,228,203,223,223,1301,235,209,27,86,3,17
30,臺北市,南港區,393301,市立南港高中附設國中部,10,10,9,134,118,115,89,127,105,688,134,105,-,-,-,-
30,臺北市,南港區,393501,市立誠正國中,11,11,11,140,127,119,110,122,106,724,147,112,33,58,4,14
30,臺北市,南港區,393503,市立成德國中,4,5,6,53,57,58,44,62,38,312,69,50,16,32,1,11
30,臺北市,內湖區,400144,國立臺灣戲曲學院(國中),5,5,5,25,56,30,61,39,50,261,20,70,-,-,-,-
30,臺北市,內湖區,401302,私立方濟中學附設國中部,3,3,2,46,9,56,10,50,9,180,63,5,-,-,-,-
30,臺北市,內湖區,401303,私立達人女中附設國中部,5,5,5,-,184,-,173,-,187,544,-,215,-,-,-,-
30,臺北市,內湖區,403501,市立內湖國中,10,11,12,131,109,118,110,99,112,679,142,124,29,66,6,12
30,臺北市,內湖區,403502,市立麗山國中,20,21,21,337,296,331,314,318,254,1850,323,283,36,126,2,19
30,臺北市,內湖區,403503,市立三民國中,6,6,6,79,72,55,65,79,58,408,64,55,17,39,2,11
30,臺北市,內湖區,403504,市立西湖國中,4,4,4,46,22,43,23,40,24,198,49,28,12,25,4,9
30,臺北市,內湖區,403505,市立東湖國中,12,13,13,171,124,183,166,159,168,971,179,142,24,81,2,17
30,臺北市,內湖區,403506,市立明湖國中,19,20,20,328,285,297,305,299,267,1781,287,227,42,111,1,19
30,臺北市,士林區,411301,私立泰北高中附設國中部,1,1,1,14,11,12,10,13,9,69,15,5,-,-,-,-
30,臺北市,士林區,411302,私立衛理女中附設國中部,7,6,6,-,277,-,266,-,243,786,-,239,-,-,-,-
30,臺北市,士林區,411303,私立華興中學附設國中部,7,7,7,200,111,204,98,184,110,907,168,118,-,-,-,-
30,臺北市,士林區,413301,市立陽明高中,6,6,6,89,94,76,87,100,89,535,99,72,-,-,-,-
30,臺北市,士林區,413302,市立百齡高中,11,11,12,112,124,135,123,163,143,800,133,141,-,-,-,-
30,臺北市,士林區,413501,市立士林國中,8,9,10,106,92,113,99,124,101,635,123,106,23,53,-,15
30,臺北市,士林區,413502,市立蘭雅國中,15,14,16,203,180,165,179,189,180,1096,201,189,31,92,4,16
30,臺北市,士林區,413504,市立至善國中,3,3,3,30,13,32,14,26,15,130,31,18,12,19,1,10
30,臺北市,士林區,413505,市立格致國中,2,2,2,9,8,9,21,18,13,78,15,13,9,17,5,6
30,臺北市,士林區,413506,市立福安國中,4,3,3,28,24,23,23,31,15,144,33,32,17,17,5,6
30,臺北市,士林區,413508,市立天母國中,17,18,18,255,213,240,231,250,211,1400,239,229,40,107,4,17
30,臺北市,北投區,421301,私立薇閣高中附設國中部,13,13,13,325,303,309,276,328,257,1798,311,274,-,-,-,-
30,臺北市,北投區,421302,私立幼華高中附設國中部,4,3,-,73,53,42,53,-,-,221,-,-,-,-,-,-
30,臺北市,北投區,421303,私立奎山實驗高中附設國中部,2,2,2,19,19,28,27,27,26,146,30,31,-,-,-,-
30,臺北市,北投區,423501,市立北投國中,11,12,13,92,113,104,99,128,112,648,157,155,32,69,2,17
30,臺北市,北投區,423502,市立新民國中,4,4,4,35,32,47,38,51,24,227,54,32,14,23,1,12
30,臺北市,北投區,423503,市立明德國中,12,11,12,187,155,157,164,160,125,948,159,140,21,79,3,15
30,臺北市,北投區,423504,市立桃源國中,5,4,5,50,43,44,57,69,51,314,65,58,16,28,2,11
30,臺北市,北投區,423505,市立石牌國中,27,28,28,413,428,427,384,410,397,2459,422,367,54,152,5,21
30,臺北市,北投區,423506,市立關渡國中,3,3,3,27,34,47,32,42,45,227,56,31,16,15,1,10
50,高雄市,鹽埕區,513501,市立鹽埕國中,6,6,6,90,69,77,83,66,80,465,69,81,14,36,3,6
50,高雄市,鼓山區,521301,私立明誠高中附設國中部,3,4,3,53,48,68,63,65,51,348,80,61,-,-,-,-
50,高雄市,鼓山區,521303,私立大榮高中附設國中部,2,2,2,23,19,18,16,21,13,110,13,6,-,-,-,-
50,高雄市,鼓山區,523301,市立鼓山高中附設國中部,5,5,6,75,68,54,63,73,62,395,58,58,-,-,-,-
50,高雄市,鼓山區,523502,市立壽山國中,3,4,4,29,34,46,36,36,49,230,34,50,14,20,2,5
50,高雄市,鼓山區,523503,市立明華國中,18,18,18,317,290,328,262,288,294,1779,295,271,35,95,3,11
50,高雄市,鼓山區,523504,市立七賢國中,16,16,15,213,220,250,235,233,187,1338,223,190,34,84,1,12
50,高雄市,左營區,533501,市立左營國中,22,21,21,287,292,293,320,306,288,1786,309,295,42,116,3,13
50,高雄市,左營區,533502,市立大義國中,5,6,6,67,41,58,59,63,51,339,50,63,15,38,2,7
50,高雄市,左營區,533503,市立立德國中,4,4,4,29,32,31,34,50,40,216,43,36,12,20,2,5
50,高雄市,左營區,533504,市立龍華國中,20,21,22,298,270,300,276,325,299,1768,317,305,32,123,5,12
50,高雄市,左營區,533505,市立福山國中,22,23,24,353,280,339,324,345,335,1976,368,331,44,121,3,14
50,高雄市,左營區,533506,市立文府國中,9,8,8,131,117,113,109,118,100,688,96,109,22,40,-,9
50,高雄市,楠梓區,540301,國立中山大學附屬國光高中,6,6,6,87,92,95,84,87,90,535,83,90,-,-,-,-
50,高雄市,楠梓區,543501,市立楠梓國中,20,19,19,266,291,284,262,309,255,1667,253,255,42,101,3,10
50,高雄市,楠梓區,543502,市立右昌國中,12,12,12,168,160,152,159,183,139,961,211,167,39,58,-,12
50,高雄市,楠梓區,543503,市立後勁國中,7,5,7,84,69,67,59,73,76,428,81,75,11,44,4,5
50,高雄市,楠梓區,543504,市立國昌國中,18,19,19,293,292,295,249,289,290,1708,250,244,40,97,2,13
50,高雄市,楠梓區,543505,市立翠屏國中(小),4,4,4,49,29,34,42,43,38,235,43,52,13,23,4,6
50,高雄市,三民區,551301,私立立志高中附設國中部,6,6,5,126,104,107,80,105,67,589,83,72,-,-,-,-
50,高雄市,旗山區,551303,私立南海月光實驗教育學校國中部,1,1,1,-,7,-,2,-,1,10,-,15,-,-,-,-
50,高雄市,三民區,553501,市立鼎金國中,8,9,8,86,87,93,122,103,96,587,107,115,18,53,1,7
50,高雄市,三民區,553502,市立三民國中,12,11,14,141,178,130,142,167,182,940,190,202,28,73,4,7
50,高雄市,三民區,553503,市立民族國中,8,9,9,93,60,93,87,109,92,534,104,86,16,61,4,5
50,高雄市,三民區,553504,市立陽明國中,31,31,30,479,410,498,450,428,432,2697,534,441,56,160,4,15
50,高雄市,三民區,553505,市立正興國中,17,17,19,244,229,262,213,270,225,1443,288,251,38,96,1,13
50,高雄市,新興區,563301,市立新興高中附設國中部,6,7,8,74,76,89,91,74,101,505,88,101,-,-,-,-
50,高雄市,前金區,573501,市立前金國中,8,6,7,92,60,77,50,85,54,418,85,59,20,41,3,5
50,高雄市,苓雅區,580301,國立高師附中附設國中部,4,4,4,66,49,54,63,59,58,349,59,55,-,-,-,-
50,高雄市,苓雅區,581301,私立復華高中附設國中部,5,5,4,119,81,125,73,103,55,556,91,66,-,-,-,-
50,高雄市,苓雅區,581302,私立道明中學附設國中部,11,12,10,226,198,208,209,199,175,1215,188,184,-,-,-,-
50,高雄市,苓雅區,583301,市立中正高中附設國中部,8,7,8,95,94,100,77,100,114,580,100,97,-,-,-,-
50,高雄市,苓雅區,583501,市立苓雅國中,7,7,7,87,93,82,94,81,104,541,76,90,13,42,2,8
50,高雄市,苓雅區,583502,市立五福國中,28,28,28,478,413,408,406,412,377,2494,409,416,42,156,1,16
50,高雄市,苓雅區,583503,市立大仁國中,6,5,6,49,43,57,41,65,36,291,64,51,13,37,2,8
50,高雄市,苓雅區,583505,市立英明國中,8,7,8,107,80,88,66,107,86,534,106,74,16,47,3,7
50,高雄市,前鎮區,593302,市立瑞祥高中附設國中部,16,16,16,207,232,237,210,223,222,1331,241,233,-,-,-,-
50,高雄市,前鎮區,593501,市立獅甲國中,4,4,6,47,55,49,46,49,62,308,65,62,15,26,2,6
50,高雄市,前鎮區,593502,市立前鎮國中,7,7,7,86,92,95,82,95,90,540,90,94,18,42,1,9
50,高雄市,前鎮區,593503,市立瑞豐國中,4,5,4,52,39,56,54,58,49,308,57,58,9,29,2,6
50,高雄市,前鎮區,593504,市立光華國中,11,12,11,161,148,170,161,156,132,928,136,155,22,76,3,9
50,高雄市,前鎮區,593505,市立興仁國中,1,2,3,12,7,16,12,20,19,86,30,19,7,14,-,7
50,高雄市,旗津區,603501,市立旗津國中,3,4,5,47,34,61,45,65,47,299,58,55,15,23,1,7
50,高雄市,小港區,610405,國立高雄餐旅大學附屬餐旅高中附設國中部,3,3,3,39,51,40,50,28,62,270,30,58,-,-,-,-
50,高雄市,小港區,613501,市立小港國中,14,12,13,204,176,187,156,181,154,1058,192,168,27,73,4,5
50,高雄市,小港區,613502,市立鳳林國中,3,4,4,33,24,26,36,38,40,197,28,43,11,20,1,6
50,高雄市,小港區,613503,市立中山國中,17,17,19,250,236,260,241,293,266,1546,262,260,45,89,6,8
50,高雄市,小港區,613504,市立明義國中,12,12,12,163,141,173,155,157,143,932,150,139,25,68,3,9
71,金門縣,金城鎮,714501,縣立金城國中,11,11,10,153,126,161,123,135,146,844,140,157,42,47,7,7
71,金門縣,金湖鎮,714502,縣立金湖國中,6,6,7,77,68,84,65,80,71,445,65,69,23,34,7,3
71,金門縣,金寧鄉,714503,縣立金寧國中(小),4,3,3,53,33,46,28,33,35,228,31,29,16,15,2,8
71,金門縣,金沙鎮,714504,縣立金沙國中,4,4,4,46,34,43,41,45,32,241,39,39,15,22,2,5
71,金門縣,烈嶼鄉,714505,縣立烈嶼國中,2,2,2,12,14,21,22,11,16,96,13,23,11,12,2,4
72,連江縣,南竿鄉,724501,縣立介壽國中(小),2,2,2,18,14,14,15,25,16,102,14,24,9,10,4,4
72,連江縣,南竿鄉,724502,縣立中正國中(小),1,1,1,11,10,8,17,9,8,63,7,4,9,5,3,3
72,連江縣,北竿鄉,724503,縣立中山國中,1,1,1,4,10,8,5,11,6,44,8,5,4,11,3,2
72,連江縣,莒光鄉,724504,縣立敬恆國中(小),1,1,1,1,1,5,3,2,7,19,2,-,5,5,2,3
72,連江縣,東引鄉,724505,縣立東引國中(小),1,1,1,4,3,7,5,7,3,29,2,1,7,5,1,4
